TemplateId,Stage,UpgradeName,Price,CurrentValue,NextValue,OriginalTemplateId,NextTempalteId,StatType
101000001,1,VentilationLevel1,100,1000,1010,101000001,101000002,CoalTime
101000002,1,VentilationLevel2,200,1010,1020,101000001,101000003,CoalTime
101000003,1,VentilationLevel3,300,1020,1030,101000001,101000004,CoalTime
101000004,1,VentilationLevel4,400,1030,1040,101000001,101000005,CoalTime
101000005,1,VentilationLevel5,500,1040,1050,101000001,101000006,CoalTime
101000006,1,VentilationLevel6,600,1050,1060,101000001,101000007,CoalTime
101000007,1,VentilationLevel7,700,1060,1070,101000001,101000008,CoalTime
101000008,1,VentilationLevel8,800,1070,1080,101000001,101000009,CoalTime
101000009,1,VentilationLevel9,900,1080,1090,101000001,101000010,CoalTime
101000010,1,VentilationLevel10,1000,1090,1100,101000001,101000011,CoalTime
101000011,1,VentilationLevel11,1300,1100,1110,101000001,101000012,CoalTime
101000012,1,VentilationLevel12,1600,1110,1120,101000001,101000013,CoalTime
101000013,1,VentilationLevel13,1900,1120,1130,101000001,101000014,CoalTime
101000014,1,VentilationLevel14,2200,1130,1140,101000001,101000015,CoalTime
101000015,1,VentilationLevel15,2500,1140,1150,101000001,101000016,CoalTime
101000016,1,VentilationLevel16,2800,1150,1160,101000001,101000017,CoalTime
101000017,1,VentilationLevel17,3100,1160,1170,101000001,101000018,CoalTime
101000018,1,VentilationLevel18,3400,1170,1180,101000001,101000019,CoalTime
101000019,1,VentilationLevel19,3700,1180,1190,101000001,101000020,CoalTime
101000020,1,VentilationLevel20,4000,1190,1200,101000001,101000021,CoalTime
101000021,1,VentilationLevel21,4500,1200,1210,101000001,101000022,CoalTime
101000022,1,VentilationLevel22,5000,1210,1220,101000001,101000023,CoalTime
101000023,1,VentilationLevel23,5500,1220,1230,101000001,101000024,CoalTime
101000024,1,VentilationLevel24,6000,1230,1240,101000001,101000025,CoalTime
101000025,1,VentilationLevel25,6500,1240,1250,101000001,101000026,CoalTime
101000026,1,VentilationLevel26,7000,1250,1260,101000001,101000027,CoalTime
101000027,1,VentilationLevel27,7500,1260,1270,101000001,101000028,CoalTime
101000028,1,VentilationLevel28,8000,1270,1280,101000001,101000029,CoalTime
101000029,1,VentilationLevel29,8500,1280,1290,101000001,101000030,CoalTime
101000030,1,VentilationLevel30,9000,1290,1300,101000001,101000031,CoalTime
101000031,1,VentilationLevel31,9700,1300,1310,101000001,101000032,CoalTime
101000032,1,VentilationLevel32,10400,1310,1320,101000001,101000033,CoalTime
101000033,1,VentilationLevel33,11100,1320,1330,101000001,101000034,CoalTime
101000034,1,VentilationLevel34,11800,1330,1340,101000001,101000035,CoalTime
101000035,1,VentilationLevel35,12500,1340,1350,101000001,101000036,CoalTime
101000036,1,VentilationLevel36,13200,1350,1360,101000001,101000037,CoalTime
101000037,1,VentilationLevel37,13900,1360,1370,101000001,101000038,CoalTime
101000038,1,VentilationLevel38,14600,1370,1380,101000001,101000039,CoalTime
101000039,1,VentilationLevel39,15300,1380,1390,101000001,101000040,CoalTime
101000040,1,VentilationLevel40,16000,1390,1400,101000001,101000041,CoalTime
101000041,1,VentilationLevel41,16900,1400,1410,101000001,101000042,CoalTime
101000042,1,VentilationLevel42,17800,1410,1420,101000001,101000043,CoalTime
101000043,1,VentilationLevel43,18700,1420,1430,101000001,101000044,CoalTime
101000044,1,VentilationLevel44,19600,1430,1440,101000001,101000045,CoalTime
101000045,1,VentilationLevel45,20500,1440,1450,101000001,101000046,CoalTime
101000046,1,VentilationLevel46,21400,1450,1460,101000001,101000047,CoalTime
101000047,1,VentilationLevel47,22300,1460,1470,101000001,101000048,CoalTime
101000048,1,VentilationLevel48,23200,1470,1480,101000001,101000049,CoalTime
101000049,1,VentilationLevel49,24100,1480,1490,101000001,101000050,CoalTime
101000050,1,VentilationLevel50,25000,1490,1500,101000001,101000051,CoalTime
101000051,1,VentilationLevel51,26100,1500,1510,101000001,101000052,CoalTime
101000052,1,VentilationLevel52,27200,1510,1520,101000001,101000053,CoalTime
101000053,1,VentilationLevel53,28300,1520,1530,101000001,101000054,CoalTime
101000054,1,VentilationLevel54,29400,1530,1540,101000001,101000055,CoalTime
101000055,1,VentilationLevel55,30500,1540,1550,101000001,101000056,CoalTime
101000056,1,VentilationLevel56,31600,1550,1560,101000001,101000057,CoalTime
101000057,1,VentilationLevel57,32700,1560,1570,101000001,101000058,CoalTime
101000058,1,VentilationLevel58,33800,1570,1580,101000001,101000059,CoalTime
101000059,1,VentilationLevel59,34900,1580,1590,101000001,101000060,CoalTime
101000060,1,VentilationLevel60,36000,1590,1600,101000001,101000061,CoalTime
101000061,1,VentilationLevel61,37300,1600,1610,101000001,101000062,CoalTime
101000062,1,VentilationLevel62,38600,1610,1620,101000001,101000063,CoalTime
101000063,1,VentilationLevel63,39900,1620,1630,101000001,101000064,CoalTime
101000064,1,VentilationLevel64,41200,1630,1640,101000001,101000065,CoalTime
101000065,1,VentilationLevel65,42500,1640,1650,101000001,101000066,CoalTime
101000066,1,VentilationLevel66,43800,1650,1660,101000001,101000067,CoalTime
101000067,1,VentilationLevel67,45100,1660,1670,101000001,101000068,CoalTime
101000068,1,VentilationLevel68,46400,1670,1680,101000001,101000069,CoalTime
101000069,1,VentilationLevel69,47700,1680,1690,101000001,101000070,CoalTime
101000070,1,VentilationLevel70,49000,1690,1700,101000001,101000071,CoalTime
101000071,1,VentilationLevel71,50500,1700,1710,101000001,101000072,CoalTime
101000072,1,VentilationLevel72,52000,1710,1720,101000001,101000073,CoalTime
101000073,1,VentilationLevel73,53500,1720,1730,101000001,101000074,CoalTime
101000074,1,VentilationLevel74,55000,1730,1740,101000001,101000075,CoalTime
101000075,1,VentilationLevel75,56500,1740,1750,101000001,101000076,CoalTime
101000076,1,VentilationLevel76,58000,1750,1760,101000001,101000077,CoalTime
101000077,1,VentilationLevel77,59500,1760,1770,101000001,101000078,CoalTime
101000078,1,VentilationLevel78,61000,1770,1780,101000001,101000079,CoalTime
101000079,1,VentilationLevel79,62500,1780,1790,101000001,101000080,CoalTime
101000080,1,VentilationLevel80,64000,1790,1800,101000001,101000081,CoalTime
101000081,1,VentilationLevel81,65700,1800,1810,101000001,101000082,CoalTime
101000082,1,VentilationLevel82,67400,1810,1820,101000001,101000083,CoalTime
101000083,1,VentilationLevel83,69100,1820,1830,101000001,101000084,CoalTime
101000084,1,VentilationLevel84,70800,1830,1840,101000001,101000085,CoalTime
101000085,1,VentilationLevel85,72500,1840,1850,101000001,101000086,CoalTime
101000086,1,VentilationLevel86,74200,1850,1860,101000001,101000087,CoalTime
101000087,1,VentilationLevel87,75900,1860,1870,101000001,101000088,CoalTime
101000088,1,VentilationLevel88,77600,1870,1880,101000001,101000089,CoalTime
101000089,1,VentilationLevel89,79300,1880,1890,101000001,101000090,CoalTime
101000090,1,VentilationLevel90,81000,1890,1900,101000001,101000091,CoalTime
101000091,1,VentilationLevel91,82900,1900,1910,101000001,101000092,CoalTime
101000092,1,VentilationLevel92,84800,1910,1920,101000001,101000093,CoalTime
101000093,1,VentilationLevel93,86700,1920,1930,101000001,101000094,CoalTime
101000094,1,VentilationLevel94,88600,1930,1940,101000001,101000095,CoalTime
101000095,1,VentilationLevel95,90500,1940,1950,101000001,101000096,CoalTime
101000096,1,VentilationLevel96,92400,1950,1960,101000001,101000097,CoalTime
101000097,1,VentilationLevel97,94300,1960,1970,101000001,101000098,CoalTime
101000098,1,VentilationLevel98,96200,1970,1980,101000001,101000099,CoalTime
101000099,1,VentilationLevel99,98100,1980,1990,101000001,101000100,CoalTime
101000100,1,VentilationLevel100,100000,1990,2000,101000001,101000101,CoalTime
101000101,1,VentilationLevel101,106900,2000,2050,101000001,101000102,CoalTime
101000102,1,VentilationLevel102,113800,2050,2100,101000001,101000103,CoalTime
101000103,1,VentilationLevel103,120700,2100,2150,101000001,101000104,CoalTime
101000104,1,VentilationLevel104,127600,2150,2200,101000001,101000105,CoalTime
101000105,1,VentilationLevel105,134500,2200,2250,101000001,101000106,CoalTime
101000106,1,VentilationLevel106,141400,2250,2300,101000001,101000107,CoalTime
101000107,1,VentilationLevel107,148300,2300,2350,101000001,101000108,CoalTime
101000108,1,VentilationLevel108,155200,2350,2400,101000001,101000109,CoalTime
101000109,1,VentilationLevel109,162100,2400,2450,101000001,101000110,CoalTime
101000110,1,VentilationLevel110,169000,2450,2500,101000001,101000111,CoalTime
101000111,1,VentilationLevel111,180900,2500,2550,101000001,101000112,CoalTime
101000112,1,VentilationLevel112,192800,2550,2600,101000001,101000113,CoalTime
101000113,1,VentilationLevel113,204700,2600,2650,101000001,101000114,CoalTime
101000114,1,VentilationLevel114,216600,2650,2700,101000001,101000115,CoalTime
101000115,1,VentilationLevel115,228500,2700,2750,101000001,101000116,CoalTime
101000116,1,VentilationLevel116,240400,2750,2800,101000001,101000117,CoalTime
101000117,1,VentilationLevel117,252300,2800,2850,101000001,101000118,CoalTime
101000118,1,VentilationLevel118,264200,2850,2900,101000001,101000119,CoalTime
101000119,1,VentilationLevel119,276100,2900,2950,101000001,101000120,CoalTime
101000120,1,VentilationLevel120,288000,2950,3000,101000001,101000121,CoalTime
101000121,1,VentilationLevel121,304900,3000,3050,101000001,101000122,CoalTime
101000122,1,VentilationLevel122,321800,3050,3100,101000001,101000123,CoalTime
101000123,1,VentilationLevel123,338700,3100,3150,101000001,101000124,CoalTime
101000124,1,VentilationLevel124,355600,3150,3200,101000001,101000125,CoalTime
101000125,1,VentilationLevel125,372500,3200,3250,101000001,101000126,CoalTime
101000126,1,VentilationLevel126,389400,3250,3300,101000001,101000127,CoalTime
101000127,1,VentilationLevel127,406300,3300,3350,101000001,101000128,CoalTime
101000128,1,VentilationLevel128,423200,3350,3400,101000001,101000129,CoalTime
101000129,1,VentilationLevel129,440100,3400,3450,101000001,101000130,CoalTime
101000130,1,VentilationLevel130,457000,3450,3500,101000001,101000131,CoalTime
101000131,1,VentilationLevel131,478900,3500,3550,101000001,101000132,CoalTime
101000132,1,VentilationLevel132,500800,3550,3600,101000001,101000133,CoalTime
101000133,1,VentilationLevel133,522700,3600,3650,101000001,101000134,CoalTime
101000134,1,VentilationLevel134,544600,3650,3700,101000001,101000135,CoalTime
101000135,1,VentilationLevel135,566500,3700,3750,101000001,101000136,CoalTime
101000136,1,VentilationLevel136,588400,3750,3800,101000001,101000137,CoalTime
101000137,1,VentilationLevel137,610300,3800,3850,101000001,101000138,CoalTime
101000138,1,VentilationLevel138,632200,3850,3900,101000001,101000139,CoalTime
101000139,1,VentilationLevel139,654100,3900,3950,101000001,101000140,CoalTime
101000140,1,VentilationLevel140,676000,3950,4000,101000001,101000141,CoalTime
101000141,1,VentilationLevel141,702900,4000,4050,101000001,101000142,CoalTime
101000142,1,VentilationLevel142,729800,4050,4100,101000001,101000143,CoalTime
101000143,1,VentilationLevel143,756700,4100,4150,101000001,101000144,CoalTime
101000144,1,VentilationLevel144,783600,4150,4200,101000001,101000145,CoalTime
101000145,1,VentilationLevel145,810500,4200,4250,101000001,101000146,CoalTime
101000146,1,VentilationLevel146,837400,4250,4300,101000001,101000147,CoalTime
101000147,1,VentilationLevel147,864300,4300,4350,101000001,101000148,CoalTime
101000148,1,VentilationLevel148,891200,4350,4400,101000001,101000149,CoalTime
101000149,1,VentilationLevel149,918100,4400,4450,101000001,101000150,CoalTime
101000150,1,VentilationLevel150,945000,4450,4500,101000001,101000151,CoalTime
101000151,1,VentilationLevel151,976900,4500,4550,101000001,101000152,CoalTime
101000152,1,VentilationLevel152,1008800,4550,4600,101000001,101000153,CoalTime
101000153,1,VentilationLevel153,1040700,4600,4650,101000001,101000154,CoalTime
101000154,1,VentilationLevel154,1072600,4650,4700,101000001,101000155,CoalTime
101000155,1,VentilationLevel155,1104500,4700,4750,101000001,101000156,CoalTime
101000156,1,VentilationLevel156,1136400,4750,4800,101000001,101000157,CoalTime
101000157,1,VentilationLevel157,1168300,4800,4850,101000001,101000158,CoalTime
101000158,1,VentilationLevel158,1200200,4850,4900,101000001,101000159,CoalTime
101000159,1,VentilationLevel159,1232100,4900,4950,101000001,101000160,CoalTime
101000160,1,VentilationLevel160,1264000,4950,5000,101000001,101000161,CoalTime
101000161,1,VentilationLevel161,1300900,5000,5050,101000001,101000162,CoalTime
101000162,1,VentilationLevel162,1337800,5050,5100,101000001,101000163,CoalTime
101000163,1,VentilationLevel163,1374700,5100,5150,101000001,101000164,CoalTime
101000164,1,VentilationLevel164,1411600,5150,5200,101000001,101000165,CoalTime
101000165,1,VentilationLevel165,1448500,5200,5250,101000001,101000166,CoalTime
101000166,1,VentilationLevel166,1485400,5250,5300,101000001,101000167,CoalTime
101000167,1,VentilationLevel167,1522300,5300,5350,101000001,101000168,CoalTime
101000168,1,VentilationLevel168,1559200,5350,5400,101000001,101000169,CoalTime
101000169,1,VentilationLevel169,1596100,5400,5450,101000001,101000170,CoalTime
101000170,1,VentilationLevel170,1633000,5450,5500,101000001,101000171,CoalTime
101000171,1,VentilationLevel171,1674900,5500,5550,101000001,101000172,CoalTime
101000172,1,VentilationLevel172,1716800,5550,5600,101000001,101000173,CoalTime
101000173,1,VentilationLevel173,1758700,5600,5650,101000001,101000174,CoalTime
101000174,1,VentilationLevel174,1800600,5650,5700,101000001,101000175,CoalTime
101000175,1,VentilationLevel175,1842500,5700,5750,101000001,101000176,CoalTime
101000176,1,VentilationLevel176,1884400,5750,5800,101000001,101000177,CoalTime
101000177,1,VentilationLevel177,1926300,5800,5850,101000001,101000178,CoalTime
101000178,1,VentilationLevel178,1968200,5850,5900,101000001,101000179,CoalTime
101000179,1,VentilationLevel179,2010100,5900,5950,101000001,101000180,CoalTime
101000180,1,VentilationLevel180,2052000,5950,6000,101000001,101000181,CoalTime
101000181,1,VentilationLevel181,2098900,6000,6050,101000001,101000182,CoalTime
101000182,1,VentilationLevel182,2145800,6050,6100,101000001,101000183,CoalTime
101000183,1,VentilationLevel183,2192700,6100,6150,101000001,101000184,CoalTime
101000184,1,VentilationLevel184,2239600,6150,6200,101000001,101000185,CoalTime
101000185,1,VentilationLevel185,2286500,6200,6250,101000001,101000186,CoalTime
101000186,1,VentilationLevel186,2333400,6250,6300,101000001,101000187,CoalTime
101000187,1,VentilationLevel187,2380300,6300,6350,101000001,101000188,CoalTime
101000188,1,VentilationLevel188,2427200,6350,6400,101000001,101000189,CoalTime
101000189,1,VentilationLevel189,2474100,6400,6450,101000001,101000190,CoalTime
101000190,1,VentilationLevel190,2521000,6450,6500,101000001,101000191,CoalTime
101000191,1,VentilationLevel191,2572900,6500,6550,101000001,101000192,CoalTime
101000192,1,VentilationLevel192,2624800,6550,6600,101000001,101000193,CoalTime
101000193,1,VentilationLevel193,2676700,6600,6650,101000001,101000194,CoalTime
101000194,1,VentilationLevel194,2728600,6650,6700,101000001,101000195,CoalTime
101000195,1,VentilationLevel195,2780500,6700,6750,101000001,101000196,CoalTime
101000196,1,VentilationLevel196,2832400,6750,6800,101000001,101000197,CoalTime
101000197,1,VentilationLevel197,2884300,6800,6850,101000001,101000198,CoalTime
101000198,1,VentilationLevel198,2936200,6850,6900,101000001,101000199,CoalTime
101000199,1,VentilationLevel199,2988100,6900,6950,101000001,101000200,CoalTime
101000200,1,VentilationLevel200,3040000,6950,7000,101000001,101000201,CoalTime
101000201,1,VentilationLevel201,3096900,7000,7050,101000001,101000202,CoalTime
101000202,1,VentilationLevel202,3153800,7050,7100,101000001,101000203,CoalTime
101000203,1,VentilationLevel203,3210700,7100,7150,101000001,101000204,CoalTime
101000204,1,VentilationLevel204,3267600,7150,7200,101000001,101000205,CoalTime
101000205,1,VentilationLevel205,3324500,7200,7250,101000001,101000206,CoalTime
101000206,1,VentilationLevel206,3381400,7250,7300,101000001,101000207,CoalTime
101000207,1,VentilationLevel207,3438300,7300,7350,101000001,101000208,CoalTime
101000208,1,VentilationLevel208,3495200,7350,7400,101000001,101000209,CoalTime
101000209,1,VentilationLevel209,3552100,7400,7450,101000001,101000210,CoalTime
101000210,1,VentilationLevel210,3609000,7450,7500,101000001,101000211,CoalTime
101000211,1,VentilationLevel211,3670900,7500,7550,101000001,101000212,CoalTime
101000212,1,VentilationLevel212,3732800,7550,7600,101000001,101000213,CoalTime
101000213,1,VentilationLevel213,3794700,7600,7650,101000001,101000214,CoalTime
101000214,1,VentilationLevel214,3856600,7650,7700,101000001,101000215,CoalTime
101000215,1,VentilationLevel215,3918500,7700,7750,101000001,101000216,CoalTime
101000216,1,VentilationLevel216,3980400,7750,7800,101000001,101000217,CoalTime
101000217,1,VentilationLevel217,4042300,7800,7850,101000001,101000218,CoalTime
101000218,1,VentilationLevel218,4104200,7850,7900,101000001,101000219,CoalTime
101000219,1,VentilationLevel219,4166100,7900,7950,101000001,101000220,CoalTime
101000220,1,VentilationLevel220,4228000,7950,8000,101000001,101000221,CoalTime
101000221,1,VentilationLevel221,4294900,8000,8050,101000001,101000222,CoalTime
101000222,1,VentilationLevel222,4361800,8050,8100,101000001,101000223,CoalTime
101000223,1,VentilationLevel223,4428700,8100,8150,101000001,101000224,CoalTime
101000224,1,VentilationLevel224,4495600,8150,8200,101000001,101000225,CoalTime
101000225,1,VentilationLevel225,4562500,8200,8250,101000001,101000226,CoalTime
101000226,1,VentilationLevel226,4629400,8250,8300,101000001,101000227,CoalTime
101000227,1,VentilationLevel227,4696300,8300,8350,101000001,101000228,CoalTime
101000228,1,VentilationLevel228,4763200,8350,8400,101000001,101000229,CoalTime
101000229,1,VentilationLevel229,4830100,8400,8450,101000001,101000230,CoalTime
101000230,1,VentilationLevel230,4897000,8450,8500,101000001,101000231,CoalTime
101000231,1,VentilationLevel231,4968900,8500,8550,101000001,101000232,CoalTime
101000232,1,VentilationLevel232,5040800,8550,8600,101000001,101000233,CoalTime
101000233,1,VentilationLevel233,5112700,8600,8650,101000001,101000234,CoalTime
101000234,1,VentilationLevel234,5184600,8650,8700,101000001,101000235,CoalTime
101000235,1,VentilationLevel235,5256500,8700,8750,101000001,101000236,CoalTime
101000236,1,VentilationLevel236,5328400,8750,8800,101000001,101000237,CoalTime
101000237,1,VentilationLevel237,5400300,8800,8850,101000001,101000238,CoalTime
101000238,1,VentilationLevel238,5472200,8850,8900,101000001,101000239,CoalTime
101000239,1,VentilationLevel239,5544100,8900,8950,101000001,101000240,CoalTime
101000240,1,VentilationLevel240,5616000,8950,9000,101000001,101000241,CoalTime
101000241,1,VentilationLevel241,5692900,9000,9050,101000001,101000242,CoalTime
101000242,1,VentilationLevel242,5769800,9050,9100,101000001,101000243,CoalTime
101000243,1,VentilationLevel243,5846700,9100,9150,101000001,101000244,CoalTime
101000244,1,VentilationLevel244,5923600,9150,9200,101000001,101000245,CoalTime
101000245,1,VentilationLevel245,6000500,9200,9250,101000001,101000246,CoalTime
101000246,1,VentilationLevel246,6077400,9250,9300,101000001,101000247,CoalTime
101000247,1,VentilationLevel247,6154300,9300,9350,101000001,101000248,CoalTime
101000248,1,VentilationLevel248,6231200,9350,9400,101000001,101000249,CoalTime
101000249,1,VentilationLevel249,6308100,9400,9450,101000001,101000250,CoalTime
101000250,1,VentilationLevel250,6385000,9450,9500,101000001,101000251,CoalTime
101000251,1,VentilationLevel251,6466900,9500,9550,101000001,101000252,CoalTime
101000252,1,VentilationLevel252,6548800,9550,9600,101000001,101000253,CoalTime
101000253,1,VentilationLevel253,6630700,9600,9650,101000001,101000254,CoalTime
101000254,1,VentilationLevel254,6712600,9650,9700,101000001,101000255,CoalTime
101000255,1,VentilationLevel255,6794500,9700,9750,101000001,101000256,CoalTime
101000256,1,VentilationLevel256,6876400,9750,9800,101000001,101000257,CoalTime
101000257,1,VentilationLevel257,6958300,9800,9850,101000001,101000258,CoalTime
101000258,1,VentilationLevel258,7040200,9850,9900,101000001,101000259,CoalTime
101000259,1,VentilationLevel259,7122100,9900,9950,101000001,101000260,CoalTime
101000260,1,VentilationLevel260,7204000,9950,10000,101000001,101000261,CoalTime
101000261,1,VentilationLevel261,7290900,10000,10050,101000001,101000262,CoalTime
101000262,1,VentilationLevel262,7377800,10050,10100,101000001,101000263,CoalTime
101000263,1,VentilationLevel263,7464700,10100,10150,101000001,101000264,CoalTime
101000264,1,VentilationLevel264,7551600,10150,10200,101000001,101000265,CoalTime
101000265,1,VentilationLevel265,7638500,10200,10250,101000001,101000266,CoalTime
101000266,1,VentilationLevel266,7725400,10250,10300,101000001,101000267,CoalTime
101000267,1,VentilationLevel267,7812300,10300,10350,101000001,101000268,CoalTime
101000268,1,VentilationLevel268,7899200,10350,10400,101000001,101000269,CoalTime
101000269,1,VentilationLevel269,7986100,10400,10450,101000001,101000270,CoalTime
101000270,1,VentilationLevel270,8073000,10450,10500,101000001,101000271,CoalTime
101000271,1,VentilationLevel271,8164900,10500,10550,101000001,101000272,CoalTime
101000272,1,VentilationLevel272,8256800,10550,10600,101000001,101000273,CoalTime
101000273,1,VentilationLevel273,8348700,10600,10650,101000001,101000274,CoalTime
101000274,1,VentilationLevel274,8440600,10650,10700,101000001,101000275,CoalTime
101000275,1,VentilationLevel275,8532500,10700,10750,101000001,101000276,CoalTime
101000276,1,VentilationLevel276,8624400,10750,10800,101000001,101000277,CoalTime
101000277,1,VentilationLevel277,8716300,10800,10850,101000001,101000278,CoalTime
101000278,1,VentilationLevel278,8808200,10850,10900,101000001,101000279,CoalTime
101000279,1,VentilationLevel279,8900100,10900,10950,101000001,101000280,CoalTime
101000280,1,VentilationLevel280,8992000,10950,11000,101000001,101000281,CoalTime
101000281,1,VentilationLevel281,9088900,11000,11050,101000001,101000282,CoalTime
101000282,1,VentilationLevel282,9185800,11050,11100,101000001,101000283,CoalTime
101000283,1,VentilationLevel283,9282700,11100,11150,101000001,101000284,CoalTime
101000284,1,VentilationLevel284,9379600,11150,11200,101000001,101000285,CoalTime
101000285,1,VentilationLevel285,9476500,11200,11250,101000001,101000286,CoalTime
101000286,1,VentilationLevel286,9573400,11250,11300,101000001,101000287,CoalTime
101000287,1,VentilationLevel287,9670300,11300,11350,101000001,101000288,CoalTime
101000288,1,VentilationLevel288,9767200,11350,11400,101000001,101000289,CoalTime
101000289,1,VentilationLevel289,9864100,11400,11450,101000001,101000290,CoalTime
101000290,1,VentilationLevel290,9961000,11450,11500,101000001,101000291,CoalTime
101000291,1,VentilationLevel291,10062900,11500,11550,101000001,101000292,CoalTime
101000292,1,VentilationLevel292,10164800,11550,11600,101000001,101000293,CoalTime
101000293,1,VentilationLevel293,10266700,11600,11650,101000001,101000294,CoalTime
101000294,1,VentilationLevel294,10368600,11650,11700,101000001,101000295,CoalTime
101000295,1,VentilationLevel295,10470500,11700,11750,101000001,101000296,CoalTime
101000296,1,VentilationLevel296,10572400,11750,11800,101000001,101000297,CoalTime
101000297,1,VentilationLevel297,10674300,11800,11850,101000001,101000298,CoalTime
101000298,1,VentilationLevel298,10776200,11850,11900,101000001,101000299,CoalTime
101000299,1,VentilationLevel299,10878100,11900,11950,101000001,101000300,CoalTime
101000300,1,VentilationLevel300,10980000,11950,12000,101000001,101000301,CoalTime
101000301,1,VentilationLevel301,11101900,12000,12050,101000001,101000302,CoalTime
101000302,1,VentilationLevel302,11223800,12050,12100,101000001,101000303,CoalTime
101000303,1,VentilationLevel303,11345700,12100,12150,101000001,101000304,CoalTime
101000304,1,VentilationLevel304,11467600,12150,12200,101000001,101000305,CoalTime
101000305,1,VentilationLevel305,11589500,12200,12250,101000001,101000306,CoalTime
101000306,1,VentilationLevel306,11711400,12250,12300,101000001,101000307,CoalTime
101000307,1,VentilationLevel307,11833300,12300,12350,101000001,101000308,CoalTime
101000308,1,VentilationLevel308,11955200,12350,12400,101000001,101000309,CoalTime
101000309,1,VentilationLevel309,12077100,12400,12450,101000001,101000310,CoalTime
101000310,1,VentilationLevel310,12199000,12450,12500,101000001,101000311,CoalTime
101000311,1,VentilationLevel311,12340900,12500,12550,101000001,101000312,CoalTime
101000312,1,VentilationLevel312,12482800,12550,12600,101000001,101000313,CoalTime
101000313,1,VentilationLevel313,12624700,12600,12650,101000001,101000314,CoalTime
101000314,1,VentilationLevel314,12766600,12650,12700,101000001,101000315,CoalTime
101000315,1,VentilationLevel315,12908500,12700,12750,101000001,101000316,CoalTime
101000316,1,VentilationLevel316,13050400,12750,12800,101000001,101000317,CoalTime
101000317,1,VentilationLevel317,13192300,12800,12850,101000001,101000318,CoalTime
101000318,1,VentilationLevel318,13334200,12850,12900,101000001,101000319,CoalTime
101000319,1,VentilationLevel319,13476100,12900,12950,101000001,101000320,CoalTime
101000320,1,VentilationLevel320,13618000,12950,13000,101000001,101000321,CoalTime
101000321,1,VentilationLevel321,13779900,13000,13050,101000001,101000322,CoalTime
101000322,1,VentilationLevel322,13941800,13050,13100,101000001,101000323,CoalTime
101000323,1,VentilationLevel323,14103700,13100,13150,101000001,101000324,CoalTime
101000324,1,VentilationLevel324,14265600,13150,13200,101000001,101000325,CoalTime
101000325,1,VentilationLevel325,14427500,13200,13250,101000001,101000326,CoalTime
101000326,1,VentilationLevel326,14589400,13250,13300,101000001,101000327,CoalTime
101000327,1,VentilationLevel327,14751300,13300,13350,101000001,101000328,CoalTime
101000328,1,VentilationLevel328,14913200,13350,13400,101000001,101000329,CoalTime
101000329,1,VentilationLevel329,15075100,13400,13450,101000001,101000330,CoalTime
101000330,1,VentilationLevel330,15237000,13450,13500,101000001,101000331,CoalTime
101000331,1,VentilationLevel331,15418900,13500,13550,101000001,101000332,CoalTime
101000332,1,VentilationLevel332,15600800,13550,13600,101000001,101000333,CoalTime
101000333,1,VentilationLevel333,15782700,13600,13650,101000001,101000334,CoalTime
101000334,1,VentilationLevel334,15964600,13650,13700,101000001,101000335,CoalTime
101000335,1,VentilationLevel335,16146500,13700,13750,101000001,101000336,CoalTime
101000336,1,VentilationLevel336,16328400,13750,13800,101000001,101000337,CoalTime
101000337,1,VentilationLevel337,16510300,13800,13850,101000001,101000338,CoalTime
101000338,1,VentilationLevel338,16692200,13850,13900,101000001,101000339,CoalTime
101000339,1,VentilationLevel339,16874100,13900,13950,101000001,101000340,CoalTime
101000340,1,VentilationLevel340,17056000,13950,14000,101000001,101000341,CoalTime
101000341,1,VentilationLevel341,17257900,14000,14050,101000001,101000342,CoalTime
101000342,1,VentilationLevel342,17459800,14050,14100,101000001,101000343,CoalTime
101000343,1,VentilationLevel343,17661700,14100,14150,101000001,101000344,CoalTime
101000344,1,VentilationLevel344,17863600,14150,14200,101000001,101000345,CoalTime
101000345,1,VentilationLevel345,18065500,14200,14250,101000001,101000346,CoalTime
101000346,1,VentilationLevel346,18267400,14250,14300,101000001,101000347,CoalTime
101000347,1,VentilationLevel347,18469300,14300,14350,101000001,101000348,CoalTime
101000348,1,VentilationLevel348,18671200,14350,14400,101000001,101000349,CoalTime
101000349,1,VentilationLevel349,18873100,14400,14450,101000001,101000350,CoalTime
101000350,1,VentilationLevel350,19075000,14450,14500,101000001,101000351,CoalTime
101000351,1,VentilationLevel351,19296900,14500,14550,101000001,101000352,CoalTime
101000352,1,VentilationLevel352,19518800,14550,14600,101000001,101000353,CoalTime
101000353,1,VentilationLevel353,19740700,14600,14650,101000001,101000354,CoalTime
101000354,1,VentilationLevel354,19962600,14650,14700,101000001,101000355,CoalTime
101000355,1,VentilationLevel355,20184500,14700,14750,101000001,101000356,CoalTime
101000356,1,VentilationLevel356,20406400,14750,14800,101000001,101000357,CoalTime
101000357,1,VentilationLevel357,20628300,14800,14850,101000001,101000358,CoalTime
101000358,1,VentilationLevel358,20850200,14850,14900,101000001,101000359,CoalTime
101000359,1,VentilationLevel359,21072100,14900,14950,101000001,101000360,CoalTime
101000360,1,VentilationLevel360,21294000,14950,15000,101000001,101000361,CoalTime
101000361,1,VentilationLevel361,21535900,15000,15050,101000001,101000362,CoalTime
101000362,1,VentilationLevel362,21777800,15050,15100,101000001,101000363,CoalTime
101000363,1,VentilationLevel363,22019700,15100,15150,101000001,101000364,CoalTime
101000364,1,VentilationLevel364,22261600,15150,15200,101000001,101000365,CoalTime
101000365,1,VentilationLevel365,22503500,15200,15250,101000001,101000366,CoalTime
101000366,1,VentilationLevel366,22745400,15250,15300,101000001,101000367,CoalTime
101000367,1,VentilationLevel367,22987300,15300,15350,101000001,101000368,CoalTime
101000368,1,VentilationLevel368,23229200,15350,15400,101000001,101000369,CoalTime
101000369,1,VentilationLevel369,23471100,15400,15450,101000001,101000370,CoalTime
101000370,1,VentilationLevel370,23713000,15450,15500,101000001,101000371,CoalTime
101000371,1,VentilationLevel371,23974900,15500,15550,101000001,101000372,CoalTime
101000372,1,VentilationLevel372,24236800,15550,15600,101000001,101000373,CoalTime
101000373,1,VentilationLevel373,24498700,15600,15650,101000001,101000374,CoalTime
101000374,1,VentilationLevel374,24760600,15650,15700,101000001,101000375,CoalTime
101000375,1,VentilationLevel375,25022500,15700,15750,101000001,101000376,CoalTime
101000376,1,VentilationLevel376,25284400,15750,15800,101000001,101000377,CoalTime
101000377,1,VentilationLevel377,25546300,15800,15850,101000001,101000378,CoalTime
101000378,1,VentilationLevel378,25808200,15850,15900,101000001,101000379,CoalTime
101000379,1,VentilationLevel379,26070100,15900,15950,101000001,101000380,CoalTime
101000380,1,VentilationLevel380,26332000,15950,16000,101000001,101000381,CoalTime
101000381,1,VentilationLevel381,26613900,16000,16050,101000001,101000382,CoalTime
101000382,1,VentilationLevel382,26895800,16050,16100,101000001,101000383,CoalTime
101000383,1,VentilationLevel383,27177700,16100,16150,101000001,101000384,CoalTime
101000384,1,VentilationLevel384,27459600,16150,16200,101000001,101000385,CoalTime
101000385,1,VentilationLevel385,27741500,16200,16250,101000001,101000386,CoalTime
101000386,1,VentilationLevel386,28023400,16250,16300,101000001,101000387,CoalTime
101000387,1,VentilationLevel387,28305300,16300,16350,101000001,101000388,CoalTime
101000388,1,VentilationLevel388,28587200,16350,16400,101000001,101000389,CoalTime
101000389,1,VentilationLevel389,28869100,16400,16450,101000001,101000390,CoalTime
101000390,1,VentilationLevel390,29151000,16450,16500,101000001,101000391,CoalTime
101000391,1,VentilationLevel391,29452900,16500,16550,101000001,101000392,CoalTime
101000392,1,VentilationLevel392,29754800,16550,16600,101000001,101000393,CoalTime
101000393,1,VentilationLevel393,30056700,16600,16650,101000001,101000394,CoalTime
101000394,1,VentilationLevel394,30358600,16650,16700,101000001,101000395,CoalTime
101000395,1,VentilationLevel395,30660500,16700,16750,101000001,101000396,CoalTime
101000396,1,VentilationLevel396,30962400,16750,16800,101000001,101000397,CoalTime
101000397,1,VentilationLevel397,31264300,16800,16850,101000001,101000398,CoalTime
101000398,1,VentilationLevel398,31566200,16850,16900,101000001,101000399,CoalTime
101000399,1,VentilationLevel399,31868100,16900,16950,101000001,101000400,CoalTime
101000400,1,VentilationLevel400,32170000,16950,17000,101000001,101000401,CoalTime
101000401,1,VentilationLevel401,32491900,17000,17050,101000001,101000402,CoalTime
101000402,1,VentilationLevel402,32813800,17050,17100,101000001,101000403,CoalTime
101000403,1,VentilationLevel403,33135700,17100,17150,101000001,101000404,CoalTime
101000404,1,VentilationLevel404,33457600,17150,17200,101000001,101000405,CoalTime
101000405,1,VentilationLevel405,33779500,17200,17250,101000001,101000406,CoalTime
101000406,1,VentilationLevel406,34101400,17250,17300,101000001,101000407,CoalTime
101000407,1,VentilationLevel407,34423300,17300,17350,101000001,101000408,CoalTime
101000408,1,VentilationLevel408,34745200,17350,17400,101000001,101000409,CoalTime
101000409,1,VentilationLevel409,35067100,17400,17450,101000001,101000410,CoalTime
101000410,1,VentilationLevel410,35389000,17450,17500,101000001,101000411,CoalTime
101000411,1,VentilationLevel411,35730900,17500,17550,101000001,101000412,CoalTime
101000412,1,VentilationLevel412,36072800,17550,17600,101000001,101000413,CoalTime
101000413,1,VentilationLevel413,36414700,17600,17650,101000001,101000414,CoalTime
101000414,1,VentilationLevel414,36756600,17650,17700,101000001,101000415,CoalTime
101000415,1,VentilationLevel415,37098500,17700,17750,101000001,101000416,CoalTime
101000416,1,VentilationLevel416,37440400,17750,17800,101000001,101000417,CoalTime
101000417,1,VentilationLevel417,37782300,17800,17850,101000001,101000418,CoalTime
101000418,1,VentilationLevel418,38124200,17850,17900,101000001,101000419,CoalTime
101000419,1,VentilationLevel419,38466100,17900,17950,101000001,101000420,CoalTime
101000420,1,VentilationLevel420,38808000,17950,18000,101000001,101000421,CoalTime
101000421,1,VentilationLevel421,39169900,18000,18050,101000001,101000422,CoalTime
101000422,1,VentilationLevel422,39531800,18050,18100,101000001,101000423,CoalTime
101000423,1,VentilationLevel423,39893700,18100,18150,101000001,101000424,CoalTime
101000424,1,VentilationLevel424,40255600,18150,18200,101000001,101000425,CoalTime
101000425,1,VentilationLevel425,40617500,18200,18250,101000001,101000426,CoalTime
101000426,1,VentilationLevel426,40979400,18250,18300,101000001,101000427,CoalTime
101000427,1,VentilationLevel427,41341300,18300,18350,101000001,101000428,CoalTime
101000428,1,VentilationLevel428,41703200,18350,18400,101000001,101000429,CoalTime
101000429,1,VentilationLevel429,42065100,18400,18450,101000001,101000430,CoalTime
101000430,1,VentilationLevel430,42427000,18450,18500,101000001,101000431,CoalTime
101000431,1,VentilationLevel431,42808900,18500,18550,101000001,101000432,CoalTime
101000432,1,VentilationLevel432,43190800,18550,18600,101000001,101000433,CoalTime
101000433,1,VentilationLevel433,43572700,18600,18650,101000001,101000434,CoalTime
101000434,1,VentilationLevel434,43954600,18650,18700,101000001,101000435,CoalTime
101000435,1,VentilationLevel435,44336500,18700,18750,101000001,101000436,CoalTime
101000436,1,VentilationLevel436,44718400,18750,18800,101000001,101000437,CoalTime
101000437,1,VentilationLevel437,45100300,18800,18850,101000001,101000438,CoalTime
101000438,1,VentilationLevel438,45482200,18850,18900,101000001,101000439,CoalTime
101000439,1,VentilationLevel439,45864100,18900,18950,101000001,101000440,CoalTime
101000440,1,VentilationLevel440,46246000,18950,19000,101000001,101000441,CoalTime
101000441,1,VentilationLevel441,46647900,19000,19050,101000001,101000442,CoalTime
101000442,1,VentilationLevel442,47049800,19050,19100,101000001,101000443,CoalTime
101000443,1,VentilationLevel443,47451700,19100,19150,101000001,101000444,CoalTime
101000444,1,VentilationLevel444,47853600,19150,19200,101000001,101000445,CoalTime
101000445,1,VentilationLevel445,48255500,19200,19250,101000001,101000446,CoalTime
101000446,1,VentilationLevel446,48657400,19250,19300,101000001,101000447,CoalTime
101000447,1,VentilationLevel447,49059300,19300,19350,101000001,101000448,CoalTime
101000448,1,VentilationLevel448,49461200,19350,19400,101000001,101000449,CoalTime
101000449,1,VentilationLevel449,49863100,19400,19450,101000001,101000450,CoalTime
101000450,1,VentilationLevel450,50265000,19450,19500,101000001,101000451,CoalTime
101000451,1,VentilationLevel451,50686900,19500,19550,101000001,101000452,CoalTime
101000452,1,VentilationLevel452,51108800,19550,19600,101000001,101000453,CoalTime
101000453,1,VentilationLevel453,51530700,19600,19650,101000001,101000454,CoalTime
101000454,1,VentilationLevel454,51952600,19650,19700,101000001,101000455,CoalTime
101000455,1,VentilationLevel455,52374500,19700,19750,101000001,101000456,CoalTime
101000456,1,VentilationLevel456,52796400,19750,19800,101000001,101000457,CoalTime
101000457,1,VentilationLevel457,53218300,19800,19850,101000001,101000458,CoalTime
101000458,1,VentilationLevel458,53640200,19850,19900,101000001,101000459,CoalTime
101000459,1,VentilationLevel459,54062100,19900,19950,101000001,101000460,CoalTime
101000460,1,VentilationLevel460,54484000,19950,20000,101000001,101000461,CoalTime
101000461,1,VentilationLevel461,54925900,20000,20050,101000001,101000462,CoalTime
101000462,1,VentilationLevel462,55367800,20050,20100,101000001,101000463,CoalTime
101000463,1,VentilationLevel463,55809700,20100,20150,101000001,101000464,CoalTime
101000464,1,VentilationLevel464,56251600,20150,20200,101000001,101000465,CoalTime
101000465,1,VentilationLevel465,56693500,20200,20250,101000001,101000466,CoalTime
101000466,1,VentilationLevel466,57135400,20250,20300,101000001,101000467,CoalTime
101000467,1,VentilationLevel467,57577300,20300,20350,101000001,101000468,CoalTime
101000468,1,VentilationLevel468,58019200,20350,20400,101000001,101000469,CoalTime
101000469,1,VentilationLevel469,58461100,20400,20450,101000001,101000470,CoalTime
101000470,1,VentilationLevel470,58903000,20450,20500,101000001,101000471,CoalTime
101000471,1,VentilationLevel471,59364900,20500,20550,101000001,101000472,CoalTime
101000472,1,VentilationLevel472,59826800,20550,20600,101000001,101000473,CoalTime
101000473,1,VentilationLevel473,60288700,20600,20650,101000001,101000474,CoalTime
101000474,1,VentilationLevel474,60750600,20650,20700,101000001,101000475,CoalTime
101000475,1,VentilationLevel475,61212500,20700,20750,101000001,101000476,CoalTime
101000476,1,VentilationLevel476,61674400,20750,20800,101000001,101000477,CoalTime
101000477,1,VentilationLevel477,62136300,20800,20850,101000001,101000478,CoalTime
101000478,1,VentilationLevel478,62598200,20850,20900,101000001,101000479,CoalTime
101000479,1,VentilationLevel479,63060100,20900,20950,101000001,101000480,CoalTime
101000480,1,VentilationLevel480,63522000,20950,21000,101000001,101000481,CoalTime
101000481,1,VentilationLevel481,64003900,21000,21050,101000001,101000482,CoalTime
101000482,1,VentilationLevel482,64485800,21050,21100,101000001,101000483,CoalTime
101000483,1,VentilationLevel483,64967700,21100,21150,101000001,101000484,CoalTime
101000484,1,VentilationLevel484,65449600,21150,21200,101000001,101000485,CoalTime
101000485,1,VentilationLevel485,65931500,21200,21250,101000001,101000486,CoalTime
101000486,1,VentilationLevel486,66413400,21250,21300,101000001,101000487,CoalTime
101000487,1,VentilationLevel487,66895300,21300,21350,101000001,101000488,CoalTime
101000488,1,VentilationLevel488,67377200,21350,21400,101000001,101000489,CoalTime
101000489,1,VentilationLevel489,67859100,21400,21450,101000001,101000490,CoalTime
101000490,1,VentilationLevel490,68341000,21450,21500,101000001,101000491,CoalTime
101000491,1,VentilationLevel491,68842900,21500,21550,101000001,101000492,CoalTime
101000492,1,VentilationLevel492,69344800,21550,21600,101000001,101000493,CoalTime
101000493,1,VentilationLevel493,69846700,21600,21650,101000001,101000494,CoalTime
101000494,1,VentilationLevel494,70348600,21650,21700,101000001,101000495,CoalTime
101000495,1,VentilationLevel495,70850500,21700,21750,101000001,101000496,CoalTime
101000496,1,VentilationLevel496,71352400,21750,21800,101000001,101000497,CoalTime
101000497,1,VentilationLevel497,71854300,21800,21850,101000001,101000498,CoalTime
101000498,1,VentilationLevel498,72356200,21850,21900,101000001,101000499,CoalTime
101000499,1,VentilationLevel499,72858100,21900,21950,101000001,101000500,CoalTime
101000500,1,VentilationLevel500,73360000,21950,22000,101000001,101000501,CoalTime
101000501,1,VentilationLevel501,73881900,22000,22100,101000001,101000502,CoalTime
101000502,1,VentilationLevel502,74403800,22100,22200,101000001,101000503,CoalTime
101000503,1,VentilationLevel503,74925700,22200,22300,101000001,101000504,CoalTime
101000504,1,VentilationLevel504,75447600,22300,22400,101000001,101000505,CoalTime
101000505,1,VentilationLevel505,75969500,22400,22500,101000001,101000506,CoalTime
101000506,1,VentilationLevel506,76491400,22500,22600,101000001,101000507,CoalTime
101000507,1,VentilationLevel507,77013300,22600,22700,101000001,101000508,CoalTime
101000508,1,VentilationLevel508,77535200,22700,22800,101000001,101000509,CoalTime
101000509,1,VentilationLevel509,78057100,22800,22900,101000001,101000510,CoalTime
101000510,1,VentilationLevel510,78579000,22900,23000,101000001,101000511,CoalTime
101000511,1,VentilationLevel511,79120900,23000,23100,101000001,101000512,CoalTime
101000512,1,VentilationLevel512,79662800,23100,23200,101000001,101000513,CoalTime
101000513,1,VentilationLevel513,80204700,23200,23300,101000001,101000514,CoalTime
101000514,1,VentilationLevel514,80746600,23300,23400,101000001,101000515,CoalTime
101000515,1,VentilationLevel515,81288500,23400,23500,101000001,101000516,CoalTime
101000516,1,VentilationLevel516,81830400,23500,23600,101000001,101000517,CoalTime
101000517,1,VentilationLevel517,82372300,23600,23700,101000001,101000518,CoalTime
101000518,1,VentilationLevel518,82914200,23700,23800,101000001,101000519,CoalTime
101000519,1,VentilationLevel519,83456100,23800,23900,101000001,101000520,CoalTime
101000520,1,VentilationLevel520,83998000,23900,24000,101000001,101000521,CoalTime
101000521,1,VentilationLevel521,84559900,24000,24100,101000001,101000522,CoalTime
101000522,1,VentilationLevel522,85121800,24100,24200,101000001,101000523,CoalTime
101000523,1,VentilationLevel523,85683700,24200,24300,101000001,101000524,CoalTime
101000524,1,VentilationLevel524,86245600,24300,24400,101000001,101000525,CoalTime
101000525,1,VentilationLevel525,86807500,24400,24500,101000001,101000526,CoalTime
101000526,1,VentilationLevel526,87369400,24500,24600,101000001,101000527,CoalTime
101000527,1,VentilationLevel527,87931300,24600,24700,101000001,101000528,CoalTime
101000528,1,VentilationLevel528,88493200,24700,24800,101000001,101000529,CoalTime
101000529,1,VentilationLevel529,89055100,24800,24900,101000001,101000530,CoalTime
101000530,1,VentilationLevel530,89617000,24900,25000,101000001,101000531,CoalTime
101000531,1,VentilationLevel531,90198900,25000,25100,101000001,101000532,CoalTime
101000532,1,VentilationLevel532,90780800,25100,25200,101000001,101000533,CoalTime
101000533,1,VentilationLevel533,91362700,25200,25300,101000001,101000534,CoalTime
101000534,1,VentilationLevel534,91944600,25300,25400,101000001,101000535,CoalTime
101000535,1,VentilationLevel535,92526500,25400,25500,101000001,101000536,CoalTime
101000536,1,VentilationLevel536,93108400,25500,25600,101000001,101000537,CoalTime
101000537,1,VentilationLevel537,93690300,25600,25700,101000001,101000538,CoalTime
101000538,1,VentilationLevel538,94272200,25700,25800,101000001,101000539,CoalTime
101000539,1,VentilationLevel539,94854100,25800,25900,101000001,101000540,CoalTime
101000540,1,VentilationLevel540,95436000,25900,26000,101000001,101000541,CoalTime
101000541,1,VentilationLevel541,96037900,26000,26100,101000001,101000542,CoalTime
101000542,1,VentilationLevel542,96639800,26100,26200,101000001,101000543,CoalTime
101000543,1,VentilationLevel543,97241700,26200,26300,101000001,101000544,CoalTime
101000544,1,VentilationLevel544,97843600,26300,26400,101000001,101000545,CoalTime
101000545,1,VentilationLevel545,98445500,26400,26500,101000001,101000546,CoalTime
101000546,1,VentilationLevel546,99047400,26500,26600,101000001,101000547,CoalTime
101000547,1,VentilationLevel547,99649300,26600,26700,101000001,101000548,CoalTime
101000548,1,VentilationLevel548,100251200,26700,26800,101000001,101000549,CoalTime
101000549,1,VentilationLevel549,100853100,26800,26900,101000001,101000550,CoalTime
101000550,1,VentilationLevel550,101455000,26900,27000,101000001,101000551,CoalTime
101000551,1,VentilationLevel551,102076900,27000,27100,101000001,101000552,CoalTime
101000552,1,VentilationLevel552,102698800,27100,27200,101000001,101000553,CoalTime
101000553,1,VentilationLevel553,103320700,27200,27300,101000001,101000554,CoalTime
101000554,1,VentilationLevel554,103942600,27300,27400,101000001,101000555,CoalTime
101000555,1,VentilationLevel555,104564500,27400,27500,101000001,101000556,CoalTime
101000556,1,VentilationLevel556,105186400,27500,27600,101000001,101000557,CoalTime
101000557,1,VentilationLevel557,105808300,27600,27700,101000001,101000558,CoalTime
101000558,1,VentilationLevel558,106430200,27700,27800,101000001,101000559,CoalTime
101000559,1,VentilationLevel559,107052100,27800,27900,101000001,101000560,CoalTime
101000560,1,VentilationLevel560,107674000,27900,28000,101000001,101000561,CoalTime
101000561,1,VentilationLevel561,108315900,28000,28100,101000001,101000562,CoalTime
101000562,1,VentilationLevel562,108957800,28100,28200,101000001,101000563,CoalTime
101000563,1,VentilationLevel563,109599700,28200,28300,101000001,101000564,CoalTime
101000564,1,VentilationLevel564,110241600,28300,28400,101000001,101000565,CoalTime
101000565,1,VentilationLevel565,110883500,28400,28500,101000001,101000566,CoalTime
101000566,1,VentilationLevel566,111525400,28500,28600,101000001,101000567,CoalTime
101000567,1,VentilationLevel567,112167300,28600,28700,101000001,101000568,CoalTime
101000568,1,VentilationLevel568,112809200,28700,28800,101000001,101000569,CoalTime
101000569,1,VentilationLevel569,113451100,28800,28900,101000001,101000570,CoalTime
101000570,1,VentilationLevel570,114093000,28900,29000,101000001,101000571,CoalTime
101000571,1,VentilationLevel571,114754900,29000,29100,101000001,101000572,CoalTime
101000572,1,VentilationLevel572,115416800,29100,29200,101000001,101000573,CoalTime
101000573,1,VentilationLevel573,116078700,29200,29300,101000001,101000574,CoalTime
101000574,1,VentilationLevel574,116740600,29300,29400,101000001,101000575,CoalTime
101000575,1,VentilationLevel575,117402500,29400,29500,101000001,101000576,CoalTime
101000576,1,VentilationLevel576,118064400,29500,29600,101000001,101000577,CoalTime
101000577,1,VentilationLevel577,118726300,29600,29700,101000001,101000578,CoalTime
101000578,1,VentilationLevel578,119388200,29700,29800,101000001,101000579,CoalTime
101000579,1,VentilationLevel579,120050100,29800,29900,101000001,101000580,CoalTime
101000580,1,VentilationLevel580,120712000,29900,30000,101000001,101000581,CoalTime
101000581,1,VentilationLevel581,121393900,30000,30100,101000001,101000582,CoalTime
101000582,1,VentilationLevel582,122075800,30100,30200,101000001,101000583,CoalTime
101000583,1,VentilationLevel583,122757700,30200,30300,101000001,101000584,CoalTime
101000584,1,VentilationLevel584,123439600,30300,30400,101000001,101000585,CoalTime
101000585,1,VentilationLevel585,124121500,30400,30500,101000001,101000586,CoalTime
101000586,1,VentilationLevel586,124803400,30500,30600,101000001,101000587,CoalTime
101000587,1,VentilationLevel587,125485300,30600,30700,101000001,101000588,CoalTime
101000588,1,VentilationLevel588,126167200,30700,30800,101000001,101000589,CoalTime
101000589,1,VentilationLevel589,126849100,30800,30900,101000001,101000590,CoalTime
101000590,1,VentilationLevel590,127531000,30900,31000,101000001,101000591,CoalTime
101000591,1,VentilationLevel591,128232900,31000,31100,101000001,101000592,CoalTime
101000592,1,VentilationLevel592,128934800,31100,31200,101000001,101000593,CoalTime
101000593,1,VentilationLevel593,129636700,31200,31300,101000001,101000594,CoalTime
101000594,1,VentilationLevel594,130338600,31300,31400,101000001,101000595,CoalTime
101000595,1,VentilationLevel595,131040500,31400,31500,101000001,101000596,CoalTime
101000596,1,VentilationLevel596,131742400,31500,31600,101000001,101000597,CoalTime
101000597,1,VentilationLevel597,132444300,31600,31700,101000001,101000598,CoalTime
101000598,1,VentilationLevel598,133146200,31700,31800,101000001,101000599,CoalTime
101000599,1,VentilationLevel599,133848100,31800,31900,101000001,101000600,CoalTime
101000600,1,VentilationLevel600,134550000,31900,32000,101000001,101000601,CoalTime
101000601,1,VentilationLevel601,135501900,32000,32100,101000001,101000602,CoalTime
101000602,1,VentilationLevel602,136453800,32100,32200,101000001,101000603,CoalTime
101000603,1,VentilationLevel603,137405700,32200,32300,101000001,101000604,CoalTime
101000604,1,VentilationLevel604,138357600,32300,32400,101000001,101000605,CoalTime
101000605,1,VentilationLevel605,139309500,32400,32500,101000001,101000606,CoalTime
101000606,1,VentilationLevel606,140261400,32500,32600,101000001,101000607,CoalTime
101000607,1,VentilationLevel607,141213300,32600,32700,101000001,101000608,CoalTime
101000608,1,VentilationLevel608,142165200,32700,32800,101000001,101000609,CoalTime
101000609,1,VentilationLevel609,143117100,32800,32900,101000001,101000610,CoalTime
101000610,1,VentilationLevel610,144069000,32900,33000,101000001,101000611,CoalTime
101000611,1,VentilationLevel611,145270900,33000,33100,101000001,101000612,CoalTime
101000612,1,VentilationLevel612,146472800,33100,33200,101000001,101000613,CoalTime
101000613,1,VentilationLevel613,147674700,33200,33300,101000001,101000614,CoalTime
101000614,1,VentilationLevel614,148876600,33300,33400,101000001,101000615,CoalTime
101000615,1,VentilationLevel615,150078500,33400,33500,101000001,101000616,CoalTime
101000616,1,VentilationLevel616,151280400,33500,33600,101000001,101000617,CoalTime
101000617,1,VentilationLevel617,152482300,33600,33700,101000001,101000618,CoalTime
101000618,1,VentilationLevel618,153684200,33700,33800,101000001,101000619,CoalTime
101000619,1,VentilationLevel619,154886100,33800,33900,101000001,101000620,CoalTime
101000620,1,VentilationLevel620,156088000,33900,34000,101000001,101000621,CoalTime
101000621,1,VentilationLevel621,157539900,34000,34100,101000001,101000622,CoalTime
101000622,1,VentilationLevel622,158991800,34100,34200,101000001,101000623,CoalTime
101000623,1,VentilationLevel623,160443700,34200,34300,101000001,101000624,CoalTime
101000624,1,VentilationLevel624,161895600,34300,34400,101000001,101000625,CoalTime
101000625,1,VentilationLevel625,163347500,34400,34500,101000001,101000626,CoalTime
101000626,1,VentilationLevel626,164799400,34500,34600,101000001,101000627,CoalTime
101000627,1,VentilationLevel627,166251300,34600,34700,101000001,101000628,CoalTime
101000628,1,VentilationLevel628,167703200,34700,34800,101000001,101000629,CoalTime
101000629,1,VentilationLevel629,169155100,34800,34900,101000001,101000630,CoalTime
101000630,1,VentilationLevel630,170607000,34900,35000,101000001,101000631,CoalTime
101000631,1,VentilationLevel631,172308900,35000,35100,101000001,101000632,CoalTime
101000632,1,VentilationLevel632,174010800,35100,35200,101000001,101000633,CoalTime
101000633,1,VentilationLevel633,175712700,35200,35300,101000001,101000634,CoalTime
101000634,1,VentilationLevel634,177414600,35300,35400,101000001,101000635,CoalTime
101000635,1,VentilationLevel635,179116500,35400,35500,101000001,101000636,CoalTime
101000636,1,VentilationLevel636,180818400,35500,35600,101000001,101000637,CoalTime
101000637,1,VentilationLevel637,182520300,35600,35700,101000001,101000638,CoalTime
101000638,1,VentilationLevel638,184222200,35700,35800,101000001,101000639,CoalTime
101000639,1,VentilationLevel639,185924100,35800,35900,101000001,101000640,CoalTime
101000640,1,VentilationLevel640,187626000,35900,36000,101000001,101000641,CoalTime
101000641,1,VentilationLevel641,189577900,36000,36100,101000001,101000642,CoalTime
101000642,1,VentilationLevel642,191529800,36100,36200,101000001,101000643,CoalTime
101000643,1,VentilationLevel643,193481700,36200,36300,101000001,101000644,CoalTime
101000644,1,VentilationLevel644,195433600,36300,36400,101000001,101000645,CoalTime
101000645,1,VentilationLevel645,197385500,36400,36500,101000001,101000646,CoalTime
101000646,1,VentilationLevel646,199337400,36500,36600,101000001,101000647,CoalTime
101000647,1,VentilationLevel647,201289300,36600,36700,101000001,101000648,CoalTime
101000648,1,VentilationLevel648,203241200,36700,36800,101000001,101000649,CoalTime
101000649,1,VentilationLevel649,205193100,36800,36900,101000001,101000650,CoalTime
101000650,1,VentilationLevel650,207145000,36900,37000,101000001,101000651,CoalTime
101000651,1,VentilationLevel651,209346900,37000,37100,101000001,101000652,CoalTime
101000652,1,VentilationLevel652,211548800,37100,37200,101000001,101000653,CoalTime
101000653,1,VentilationLevel653,213750700,37200,37300,101000001,101000654,CoalTime
101000654,1,VentilationLevel654,215952600,37300,37400,101000001,101000655,CoalTime
101000655,1,VentilationLevel655,218154500,37400,37500,101000001,101000656,CoalTime
101000656,1,VentilationLevel656,220356400,37500,37600,101000001,101000657,CoalTime
101000657,1,VentilationLevel657,222558300,37600,37700,101000001,101000658,CoalTime
101000658,1,VentilationLevel658,224760200,37700,37800,101000001,101000659,CoalTime
101000659,1,VentilationLevel659,226962100,37800,37900,101000001,101000660,CoalTime
101000660,1,VentilationLevel660,229164000,37900,38000,101000001,101000661,CoalTime
101000661,1,VentilationLevel661,231615900,38000,38100,101000001,101000662,CoalTime
101000662,1,VentilationLevel662,234067800,38100,38200,101000001,101000663,CoalTime
101000663,1,VentilationLevel663,236519700,38200,38300,101000001,101000664,CoalTime
101000664,1,VentilationLevel664,238971600,38300,38400,101000001,101000665,CoalTime
101000665,1,VentilationLevel665,241423500,38400,38500,101000001,101000666,CoalTime
101000666,1,VentilationLevel666,243875400,38500,38600,101000001,101000667,CoalTime
101000667,1,VentilationLevel667,246327300,38600,38700,101000001,101000668,CoalTime
101000668,1,VentilationLevel668,248779200,38700,38800,101000001,101000669,CoalTime
101000669,1,VentilationLevel669,251231100,38800,38900,101000001,101000670,CoalTime
101000670,1,VentilationLevel670,253683000,38900,39000,101000001,101000671,CoalTime
101000671,1,VentilationLevel671,256384900,39000,39100,101000001,101000672,CoalTime
101000672,1,VentilationLevel672,259086800,39100,39200,101000001,101000673,CoalTime
101000673,1,VentilationLevel673,261788700,39200,39300,101000001,101000674,CoalTime
101000674,1,VentilationLevel674,264490600,39300,39400,101000001,101000675,CoalTime
101000675,1,VentilationLevel675,267192500,39400,39500,101000001,101000676,CoalTime
101000676,1,VentilationLevel676,269894400,39500,39600,101000001,101000677,CoalTime
101000677,1,VentilationLevel677,272596300,39600,39700,101000001,101000678,CoalTime
101000678,1,VentilationLevel678,275298200,39700,39800,101000001,101000679,CoalTime
101000679,1,VentilationLevel679,278000100,39800,39900,101000001,101000680,CoalTime
101000680,1,VentilationLevel680,280702000,39900,40000,101000001,101000681,CoalTime
101000681,1,VentilationLevel681,283653900,40000,40100,101000001,101000682,CoalTime
101000682,1,VentilationLevel682,286605800,40100,40200,101000001,101000683,CoalTime
101000683,1,VentilationLevel683,289557700,40200,40300,101000001,101000684,CoalTime
101000684,1,VentilationLevel684,292509600,40300,40400,101000001,101000685,CoalTime
101000685,1,VentilationLevel685,295461500,40400,40500,101000001,101000686,CoalTime
101000686,1,VentilationLevel686,298413400,40500,40600,101000001,101000687,CoalTime
101000687,1,VentilationLevel687,301365300,40600,40700,101000001,101000688,CoalTime
101000688,1,VentilationLevel688,304317200,40700,40800,101000001,101000689,CoalTime
101000689,1,VentilationLevel689,307269100,40800,40900,101000001,101000690,CoalTime
101000690,1,VentilationLevel690,310221000,40900,41000,101000001,101000691,CoalTime
101000691,1,VentilationLevel691,313422900,41000,41100,101000001,101000692,CoalTime
101000692,1,VentilationLevel692,316624800,41100,41200,101000001,101000693,CoalTime
101000693,1,VentilationLevel693,319826700,41200,41300,101000001,101000694,CoalTime
101000694,1,VentilationLevel694,323028600,41300,41400,101000001,101000695,CoalTime
101000695,1,VentilationLevel695,326230500,41400,41500,101000001,101000696,CoalTime
101000696,1,VentilationLevel696,329432400,41500,41600,101000001,101000697,CoalTime
101000697,1,VentilationLevel697,332634300,41600,41700,101000001,101000698,CoalTime
101000698,1,VentilationLevel698,335836200,41700,41800,101000001,101000699,CoalTime
101000699,1,VentilationLevel699,339038100,41800,41900,101000001,101000700,CoalTime
101000700,1,VentilationLevel700,342240000,41900,42000,101000001,101000701,CoalTime
101000701,1,VentilationLevel701,345691900,42000,42100,101000001,101000702,CoalTime
101000702,1,VentilationLevel702,349143800,42100,42200,101000001,101000703,CoalTime
101000703,1,VentilationLevel703,352595700,42200,42300,101000001,101000704,CoalTime
101000704,1,VentilationLevel704,356047600,42300,42400,101000001,101000705,CoalTime
101000705,1,VentilationLevel705,359499500,42400,42500,101000001,101000706,CoalTime
101000706,1,VentilationLevel706,362951400,42500,42600,101000001,101000707,CoalTime
101000707,1,VentilationLevel707,366403300,42600,42700,101000001,101000708,CoalTime
101000708,1,VentilationLevel708,369855200,42700,42800,101000001,101000709,CoalTime
101000709,1,VentilationLevel709,373307100,42800,42900,101000001,101000710,CoalTime
101000710,1,VentilationLevel710,376759000,42900,43000,101000001,101000711,CoalTime
101000711,1,VentilationLevel711,380460900,43000,43100,101000001,101000712,CoalTime
101000712,1,VentilationLevel712,384162800,43100,43200,101000001,101000713,CoalTime
101000713,1,VentilationLevel713,387864700,43200,43300,101000001,101000714,CoalTime
101000714,1,VentilationLevel714,391566600,43300,43400,101000001,101000715,CoalTime
101000715,1,VentilationLevel715,395268500,43400,43500,101000001,101000716,CoalTime
101000716,1,VentilationLevel716,398970400,43500,43600,101000001,101000717,CoalTime
101000717,1,VentilationLevel717,402672300,43600,43700,101000001,101000718,CoalTime
101000718,1,VentilationLevel718,406374200,43700,43800,101000001,101000719,CoalTime
101000719,1,VentilationLevel719,410076100,43800,43900,101000001,101000720,CoalTime
101000720,1,VentilationLevel720,413778000,43900,44000,101000001,101000721,CoalTime
101000721,1,VentilationLevel721,417729900,44000,44100,101000001,101000722,CoalTime
101000722,1,VentilationLevel722,421681800,44100,44200,101000001,101000723,CoalTime
101000723,1,VentilationLevel723,425633700,44200,44300,101000001,101000724,CoalTime
101000724,1,VentilationLevel724,429585600,44300,44400,101000001,101000725,CoalTime
101000725,1,VentilationLevel725,433537500,44400,44500,101000001,101000726,CoalTime
101000726,1,VentilationLevel726,437489400,44500,44600,101000001,101000727,CoalTime
101000727,1,VentilationLevel727,441441300,44600,44700,101000001,101000728,CoalTime
101000728,1,VentilationLevel728,445393200,44700,44800,101000001,101000729,CoalTime
101000729,1,VentilationLevel729,449345100,44800,44900,101000001,101000730,CoalTime
101000730,1,VentilationLevel730,453297000,44900,45000,101000001,101000731,CoalTime
101000731,1,VentilationLevel731,457498900,45000,45100,101000001,101000732,CoalTime
101000732,1,VentilationLevel732,461700800,45100,45200,101000001,101000733,CoalTime
101000733,1,VentilationLevel733,465902700,45200,45300,101000001,101000734,CoalTime
101000734,1,VentilationLevel734,470104600,45300,45400,101000001,101000735,CoalTime
101000735,1,VentilationLevel735,474306500,45400,45500,101000001,101000736,CoalTime
101000736,1,VentilationLevel736,478508400,45500,45600,101000001,101000737,CoalTime
101000737,1,VentilationLevel737,482710300,45600,45700,101000001,101000738,CoalTime
101000738,1,VentilationLevel738,486912200,45700,45800,101000001,101000739,CoalTime
101000739,1,VentilationLevel739,491114100,45800,45900,101000001,101000740,CoalTime
101000740,1,VentilationLevel740,495316000,45900,46000,101000001,101000741,CoalTime
101000741,1,VentilationLevel741,499767900,46000,46100,101000001,101000742,CoalTime
101000742,1,VentilationLevel742,504219800,46100,46200,101000001,101000743,CoalTime
101000743,1,VentilationLevel743,508671700,46200,46300,101000001,101000744,CoalTime
101000744,1,VentilationLevel744,513123600,46300,46400,101000001,101000745,CoalTime
101000745,1,VentilationLevel745,517575500,46400,46500,101000001,101000746,CoalTime
101000746,1,VentilationLevel746,522027400,46500,46600,101000001,101000747,CoalTime
101000747,1,VentilationLevel747,526479300,46600,46700,101000001,101000748,CoalTime
101000748,1,VentilationLevel748,530931200,46700,46800,101000001,101000749,CoalTime
101000749,1,VentilationLevel749,535383100,46800,46900,101000001,101000750,CoalTime
101000750,1,VentilationLevel750,539835000,46900,47000,101000001,101000751,CoalTime
101000751,1,VentilationLevel751,544536900,47000,47100,101000001,101000752,CoalTime
101000752,1,VentilationLevel752,549238800,47100,47200,101000001,101000753,CoalTime
101000753,1,VentilationLevel753,553940700,47200,47300,101000001,101000754,CoalTime
101000754,1,VentilationLevel754,558642600,47300,47400,101000001,101000755,CoalTime
101000755,1,VentilationLevel755,563344500,47400,47500,101000001,101000756,CoalTime
101000756,1,VentilationLevel756,568046400,47500,47600,101000001,101000757,CoalTime
101000757,1,VentilationLevel757,572748300,47600,47700,101000001,101000758,CoalTime
101000758,1,VentilationLevel758,577450200,47700,47800,101000001,101000759,CoalTime
101000759,1,VentilationLevel759,582152100,47800,47900,101000001,101000760,CoalTime
101000760,1,VentilationLevel760,586854000,47900,48000,101000001,101000761,CoalTime
101000761,1,VentilationLevel761,591805900,48000,48100,101000001,101000762,CoalTime
101000762,1,VentilationLevel762,596757800,48100,48200,101000001,101000763,CoalTime
101000763,1,VentilationLevel763,601709700,48200,48300,101000001,101000764,CoalTime
101000764,1,VentilationLevel764,606661600,48300,48400,101000001,101000765,CoalTime
101000765,1,VentilationLevel765,611613500,48400,48500,101000001,101000766,CoalTime
101000766,1,VentilationLevel766,616565400,48500,48600,101000001,101000767,CoalTime
101000767,1,VentilationLevel767,621517300,48600,48700,101000001,101000768,CoalTime
101000768,1,VentilationLevel768,626469200,48700,48800,101000001,101000769,CoalTime
101000769,1,VentilationLevel769,631421100,48800,48900,101000001,101000770,CoalTime
101000770,1,VentilationLevel770,636373000,48900,49000,101000001,101000771,CoalTime
101000771,1,VentilationLevel771,641574900,49000,49100,101000001,101000772,CoalTime
101000772,1,VentilationLevel772,646776800,49100,49200,101000001,101000773,CoalTime
101000773,1,VentilationLevel773,651978700,49200,49300,101000001,101000774,CoalTime
101000774,1,VentilationLevel774,657180600,49300,49400,101000001,101000775,CoalTime
101000775,1,VentilationLevel775,662382500,49400,49500,101000001,101000776,CoalTime
101000776,1,VentilationLevel776,667584400,49500,49600,101000001,101000777,CoalTime
101000777,1,VentilationLevel777,672786300,49600,49700,101000001,101000778,CoalTime
101000778,1,VentilationLevel778,677988200,49700,49800,101000001,101000779,CoalTime
101000779,1,VentilationLevel779,683190100,49800,49900,101000001,101000780,CoalTime
101000780,1,VentilationLevel780,688392000,49900,50000,101000001,101000781,CoalTime
101000781,1,VentilationLevel781,693843900,50000,50100,101000001,101000782,CoalTime
101000782,1,VentilationLevel782,699295800,50100,50200,101000001,101000783,CoalTime
101000783,1,VentilationLevel783,704747700,50200,50300,101000001,101000784,CoalTime
101000784,1,VentilationLevel784,710199600,50300,50400,101000001,101000785,CoalTime
101000785,1,VentilationLevel785,715651500,50400,50500,101000001,101000786,CoalTime
101000786,1,VentilationLevel786,721103400,50500,50600,101000001,101000787,CoalTime
101000787,1,VentilationLevel787,726555300,50600,50700,101000001,101000788,CoalTime
101000788,1,VentilationLevel788,732007200,50700,50800,101000001,101000789,CoalTime
101000789,1,VentilationLevel789,737459100,50800,50900,101000001,101000790,CoalTime
101000790,1,VentilationLevel790,742911000,50900,51000,101000001,101000791,CoalTime
101000791,1,VentilationLevel791,748612900,51000,51100,101000001,101000792,CoalTime
101000792,1,VentilationLevel792,754314800,51100,51200,101000001,101000793,CoalTime
101000793,1,VentilationLevel793,760016700,51200,51300,101000001,101000794,CoalTime
101000794,1,VentilationLevel794,765718600,51300,51400,101000001,101000795,CoalTime
101000795,1,VentilationLevel795,771420500,51400,51500,101000001,101000796,CoalTime
101000796,1,VentilationLevel796,777122400,51500,51600,101000001,101000797,CoalTime
101000797,1,VentilationLevel797,782824300,51600,51700,101000001,101000798,CoalTime
101000798,1,VentilationLevel798,788526200,51700,51800,101000001,101000799,CoalTime
101000799,1,VentilationLevel799,794228100,51800,51900,101000001,101000800,CoalTime
101000800,1,VentilationLevel800,799930000,51900,52000,101000001,101000801,CoalTime
101000801,1,VentilationLevel801,805881900,52000,52100,101000001,101000802,CoalTime
101000802,1,VentilationLevel802,811833800,52100,52200,101000001,101000803,CoalTime
101000803,1,VentilationLevel803,817785700,52200,52300,101000001,101000804,CoalTime
101000804,1,VentilationLevel804,823737600,52300,52400,101000001,101000805,CoalTime
101000805,1,VentilationLevel805,829689500,52400,52500,101000001,101000806,CoalTime
101000806,1,VentilationLevel806,835641400,52500,52600,101000001,101000807,CoalTime
101000807,1,VentilationLevel807,841593300,52600,52700,101000001,101000808,CoalTime
101000808,1,VentilationLevel808,847545200,52700,52800,101000001,101000809,CoalTime
101000809,1,VentilationLevel809,853497100,52800,52900,101000001,101000810,CoalTime
101000810,1,VentilationLevel810,859449000,52900,53000,101000001,101000811,CoalTime
101000811,1,VentilationLevel811,865650900,53000,53100,101000001,101000812,CoalTime
101000812,1,VentilationLevel812,871852800,53100,53200,101000001,101000813,CoalTime
101000813,1,VentilationLevel813,878054700,53200,53300,101000001,101000814,CoalTime
101000814,1,VentilationLevel814,884256600,53300,53400,101000001,101000815,CoalTime
101000815,1,VentilationLevel815,890458500,53400,53500,101000001,101000816,CoalTime
101000816,1,VentilationLevel816,896660400,53500,53600,101000001,101000817,CoalTime
101000817,1,VentilationLevel817,902862300,53600,53700,101000001,101000818,CoalTime
101000818,1,VentilationLevel818,909064200,53700,53800,101000001,101000819,CoalTime
101000819,1,VentilationLevel819,915266100,53800,53900,101000001,101000820,CoalTime
101000820,1,VentilationLevel820,921468000,53900,54000,101000001,101000821,CoalTime
101000821,1,VentilationLevel821,927919900,54000,54100,101000001,101000822,CoalTime
101000822,1,VentilationLevel822,934371800,54100,54200,101000001,101000823,CoalTime
101000823,1,VentilationLevel823,940823700,54200,54300,101000001,101000824,CoalTime
101000824,1,VentilationLevel824,947275600,54300,54400,101000001,101000825,CoalTime
101000825,1,VentilationLevel825,953727500,54400,54500,101000001,101000826,CoalTime
101000826,1,VentilationLevel826,960179400,54500,54600,101000001,101000827,CoalTime
101000827,1,VentilationLevel827,966631300,54600,54700,101000001,101000828,CoalTime
101000828,1,VentilationLevel828,973083200,54700,54800,101000001,101000829,CoalTime
101000829,1,VentilationLevel829,979535100,54800,54900,101000001,101000830,CoalTime
101000830,1,VentilationLevel830,985987000,54900,55000,101000001,101000831,CoalTime
101000831,1,VentilationLevel831,992688900,55000,55100,101000001,101000832,CoalTime
101000832,1,VentilationLevel832,999390800,55100,55200,101000001,101000833,CoalTime
101000833,1,VentilationLevel833,1006092700,55200,55300,101000001,101000834,CoalTime
101000834,1,VentilationLevel834,1012794600,55300,55400,101000001,101000835,CoalTime
101000835,1,VentilationLevel835,1019496500,55400,55500,101000001,101000836,CoalTime
101000836,1,VentilationLevel836,1026198400,55500,55600,101000001,101000837,CoalTime
101000837,1,VentilationLevel837,1032900300,55600,55700,101000001,101000838,CoalTime
101000838,1,VentilationLevel838,1039602200,55700,55800,101000001,101000839,CoalTime
101000839,1,VentilationLevel839,1046304100,55800,55900,101000001,101000840,CoalTime
101000840,1,VentilationLevel840,1053006000,55900,56000,101000001,101000841,CoalTime
101000841,1,VentilationLevel841,1059957900,56000,56100,101000001,101000842,CoalTime
101000842,1,VentilationLevel842,1066909800,56100,56200,101000001,101000843,CoalTime
101000843,1,VentilationLevel843,1073861700,56200,56300,101000001,101000844,CoalTime
101000844,1,VentilationLevel844,1080813600,56300,56400,101000001,101000845,CoalTime
101000845,1,VentilationLevel845,1087765500,56400,56500,101000001,101000846,CoalTime
101000846,1,VentilationLevel846,1094717400,56500,56600,101000001,101000847,CoalTime
101000847,1,VentilationLevel847,1101669300,56600,56700,101000001,101000848,CoalTime
101000848,1,VentilationLevel848,1108621200,56700,56800,101000001,101000849,CoalTime
101000849,1,VentilationLevel849,1115573100,56800,56900,101000001,101000850,CoalTime
101000850,1,VentilationLevel850,1122525000,56900,57000,101000001,101000851,CoalTime
101000851,1,VentilationLevel851,1129726900,57000,57100,101000001,101000852,CoalTime
101000852,1,VentilationLevel852,1136928800,57100,57200,101000001,101000853,CoalTime
101000853,1,VentilationLevel853,1144130700,57200,57300,101000001,101000854,CoalTime
101000854,1,VentilationLevel854,1151332600,57300,57400,101000001,101000855,CoalTime
101000855,1,VentilationLevel855,1158534500,57400,57500,101000001,101000856,CoalTime
101000856,1,VentilationLevel856,1165736400,57500,57600,101000001,101000857,CoalTime
101000857,1,VentilationLevel857,1172938300,57600,57700,101000001,101000858,CoalTime
101000858,1,VentilationLevel858,1180140200,57700,57800,101000001,101000859,CoalTime
101000859,1,VentilationLevel859,1187342100,57800,57900,101000001,101000860,CoalTime
101000860,1,VentilationLevel860,1194544000,57900,58000,101000001,101000861,CoalTime
101000861,1,VentilationLevel861,1201995900,58000,58100,101000001,101000862,CoalTime
101000862,1,VentilationLevel862,1209447800,58100,58200,101000001,101000863,CoalTime
101000863,1,VentilationLevel863,1216899700,58200,58300,101000001,101000864,CoalTime
101000864,1,VentilationLevel864,1224351600,58300,58400,101000001,101000865,CoalTime
101000865,1,VentilationLevel865,1231803500,58400,58500,101000001,101000866,CoalTime
101000866,1,VentilationLevel866,1239255400,58500,58600,101000001,101000867,CoalTime
101000867,1,VentilationLevel867,1246707300,58600,58700,101000001,101000868,CoalTime
101000868,1,VentilationLevel868,1254159200,58700,58800,101000001,101000869,CoalTime
101000869,1,VentilationLevel869,1261611100,58800,58900,101000001,101000870,CoalTime
101000870,1,VentilationLevel870,1269063000,58900,59000,101000001,101000871,CoalTime
101000871,1,VentilationLevel871,1276764900,59000,59100,101000001,101000872,CoalTime
101000872,1,VentilationLevel872,1284466800,59100,59200,101000001,101000873,CoalTime
101000873,1,VentilationLevel873,1292168700,59200,59300,101000001,101000874,CoalTime
101000874,1,VentilationLevel874,1299870600,59300,59400,101000001,101000875,CoalTime
101000875,1,VentilationLevel875,1307572500,59400,59500,101000001,101000876,CoalTime
101000876,1,VentilationLevel876,1315274400,59500,59600,101000001,101000877,CoalTime
101000877,1,VentilationLevel877,1322976300,59600,59700,101000001,101000878,CoalTime
101000878,1,VentilationLevel878,1330678200,59700,59800,101000001,101000879,CoalTime
101000879,1,VentilationLevel879,1338380100,59800,59900,101000001,101000880,CoalTime
101000880,1,VentilationLevel880,1346082000,59900,60000,101000001,101000881,CoalTime
101000881,1,VentilationLevel881,1354033900,60000,60100,101000001,101000882,CoalTime
101000882,1,VentilationLevel882,1361985800,60100,60200,101000001,101000883,CoalTime
101000883,1,VentilationLevel883,1369937700,60200,60300,101000001,101000884,CoalTime
101000884,1,VentilationLevel884,1377889600,60300,60400,101000001,101000885,CoalTime
101000885,1,VentilationLevel885,1385841500,60400,60500,101000001,101000886,CoalTime
101000886,1,VentilationLevel886,1393793400,60500,60600,101000001,101000887,CoalTime
101000887,1,VentilationLevel887,1401745300,60600,60700,101000001,101000888,CoalTime
101000888,1,VentilationLevel888,1409697200,60700,60800,101000001,101000889,CoalTime
101000889,1,VentilationLevel889,1417649100,60800,60900,101000001,101000890,CoalTime
101000890,1,VentilationLevel890,1425601000,60900,61000,101000001,101000891,CoalTime
101000891,1,VentilationLevel891,1433802900,61000,61100,101000001,101000892,CoalTime
101000892,1,VentilationLevel892,1442004800,61100,61200,101000001,101000893,CoalTime
101000893,1,VentilationLevel893,1450206700,61200,61300,101000001,101000894,CoalTime
101000894,1,VentilationLevel894,1458408600,61300,61400,101000001,101000895,CoalTime
101000895,1,VentilationLevel895,1466610500,61400,61500,101000001,101000896,CoalTime
101000896,1,VentilationLevel896,1474812400,61500,61600,101000001,101000897,CoalTime
101000897,1,VentilationLevel897,1483014300,61600,61700,101000001,101000898,CoalTime
101000898,1,VentilationLevel898,1491216200,61700,61800,101000001,101000899,CoalTime
101000899,1,VentilationLevel899,1499418100,61800,61900,101000001,101000900,CoalTime
101000900,1,VentilationLevel900,1507620000,61900,62000,101000001,101000901,CoalTime
101000901,1,VentilationLevel901,1516071900,62000,62100,101000001,101000902,CoalTime
101000902,1,VentilationLevel902,1524523800,62100,62200,101000001,101000903,CoalTime
101000903,1,VentilationLevel903,1532975700,62200,62300,101000001,101000904,CoalTime
101000904,1,VentilationLevel904,1541427600,62300,62400,101000001,101000905,CoalTime
101000905,1,VentilationLevel905,1549879500,62400,62500,101000001,101000906,CoalTime
101000906,1,VentilationLevel906,1558331400,62500,62600,101000001,101000907,CoalTime
101000907,1,VentilationLevel907,1566783300,62600,62700,101000001,101000908,CoalTime
101000908,1,VentilationLevel908,1575235200,62700,62800,101000001,101000909,CoalTime
101000909,1,VentilationLevel909,1583687100,62800,62900,101000001,101000910,CoalTime
101000910,1,VentilationLevel910,1592139000,62900,63000,101000001,101000911,CoalTime
101000911,1,VentilationLevel911,1600840900,63000,63100,101000001,101000912,CoalTime
101000912,1,VentilationLevel912,1609542800,63100,63200,101000001,101000913,CoalTime
101000913,1,VentilationLevel913,1618244700,63200,63300,101000001,101000914,CoalTime
101000914,1,VentilationLevel914,1626946600,63300,63400,101000001,101000915,CoalTime
101000915,1,VentilationLevel915,1635648500,63400,63500,101000001,101000916,CoalTime
101000916,1,VentilationLevel916,1644350400,63500,63600,101000001,101000917,CoalTime
101000917,1,VentilationLevel917,1653052300,63600,63700,101000001,101000918,CoalTime
101000918,1,VentilationLevel918,1661754200,63700,63800,101000001,101000919,CoalTime
101000919,1,VentilationLevel919,1670456100,63800,63900,101000001,101000920,CoalTime
101000920,1,VentilationLevel920,1679158000,63900,64000,101000001,101000921,CoalTime
101000921,1,VentilationLevel921,1688109900,64000,64100,101000001,101000922,CoalTime
101000922,1,VentilationLevel922,1697061800,64100,64200,101000001,101000923,CoalTime
101000923,1,VentilationLevel923,1706013700,64200,64300,101000001,101000924,CoalTime
101000924,1,VentilationLevel924,1714965600,64300,64400,101000001,101000925,CoalTime
101000925,1,VentilationLevel925,1723917500,64400,64500,101000001,101000926,CoalTime
101000926,1,VentilationLevel926,1732869400,64500,64600,101000001,101000927,CoalTime
101000927,1,VentilationLevel927,1741821300,64600,64700,101000001,101000928,CoalTime
101000928,1,VentilationLevel928,1750773200,64700,64800,101000001,101000929,CoalTime
101000929,1,VentilationLevel929,1759725100,64800,64900,101000001,101000930,CoalTime
101000930,1,VentilationLevel930,1768677000,64900,65000,101000001,101000931,CoalTime
101000931,1,VentilationLevel931,1777878900,65000,65100,101000001,101000932,CoalTime
101000932,1,VentilationLevel932,1787080800,65100,65200,101000001,101000933,CoalTime
101000933,1,VentilationLevel933,1796282700,65200,65300,101000001,101000934,CoalTime
101000934,1,VentilationLevel934,1805484600,65300,65400,101000001,101000935,CoalTime
101000935,1,VentilationLevel935,1814686500,65400,65500,101000001,101000936,CoalTime
101000936,1,VentilationLevel936,1823888400,65500,65600,101000001,101000937,CoalTime
101000937,1,VentilationLevel937,1833090300,65600,65700,101000001,101000938,CoalTime
101000938,1,VentilationLevel938,1842292200,65700,65800,101000001,101000939,CoalTime
101000939,1,VentilationLevel939,1851494100,65800,65900,101000001,101000940,CoalTime
101000940,1,VentilationLevel940,1860696000,65900,66000,101000001,101000941,CoalTime
101000941,1,VentilationLevel941,1870147900,66000,66100,101000001,101000942,CoalTime
101000942,1,VentilationLevel942,1879599800,66100,66200,101000001,101000943,CoalTime
101000943,1,VentilationLevel943,1889051700,66200,66300,101000001,101000944,CoalTime
101000944,1,VentilationLevel944,1898503600,66300,66400,101000001,101000945,CoalTime
101000945,1,VentilationLevel945,1907955500,66400,66500,101000001,101000946,CoalTime
101000946,1,VentilationLevel946,1917407400,66500,66600,101000001,101000947,CoalTime
101000947,1,VentilationLevel947,1926859300,66600,66700,101000001,101000948,CoalTime
101000948,1,VentilationLevel948,1936311200,66700,66800,101000001,101000949,CoalTime
101000949,1,VentilationLevel949,1945763100,66800,66900,101000001,101000950,CoalTime
101000950,1,VentilationLevel950,1955215000,66900,67000,101000001,101000951,CoalTime
101000951,1,VentilationLevel951,1964916900,67000,67100,101000001,101000952,CoalTime
101000952,1,VentilationLevel952,1974618800,67100,67200,101000001,101000953,CoalTime
101000953,1,VentilationLevel953,1984320700,67200,67300,101000001,101000954,CoalTime
101000954,1,VentilationLevel954,1994022600,67300,67400,101000001,101000955,CoalTime
101000955,1,VentilationLevel955,2003724500,67400,67500,101000001,101000956,CoalTime
101000956,1,VentilationLevel956,2013426400,67500,67600,101000001,101000957,CoalTime
101000957,1,VentilationLevel957,2023128300,67600,67700,101000001,101000958,CoalTime
101000958,1,VentilationLevel958,2032830200,67700,67800,101000001,101000959,CoalTime
101000959,1,VentilationLevel959,2042532100,67800,67900,101000001,101000960,CoalTime
101000960,1,VentilationLevel960,2052234000,67900,68000,101000001,101000961,CoalTime
101000961,1,VentilationLevel961,2062185900,68000,68100,101000001,101000962,CoalTime
101000962,1,VentilationLevel962,2072137800,68100,68200,101000001,101000963,CoalTime
101000963,1,VentilationLevel963,2082089700,68200,68300,101000001,101000964,CoalTime
101000964,1,VentilationLevel964,2092041600,68300,68400,101000001,101000965,CoalTime
101000965,1,VentilationLevel965,2101993500,68400,68500,101000001,101000966,CoalTime
101000966,1,VentilationLevel966,2111945400,68500,68600,101000001,101000967,CoalTime
101000967,1,VentilationLevel967,2121897300,68600,68700,101000001,101000968,CoalTime
101000968,1,VentilationLevel968,2131849200,68700,68800,101000001,101000969,CoalTime
101000969,1,VentilationLevel969,2141801100,68800,68900,101000001,101000970,CoalTime
101000970,1,VentilationLevel970,2151753000,68900,69000,101000001,101000971,CoalTime
101000971,1,VentilationLevel971,2161954900,69000,69100,101000001,101000972,CoalTime
101000972,1,VentilationLevel972,2172156800,69100,69200,101000001,101000973,CoalTime
101000973,1,VentilationLevel973,2182358700,69200,69300,101000001,101000974,CoalTime
101000974,1,VentilationLevel974,2192560600,69300,69400,101000001,101000975,CoalTime
101000975,1,VentilationLevel975,2202762500,69400,69500,101000001,101000976,CoalTime
101000976,1,VentilationLevel976,2212964400,69500,69600,101000001,101000977,CoalTime
101000977,1,VentilationLevel977,2223166300,69600,69700,101000001,101000978,CoalTime
101000978,1,VentilationLevel978,2233368200,69700,69800,101000001,101000979,CoalTime
101000979,1,VentilationLevel979,2243570100,69800,69900,101000001,101000980,CoalTime
101000980,1,VentilationLevel980,2253772000,69900,70000,101000001,101000981,CoalTime
101000981,1,VentilationLevel981,2264223900,70000,70100,101000001,101000982,CoalTime
101000982,1,VentilationLevel982,2274675800,70100,70200,101000001,101000983,CoalTime
101000983,1,VentilationLevel983,2285127700,70200,70300,101000001,101000984,CoalTime
101000984,1,VentilationLevel984,2295579600,70300,70400,101000001,101000985,CoalTime
101000985,1,VentilationLevel985,2306031500,70400,70500,101000001,101000986,CoalTime
101000986,1,VentilationLevel986,2316483400,70500,70600,101000001,101000987,CoalTime
101000987,1,VentilationLevel987,2326935300,70600,70700,101000001,101000988,CoalTime
101000988,1,VentilationLevel988,2337387200,70700,70800,101000001,101000989,CoalTime
101000989,1,VentilationLevel989,2347839100,70800,70900,101000001,101000990,CoalTime
101000990,1,VentilationLevel990,2358291000,70900,71000,101000001,101000991,CoalTime
101000991,1,VentilationLevel991,2368992900,71000,71100,101000001,101000992,CoalTime
101000992,1,VentilationLevel992,2379694800,71100,71200,101000001,101000993,CoalTime
101000993,1,VentilationLevel993,2390396700,71200,71300,101000001,101000994,CoalTime
101000994,1,VentilationLevel994,2401098600,71300,71400,101000001,101000995,CoalTime
101000995,1,VentilationLevel995,2411800500,71400,71500,101000001,101000996,CoalTime
101000996,1,VentilationLevel996,2422502400,71500,71600,101000001,101000997,CoalTime
101000997,1,VentilationLevel997,2433204300,71600,71700,101000001,101000998,CoalTime
101000998,1,VentilationLevel998,2443906200,71700,71800,101000001,101000999,CoalTime
101000999,1,VentilationLevel999,2454608100,71800,71900,101000001,101001000,CoalTime
101001000,1,VentilationLevel1000,2465310000,71900,71900,101000001,,CoalTime
103000001,1,MasteryLevel1,100,0,1,103000001,103000002,Mastery
103000002,1,MasteryLevel2,200,1,2,103000001,103000003,Mastery
103000003,1,MasteryLevel3,300,2,3,103000001,103000004,Mastery
103000004,1,MasteryLevel4,400,3,4,103000001,103000005,Mastery
103000005,1,MasteryLevel5,500,4,5,103000001,103000006,Mastery
103000006,1,MasteryLevel6,600,5,6,103000001,103000007,Mastery
103000007,1,MasteryLevel7,700,6,7,103000001,103000008,Mastery
103000008,1,MasteryLevel8,800,7,8,103000001,103000009,Mastery
103000009,1,MasteryLevel9,900,8,9,103000001,103000010,Mastery
103000010,1,MasteryLevel10,1000,9,10,103000001,103000011,Mastery
103000011,1,MasteryLevel11,1300,10,11,103000001,103000012,Mastery
103000012,1,MasteryLevel12,1600,11,12,103000001,103000013,Mastery
103000013,1,MasteryLevel13,1900,12,13,103000001,103000014,Mastery
103000014,1,MasteryLevel14,2200,13,14,103000001,103000015,Mastery
103000015,1,MasteryLevel15,2500,14,15,103000001,103000016,Mastery
103000016,1,MasteryLevel16,2800,15,16,103000001,103000017,Mastery
103000017,1,MasteryLevel17,3100,16,17,103000001,103000018,Mastery
103000018,1,MasteryLevel18,3400,17,18,103000001,103000019,Mastery
103000019,1,MasteryLevel19,3700,18,19,103000001,103000020,Mastery
103000020,1,MasteryLevel20,4000,19,20,103000001,103000021,Mastery
103000021,1,MasteryLevel21,4500,20,21,103000001,103000022,Mastery
103000022,1,MasteryLevel22,5000,21,22,103000001,103000023,Mastery
103000023,1,MasteryLevel23,5500,22,23,103000001,103000024,Mastery
103000024,1,MasteryLevel24,6000,23,24,103000001,103000025,Mastery
103000025,1,MasteryLevel25,6500,24,25,103000001,103000026,Mastery
103000026,1,MasteryLevel26,7000,25,26,103000001,103000027,Mastery
103000027,1,MasteryLevel27,7500,26,27,103000001,103000028,Mastery
103000028,1,MasteryLevel28,8000,27,28,103000001,103000029,Mastery
103000029,1,MasteryLevel29,8500,28,29,103000001,103000030,Mastery
103000030,1,MasteryLevel30,9000,29,30,103000001,103000031,Mastery
103000031,1,MasteryLevel31,9700,30,31,103000001,103000032,Mastery
103000032,1,MasteryLevel32,10400,31,32,103000001,103000033,Mastery
103000033,1,MasteryLevel33,11100,32,33,103000001,103000034,Mastery
103000034,1,MasteryLevel34,11800,33,34,103000001,103000035,Mastery
103000035,1,MasteryLevel35,12500,34,35,103000001,103000036,Mastery
103000036,1,MasteryLevel36,13200,35,36,103000001,103000037,Mastery
103000037,1,MasteryLevel37,13900,36,37,103000001,103000038,Mastery
103000038,1,MasteryLevel38,14600,37,38,103000001,103000039,Mastery
103000039,1,MasteryLevel39,15300,38,39,103000001,103000040,Mastery
103000040,1,MasteryLevel40,16000,39,40,103000001,103000041,Mastery
103000041,1,MasteryLevel41,16900,40,41,103000001,103000042,Mastery
103000042,1,MasteryLevel42,17800,41,42,103000001,103000043,Mastery
103000043,1,MasteryLevel43,18700,42,43,103000001,103000044,Mastery
103000044,1,MasteryLevel44,19600,43,44,103000001,103000045,Mastery
103000045,1,MasteryLevel45,20500,44,45,103000001,103000046,Mastery
103000046,1,MasteryLevel46,21400,45,46,103000001,103000047,Mastery
103000047,1,MasteryLevel47,22300,46,47,103000001,103000048,Mastery
103000048,1,MasteryLevel48,23200,47,48,103000001,103000049,Mastery
103000049,1,MasteryLevel49,24100,48,49,103000001,103000050,Mastery
103000050,1,MasteryLevel50,25000,49,50,103000001,103000051,Mastery
103000051,1,MasteryLevel51,26100,50,51,103000001,103000052,Mastery
103000052,1,MasteryLevel52,27200,51,52,103000001,103000053,Mastery
103000053,1,MasteryLevel53,28300,52,53,103000001,103000054,Mastery
103000054,1,MasteryLevel54,29400,53,54,103000001,103000055,Mastery
103000055,1,MasteryLevel55,30500,54,55,103000001,103000056,Mastery
103000056,1,MasteryLevel56,31600,55,56,103000001,103000057,Mastery
103000057,1,MasteryLevel57,32700,56,57,103000001,103000058,Mastery
103000058,1,MasteryLevel58,33800,57,58,103000001,103000059,Mastery
103000059,1,MasteryLevel59,34900,58,59,103000001,103000060,Mastery
103000060,1,MasteryLevel60,36000,59,60,103000001,103000061,Mastery
103000061,1,MasteryLevel61,37300,60,61,103000001,103000062,Mastery
103000062,1,MasteryLevel62,38600,61,62,103000001,103000063,Mastery
103000063,1,MasteryLevel63,39900,62,63,103000001,103000064,Mastery
103000064,1,MasteryLevel64,41200,63,64,103000001,103000065,Mastery
103000065,1,MasteryLevel65,42500,64,65,103000001,103000066,Mastery
103000066,1,MasteryLevel66,43800,65,66,103000001,103000067,Mastery
103000067,1,MasteryLevel67,45100,66,67,103000001,103000068,Mastery
103000068,1,MasteryLevel68,46400,67,68,103000001,103000069,Mastery
103000069,1,MasteryLevel69,47700,68,69,103000001,103000070,Mastery
103000070,1,MasteryLevel70,49000,69,70,103000001,103000071,Mastery
103000071,1,MasteryLevel71,50500,70,71,103000001,103000072,Mastery
103000072,1,MasteryLevel72,52000,71,72,103000001,103000073,Mastery
103000073,1,MasteryLevel73,53500,72,73,103000001,103000074,Mastery
103000074,1,MasteryLevel74,55000,73,74,103000001,103000075,Mastery
103000075,1,MasteryLevel75,56500,74,75,103000001,103000076,Mastery
103000076,1,MasteryLevel76,58000,75,76,103000001,103000077,Mastery
103000077,1,MasteryLevel77,59500,76,77,103000001,103000078,Mastery
103000078,1,MasteryLevel78,61000,77,78,103000001,103000079,Mastery
103000079,1,MasteryLevel79,62500,78,79,103000001,103000080,Mastery
103000080,1,MasteryLevel80,64000,79,80,103000001,103000081,Mastery
103000081,1,MasteryLevel81,65700,80,81,103000001,103000082,Mastery
103000082,1,MasteryLevel82,67400,81,82,103000001,103000083,Mastery
103000083,1,MasteryLevel83,69100,82,83,103000001,103000084,Mastery
103000084,1,MasteryLevel84,70800,83,84,103000001,103000085,Mastery
103000085,1,MasteryLevel85,72500,84,85,103000001,103000086,Mastery
103000086,1,MasteryLevel86,74200,85,86,103000001,103000087,Mastery
103000087,1,MasteryLevel87,75900,86,87,103000001,103000088,Mastery
103000088,1,MasteryLevel88,77600,87,88,103000001,103000089,Mastery
103000089,1,MasteryLevel89,79300,88,89,103000001,103000090,Mastery
103000090,1,MasteryLevel90,81000,89,90,103000001,103000091,Mastery
103000091,1,MasteryLevel91,82900,90,91,103000001,103000092,Mastery
103000092,1,MasteryLevel92,84800,91,92,103000001,103000093,Mastery
103000093,1,MasteryLevel93,86700,92,93,103000001,103000094,Mastery
103000094,1,MasteryLevel94,88600,93,94,103000001,103000095,Mastery
103000095,1,MasteryLevel95,90500,94,95,103000001,103000096,Mastery
103000096,1,MasteryLevel96,92400,95,96,103000001,103000097,Mastery
103000097,1,MasteryLevel97,94300,96,97,103000001,103000098,Mastery
103000098,1,MasteryLevel98,96200,97,98,103000001,103000099,Mastery
103000099,1,MasteryLevel99,98100,98,99,103000001,103000100,Mastery
103000100,1,MasteryLevel100,100000,99,100,103000001,103000101,Mastery
103000101,1,MasteryLevel101,106900,100,101,103000001,103000102,Mastery
103000102,1,MasteryLevel102,113800,101,102,103000001,103000103,Mastery
103000103,1,MasteryLevel103,120700,102,103,103000001,103000104,Mastery
103000104,1,MasteryLevel104,127600,103,104,103000001,103000105,Mastery
103000105,1,MasteryLevel105,134500,104,105,103000001,103000106,Mastery
103000106,1,MasteryLevel106,141400,105,106,103000001,103000107,Mastery
103000107,1,MasteryLevel107,148300,106,107,103000001,103000108,Mastery
103000108,1,MasteryLevel108,155200,107,108,103000001,103000109,Mastery
103000109,1,MasteryLevel109,162100,108,109,103000001,103000110,Mastery
103000110,1,MasteryLevel110,169000,109,110,103000001,103000111,Mastery
103000111,1,MasteryLevel111,180900,110,111,103000001,103000112,Mastery
103000112,1,MasteryLevel112,192800,111,112,103000001,103000113,Mastery
103000113,1,MasteryLevel113,204700,112,113,103000001,103000114,Mastery
103000114,1,MasteryLevel114,216600,113,114,103000001,103000115,Mastery
103000115,1,MasteryLevel115,228500,114,115,103000001,103000116,Mastery
103000116,1,MasteryLevel116,240400,115,116,103000001,103000117,Mastery
103000117,1,MasteryLevel117,252300,116,117,103000001,103000118,Mastery
103000118,1,MasteryLevel118,264200,117,118,103000001,103000119,Mastery
103000119,1,MasteryLevel119,276100,118,119,103000001,103000120,Mastery
103000120,1,MasteryLevel120,288000,119,120,103000001,103000121,Mastery
103000121,1,MasteryLevel121,304900,120,121,103000001,103000122,Mastery
103000122,1,MasteryLevel122,321800,121,122,103000001,103000123,Mastery
103000123,1,MasteryLevel123,338700,122,123,103000001,103000124,Mastery
103000124,1,MasteryLevel124,355600,123,124,103000001,103000125,Mastery
103000125,1,MasteryLevel125,372500,124,125,103000001,103000126,Mastery
103000126,1,MasteryLevel126,389400,125,126,103000001,103000127,Mastery
103000127,1,MasteryLevel127,406300,126,127,103000001,103000128,Mastery
103000128,1,MasteryLevel128,423200,127,128,103000001,103000129,Mastery
103000129,1,MasteryLevel129,440100,128,129,103000001,103000130,Mastery
103000130,1,MasteryLevel130,457000,129,130,103000001,103000131,Mastery
103000131,1,MasteryLevel131,478900,130,131,103000001,103000132,Mastery
103000132,1,MasteryLevel132,500800,131,132,103000001,103000133,Mastery
103000133,1,MasteryLevel133,522700,132,133,103000001,103000134,Mastery
103000134,1,MasteryLevel134,544600,133,134,103000001,103000135,Mastery
103000135,1,MasteryLevel135,566500,134,135,103000001,103000136,Mastery
103000136,1,MasteryLevel136,588400,135,136,103000001,103000137,Mastery
103000137,1,MasteryLevel137,610300,136,137,103000001,103000138,Mastery
103000138,1,MasteryLevel138,632200,137,138,103000001,103000139,Mastery
103000139,1,MasteryLevel139,654100,138,139,103000001,103000140,Mastery
103000140,1,MasteryLevel140,676000,139,140,103000001,103000141,Mastery
103000141,1,MasteryLevel141,702900,140,141,103000001,103000142,Mastery
103000142,1,MasteryLevel142,729800,141,142,103000001,103000143,Mastery
103000143,1,MasteryLevel143,756700,142,143,103000001,103000144,Mastery
103000144,1,MasteryLevel144,783600,143,144,103000001,103000145,Mastery
103000145,1,MasteryLevel145,810500,144,145,103000001,103000146,Mastery
103000146,1,MasteryLevel146,837400,145,146,103000001,103000147,Mastery
103000147,1,MasteryLevel147,864300,146,147,103000001,103000148,Mastery
103000148,1,MasteryLevel148,891200,147,148,103000001,103000149,Mastery
103000149,1,MasteryLevel149,918100,148,149,103000001,103000150,Mastery
103000150,1,MasteryLevel150,945000,149,150,103000001,103000151,Mastery
103000151,1,MasteryLevel151,976900,150,151,103000001,103000152,Mastery
103000152,1,MasteryLevel152,1008800,151,152,103000001,103000153,Mastery
103000153,1,MasteryLevel153,1040700,152,153,103000001,103000154,Mastery
103000154,1,MasteryLevel154,1072600,153,154,103000001,103000155,Mastery
103000155,1,MasteryLevel155,1104500,154,155,103000001,103000156,Mastery
103000156,1,MasteryLevel156,1136400,155,156,103000001,103000157,Mastery
103000157,1,MasteryLevel157,1168300,156,157,103000001,103000158,Mastery
103000158,1,MasteryLevel158,1200200,157,158,103000001,103000159,Mastery
103000159,1,MasteryLevel159,1232100,158,159,103000001,103000160,Mastery
103000160,1,MasteryLevel160,1264000,159,160,103000001,103000161,Mastery
103000161,1,MasteryLevel161,1300900,160,161,103000001,103000162,Mastery
103000162,1,MasteryLevel162,1337800,161,162,103000001,103000163,Mastery
103000163,1,MasteryLevel163,1374700,162,163,103000001,103000164,Mastery
103000164,1,MasteryLevel164,1411600,163,164,103000001,103000165,Mastery
103000165,1,MasteryLevel165,1448500,164,165,103000001,103000166,Mastery
103000166,1,MasteryLevel166,1485400,165,166,103000001,103000167,Mastery
103000167,1,MasteryLevel167,1522300,166,167,103000001,103000168,Mastery
103000168,1,MasteryLevel168,1559200,167,168,103000001,103000169,Mastery
103000169,1,MasteryLevel169,1596100,168,169,103000001,103000170,Mastery
103000170,1,MasteryLevel170,1633000,169,170,103000001,103000171,Mastery
103000171,1,MasteryLevel171,1674900,170,171,103000001,103000172,Mastery
103000172,1,MasteryLevel172,1716800,171,172,103000001,103000173,Mastery
103000173,1,MasteryLevel173,1758700,172,173,103000001,103000174,Mastery
103000174,1,MasteryLevel174,1800600,173,174,103000001,103000175,Mastery
103000175,1,MasteryLevel175,1842500,174,175,103000001,103000176,Mastery
103000176,1,MasteryLevel176,1884400,175,176,103000001,103000177,Mastery
103000177,1,MasteryLevel177,1926300,176,177,103000001,103000178,Mastery
103000178,1,MasteryLevel178,1968200,177,178,103000001,103000179,Mastery
103000179,1,MasteryLevel179,2010100,178,179,103000001,103000180,Mastery
103000180,1,MasteryLevel180,2052000,179,180,103000001,103000181,Mastery
103000181,1,MasteryLevel181,2098900,180,181,103000001,103000182,Mastery
103000182,1,MasteryLevel182,2145800,181,182,103000001,103000183,Mastery
103000183,1,MasteryLevel183,2192700,182,183,103000001,103000184,Mastery
103000184,1,MasteryLevel184,2239600,183,184,103000001,103000185,Mastery
103000185,1,MasteryLevel185,2286500,184,185,103000001,103000186,Mastery
103000186,1,MasteryLevel186,2333400,185,186,103000001,103000187,Mastery
103000187,1,MasteryLevel187,2380300,186,187,103000001,103000188,Mastery
103000188,1,MasteryLevel188,2427200,187,188,103000001,103000189,Mastery
103000189,1,MasteryLevel189,2474100,188,189,103000001,103000190,Mastery
103000190,1,MasteryLevel190,2521000,189,190,103000001,103000191,Mastery
103000191,1,MasteryLevel191,2572900,190,191,103000001,103000192,Mastery
103000192,1,MasteryLevel192,2624800,191,192,103000001,103000193,Mastery
103000193,1,MasteryLevel193,2676700,192,193,103000001,103000194,Mastery
103000194,1,MasteryLevel194,2728600,193,194,103000001,103000195,Mastery
103000195,1,MasteryLevel195,2780500,194,195,103000001,103000196,Mastery
103000196,1,MasteryLevel196,2832400,195,196,103000001,103000197,Mastery
103000197,1,MasteryLevel197,2884300,196,197,103000001,103000198,Mastery
103000198,1,MasteryLevel198,2936200,197,198,103000001,103000199,Mastery
103000199,1,MasteryLevel199,2988100,198,199,103000001,103000200,Mastery
103000200,1,MasteryLevel200,3040000,199,200,103000001,103000201,Mastery
103000201,1,MasteryLevel201,3096900,200,201,103000001,103000202,Mastery
103000202,1,MasteryLevel202,3153800,201,202,103000001,103000203,Mastery
103000203,1,MasteryLevel203,3210700,202,203,103000001,103000204,Mastery
103000204,1,MasteryLevel204,3267600,203,204,103000001,103000205,Mastery
103000205,1,MasteryLevel205,3324500,204,205,103000001,103000206,Mastery
103000206,1,MasteryLevel206,3381400,205,206,103000001,103000207,Mastery
103000207,1,MasteryLevel207,3438300,206,207,103000001,103000208,Mastery
103000208,1,MasteryLevel208,3495200,207,208,103000001,103000209,Mastery
103000209,1,MasteryLevel209,3552100,208,209,103000001,103000210,Mastery
103000210,1,MasteryLevel210,3609000,209,210,103000001,103000211,Mastery
103000211,1,MasteryLevel211,3670900,210,211,103000001,103000212,Mastery
103000212,1,MasteryLevel212,3732800,211,212,103000001,103000213,Mastery
103000213,1,MasteryLevel213,3794700,212,213,103000001,103000214,Mastery
103000214,1,MasteryLevel214,3856600,213,214,103000001,103000215,Mastery
103000215,1,MasteryLevel215,3918500,214,215,103000001,103000216,Mastery
103000216,1,MasteryLevel216,3980400,215,216,103000001,103000217,Mastery
103000217,1,MasteryLevel217,4042300,216,217,103000001,103000218,Mastery
103000218,1,MasteryLevel218,4104200,217,218,103000001,103000219,Mastery
103000219,1,MasteryLevel219,4166100,218,219,103000001,103000220,Mastery
103000220,1,MasteryLevel220,4228000,219,220,103000001,103000221,Mastery
103000221,1,MasteryLevel221,4294900,220,221,103000001,103000222,Mastery
103000222,1,MasteryLevel222,4361800,221,222,103000001,103000223,Mastery
103000223,1,MasteryLevel223,4428700,222,223,103000001,103000224,Mastery
103000224,1,MasteryLevel224,4495600,223,224,103000001,103000225,Mastery
103000225,1,MasteryLevel225,4562500,224,225,103000001,103000226,Mastery
103000226,1,MasteryLevel226,4629400,225,226,103000001,103000227,Mastery
103000227,1,MasteryLevel227,4696300,226,227,103000001,103000228,Mastery
103000228,1,MasteryLevel228,4763200,227,228,103000001,103000229,Mastery
103000229,1,MasteryLevel229,4830100,228,229,103000001,103000230,Mastery
103000230,1,MasteryLevel230,4897000,229,230,103000001,103000231,Mastery
103000231,1,MasteryLevel231,4968900,230,231,103000001,103000232,Mastery
103000232,1,MasteryLevel232,5040800,231,232,103000001,103000233,Mastery
103000233,1,MasteryLevel233,5112700,232,233,103000001,103000234,Mastery
103000234,1,MasteryLevel234,5184600,233,234,103000001,103000235,Mastery
103000235,1,MasteryLevel235,5256500,234,235,103000001,103000236,Mastery
103000236,1,MasteryLevel236,5328400,235,236,103000001,103000237,Mastery
103000237,1,MasteryLevel237,5400300,236,237,103000001,103000238,Mastery
103000238,1,MasteryLevel238,5472200,237,238,103000001,103000239,Mastery
103000239,1,MasteryLevel239,5544100,238,239,103000001,103000240,Mastery
103000240,1,MasteryLevel240,5616000,239,240,103000001,103000241,Mastery
103000241,1,MasteryLevel241,5692900,240,241,103000001,103000242,Mastery
103000242,1,MasteryLevel242,5769800,241,242,103000001,103000243,Mastery
103000243,1,MasteryLevel243,5846700,242,243,103000001,103000244,Mastery
103000244,1,MasteryLevel244,5923600,243,244,103000001,103000245,Mastery
103000245,1,MasteryLevel245,6000500,244,245,103000001,103000246,Mastery
103000246,1,MasteryLevel246,6077400,245,246,103000001,103000247,Mastery
103000247,1,MasteryLevel247,6154300,246,247,103000001,103000248,Mastery
103000248,1,MasteryLevel248,6231200,247,248,103000001,103000249,Mastery
103000249,1,MasteryLevel249,6308100,248,249,103000001,103000250,Mastery
103000250,1,MasteryLevel250,6385000,249,250,103000001,103000251,Mastery
103000251,1,MasteryLevel251,6466900,250,251,103000001,103000252,Mastery
103000252,1,MasteryLevel252,6548800,251,252,103000001,103000253,Mastery
103000253,1,MasteryLevel253,6630700,252,253,103000001,103000254,Mastery
103000254,1,MasteryLevel254,6712600,253,254,103000001,103000255,Mastery
103000255,1,MasteryLevel255,6794500,254,255,103000001,103000256,Mastery
103000256,1,MasteryLevel256,6876400,255,256,103000001,103000257,Mastery
103000257,1,MasteryLevel257,6958300,256,257,103000001,103000258,Mastery
103000258,1,MasteryLevel258,7040200,257,258,103000001,103000259,Mastery
103000259,1,MasteryLevel259,7122100,258,259,103000001,103000260,Mastery
103000260,1,MasteryLevel260,7204000,259,260,103000001,103000261,Mastery
103000261,1,MasteryLevel261,7290900,260,261,103000001,103000262,Mastery
103000262,1,MasteryLevel262,7377800,261,262,103000001,103000263,Mastery
103000263,1,MasteryLevel263,7464700,262,263,103000001,103000264,Mastery
103000264,1,MasteryLevel264,7551600,263,264,103000001,103000265,Mastery
103000265,1,MasteryLevel265,7638500,264,265,103000001,103000266,Mastery
103000266,1,MasteryLevel266,7725400,265,266,103000001,103000267,Mastery
103000267,1,MasteryLevel267,7812300,266,267,103000001,103000268,Mastery
103000268,1,MasteryLevel268,7899200,267,268,103000001,103000269,Mastery
103000269,1,MasteryLevel269,7986100,268,269,103000001,103000270,Mastery
103000270,1,MasteryLevel270,8073000,269,270,103000001,103000271,Mastery
103000271,1,MasteryLevel271,8164900,270,271,103000001,103000272,Mastery
103000272,1,MasteryLevel272,8256800,271,272,103000001,103000273,Mastery
103000273,1,MasteryLevel273,8348700,272,273,103000001,103000274,Mastery
103000274,1,MasteryLevel274,8440600,273,274,103000001,103000275,Mastery
103000275,1,MasteryLevel275,8532500,274,275,103000001,103000276,Mastery
103000276,1,MasteryLevel276,8624400,275,276,103000001,103000277,Mastery
103000277,1,MasteryLevel277,8716300,276,277,103000001,103000278,Mastery
103000278,1,MasteryLevel278,8808200,277,278,103000001,103000279,Mastery
103000279,1,MasteryLevel279,8900100,278,279,103000001,103000280,Mastery
103000280,1,MasteryLevel280,8992000,279,280,103000001,103000281,Mastery
103000281,1,MasteryLevel281,9088900,280,281,103000001,103000282,Mastery
103000282,1,MasteryLevel282,9185800,281,282,103000001,103000283,Mastery
103000283,1,MasteryLevel283,9282700,282,283,103000001,103000284,Mastery
103000284,1,MasteryLevel284,9379600,283,284,103000001,103000285,Mastery
103000285,1,MasteryLevel285,9476500,284,285,103000001,103000286,Mastery
103000286,1,MasteryLevel286,9573400,285,286,103000001,103000287,Mastery
103000287,1,MasteryLevel287,9670300,286,287,103000001,103000288,Mastery
103000288,1,MasteryLevel288,9767200,287,288,103000001,103000289,Mastery
103000289,1,MasteryLevel289,9864100,288,289,103000001,103000290,Mastery
103000290,1,MasteryLevel290,9961000,289,290,103000001,103000291,Mastery
103000291,1,MasteryLevel291,10062900,290,291,103000001,103000292,Mastery
103000292,1,MasteryLevel292,10164800,291,292,103000001,103000293,Mastery
103000293,1,MasteryLevel293,10266700,292,293,103000001,103000294,Mastery
103000294,1,MasteryLevel294,10368600,293,294,103000001,103000295,Mastery
103000295,1,MasteryLevel295,10470500,294,295,103000001,103000296,Mastery
103000296,1,MasteryLevel296,10572400,295,296,103000001,103000297,Mastery
103000297,1,MasteryLevel297,10674300,296,297,103000001,103000298,Mastery
103000298,1,MasteryLevel298,10776200,297,298,103000001,103000299,Mastery
103000299,1,MasteryLevel299,10878100,298,299,103000001,103000300,Mastery
103000300,1,MasteryLevel300,10980000,299,300,103000001,103000301,Mastery
103000301,1,MasteryLevel301,11101900,300,301,103000001,103000302,Mastery
103000302,1,MasteryLevel302,11223800,301,302,103000001,103000303,Mastery
103000303,1,MasteryLevel303,11345700,302,303,103000001,103000304,Mastery
103000304,1,MasteryLevel304,11467600,303,304,103000001,103000305,Mastery
103000305,1,MasteryLevel305,11589500,304,305,103000001,103000306,Mastery
103000306,1,MasteryLevel306,11711400,305,306,103000001,103000307,Mastery
103000307,1,MasteryLevel307,11833300,306,307,103000001,103000308,Mastery
103000308,1,MasteryLevel308,11955200,307,308,103000001,103000309,Mastery
103000309,1,MasteryLevel309,12077100,308,309,103000001,103000310,Mastery
103000310,1,MasteryLevel310,12199000,309,310,103000001,103000311,Mastery
103000311,1,MasteryLevel311,12340900,310,311,103000001,103000312,Mastery
103000312,1,MasteryLevel312,12482800,311,312,103000001,103000313,Mastery
103000313,1,MasteryLevel313,12624700,312,313,103000001,103000314,Mastery
103000314,1,MasteryLevel314,12766600,313,314,103000001,103000315,Mastery
103000315,1,MasteryLevel315,12908500,314,315,103000001,103000316,Mastery
103000316,1,MasteryLevel316,13050400,315,316,103000001,103000317,Mastery
103000317,1,MasteryLevel317,13192300,316,317,103000001,103000318,Mastery
103000318,1,MasteryLevel318,13334200,317,318,103000001,103000319,Mastery
103000319,1,MasteryLevel319,13476100,318,319,103000001,103000320,Mastery
103000320,1,MasteryLevel320,13618000,319,320,103000001,103000321,Mastery
103000321,1,MasteryLevel321,13779900,320,321,103000001,103000322,Mastery
103000322,1,MasteryLevel322,13941800,321,322,103000001,103000323,Mastery
103000323,1,MasteryLevel323,14103700,322,323,103000001,103000324,Mastery
103000324,1,MasteryLevel324,14265600,323,324,103000001,103000325,Mastery
103000325,1,MasteryLevel325,14427500,324,325,103000001,103000326,Mastery
103000326,1,MasteryLevel326,14589400,325,326,103000001,103000327,Mastery
103000327,1,MasteryLevel327,14751300,326,327,103000001,103000328,Mastery
103000328,1,MasteryLevel328,14913200,327,328,103000001,103000329,Mastery
103000329,1,MasteryLevel329,15075100,328,329,103000001,103000330,Mastery
103000330,1,MasteryLevel330,15237000,329,330,103000001,103000331,Mastery
103000331,1,MasteryLevel331,15418900,330,331,103000001,103000332,Mastery
103000332,1,MasteryLevel332,15600800,331,332,103000001,103000333,Mastery
103000333,1,MasteryLevel333,15782700,332,333,103000001,103000334,Mastery
103000334,1,MasteryLevel334,15964600,333,334,103000001,103000335,Mastery
103000335,1,MasteryLevel335,16146500,334,335,103000001,103000336,Mastery
103000336,1,MasteryLevel336,16328400,335,336,103000001,103000337,Mastery
103000337,1,MasteryLevel337,16510300,336,337,103000001,103000338,Mastery
103000338,1,MasteryLevel338,16692200,337,338,103000001,103000339,Mastery
103000339,1,MasteryLevel339,16874100,338,339,103000001,103000340,Mastery
103000340,1,MasteryLevel340,17056000,339,340,103000001,103000341,Mastery
103000341,1,MasteryLevel341,17257900,340,341,103000001,103000342,Mastery
103000342,1,MasteryLevel342,17459800,341,342,103000001,103000343,Mastery
103000343,1,MasteryLevel343,17661700,342,343,103000001,103000344,Mastery
103000344,1,MasteryLevel344,17863600,343,344,103000001,103000345,Mastery
103000345,1,MasteryLevel345,18065500,344,345,103000001,103000346,Mastery
103000346,1,MasteryLevel346,18267400,345,346,103000001,103000347,Mastery
103000347,1,MasteryLevel347,18469300,346,347,103000001,103000348,Mastery
103000348,1,MasteryLevel348,18671200,347,348,103000001,103000349,Mastery
103000349,1,MasteryLevel349,18873100,348,349,103000001,103000350,Mastery
103000350,1,MasteryLevel350,19075000,349,350,103000001,103000351,Mastery
103000351,1,MasteryLevel351,19296900,350,351,103000001,103000352,Mastery
103000352,1,MasteryLevel352,19518800,351,352,103000001,103000353,Mastery
103000353,1,MasteryLevel353,19740700,352,353,103000001,103000354,Mastery
103000354,1,MasteryLevel354,19962600,353,354,103000001,103000355,Mastery
103000355,1,MasteryLevel355,20184500,354,355,103000001,103000356,Mastery
103000356,1,MasteryLevel356,20406400,355,356,103000001,103000357,Mastery
103000357,1,MasteryLevel357,20628300,356,357,103000001,103000358,Mastery
103000358,1,MasteryLevel358,20850200,357,358,103000001,103000359,Mastery
103000359,1,MasteryLevel359,21072100,358,359,103000001,103000360,Mastery
103000360,1,MasteryLevel360,21294000,359,360,103000001,103000361,Mastery
103000361,1,MasteryLevel361,21535900,360,361,103000001,103000362,Mastery
103000362,1,MasteryLevel362,21777800,361,362,103000001,103000363,Mastery
103000363,1,MasteryLevel363,22019700,362,363,103000001,103000364,Mastery
103000364,1,MasteryLevel364,22261600,363,364,103000001,103000365,Mastery
103000365,1,MasteryLevel365,22503500,364,365,103000001,103000366,Mastery
103000366,1,MasteryLevel366,22745400,365,366,103000001,103000367,Mastery
103000367,1,MasteryLevel367,22987300,366,367,103000001,103000368,Mastery
103000368,1,MasteryLevel368,23229200,367,368,103000001,103000369,Mastery
103000369,1,MasteryLevel369,23471100,368,369,103000001,103000370,Mastery
103000370,1,MasteryLevel370,23713000,369,370,103000001,103000371,Mastery
103000371,1,MasteryLevel371,23974900,370,371,103000001,103000372,Mastery
103000372,1,MasteryLevel372,24236800,371,372,103000001,103000373,Mastery
103000373,1,MasteryLevel373,24498700,372,373,103000001,103000374,Mastery
103000374,1,MasteryLevel374,24760600,373,374,103000001,103000375,Mastery
103000375,1,MasteryLevel375,25022500,374,375,103000001,103000376,Mastery
103000376,1,MasteryLevel376,25284400,375,376,103000001,103000377,Mastery
103000377,1,MasteryLevel377,25546300,376,377,103000001,103000378,Mastery
103000378,1,MasteryLevel378,25808200,377,378,103000001,103000379,Mastery
103000379,1,MasteryLevel379,26070100,378,379,103000001,103000380,Mastery
103000380,1,MasteryLevel380,26332000,379,380,103000001,103000381,Mastery
103000381,1,MasteryLevel381,26613900,380,381,103000001,103000382,Mastery
103000382,1,MasteryLevel382,26895800,381,382,103000001,103000383,Mastery
103000383,1,MasteryLevel383,27177700,382,383,103000001,103000384,Mastery
103000384,1,MasteryLevel384,27459600,383,384,103000001,103000385,Mastery
103000385,1,MasteryLevel385,27741500,384,385,103000001,103000386,Mastery
103000386,1,MasteryLevel386,28023400,385,386,103000001,103000387,Mastery
103000387,1,MasteryLevel387,28305300,386,387,103000001,103000388,Mastery
103000388,1,MasteryLevel388,28587200,387,388,103000001,103000389,Mastery
103000389,1,MasteryLevel389,28869100,388,389,103000001,103000390,Mastery
103000390,1,MasteryLevel390,29151000,389,390,103000001,103000391,Mastery
103000391,1,MasteryLevel391,29452900,390,391,103000001,103000392,Mastery
103000392,1,MasteryLevel392,29754800,391,392,103000001,103000393,Mastery
103000393,1,MasteryLevel393,30056700,392,393,103000001,103000394,Mastery
103000394,1,MasteryLevel394,30358600,393,394,103000001,103000395,Mastery
103000395,1,MasteryLevel395,30660500,394,395,103000001,103000396,Mastery
103000396,1,MasteryLevel396,30962400,395,396,103000001,103000397,Mastery
103000397,1,MasteryLevel397,31264300,396,397,103000001,103000398,Mastery
103000398,1,MasteryLevel398,31566200,397,398,103000001,103000399,Mastery
103000399,1,MasteryLevel399,31868100,398,399,103000001,103000400,Mastery
103000400,1,MasteryLevel400,32170000,399,400,103000001,103000401,Mastery
103000401,1,MasteryLevel401,32491900,400,401,103000001,103000402,Mastery
103000402,1,MasteryLevel402,32813800,401,402,103000001,103000403,Mastery
103000403,1,MasteryLevel403,33135700,402,403,103000001,103000404,Mastery
103000404,1,MasteryLevel404,33457600,403,404,103000001,103000405,Mastery
103000405,1,MasteryLevel405,33779500,404,405,103000001,103000406,Mastery
103000406,1,MasteryLevel406,34101400,405,406,103000001,103000407,Mastery
103000407,1,MasteryLevel407,34423300,406,407,103000001,103000408,Mastery
103000408,1,MasteryLevel408,34745200,407,408,103000001,103000409,Mastery
103000409,1,MasteryLevel409,35067100,408,409,103000001,103000410,Mastery
103000410,1,MasteryLevel410,35389000,409,410,103000001,103000411,Mastery
103000411,1,MasteryLevel411,35730900,410,411,103000001,103000412,Mastery
103000412,1,MasteryLevel412,36072800,411,412,103000001,103000413,Mastery
103000413,1,MasteryLevel413,36414700,412,413,103000001,103000414,Mastery
103000414,1,MasteryLevel414,36756600,413,414,103000001,103000415,Mastery
103000415,1,MasteryLevel415,37098500,414,415,103000001,103000416,Mastery
103000416,1,MasteryLevel416,37440400,415,416,103000001,103000417,Mastery
103000417,1,MasteryLevel417,37782300,416,417,103000001,103000418,Mastery
103000418,1,MasteryLevel418,38124200,417,418,103000001,103000419,Mastery
103000419,1,MasteryLevel419,38466100,418,419,103000001,103000420,Mastery
103000420,1,MasteryLevel420,38808000,419,420,103000001,103000421,Mastery
103000421,1,MasteryLevel421,39169900,420,421,103000001,103000422,Mastery
103000422,1,MasteryLevel422,39531800,421,422,103000001,103000423,Mastery
103000423,1,MasteryLevel423,39893700,422,423,103000001,103000424,Mastery
103000424,1,MasteryLevel424,40255600,423,424,103000001,103000425,Mastery
103000425,1,MasteryLevel425,40617500,424,425,103000001,103000426,Mastery
103000426,1,MasteryLevel426,40979400,425,426,103000001,103000427,Mastery
103000427,1,MasteryLevel427,41341300,426,427,103000001,103000428,Mastery
103000428,1,MasteryLevel428,41703200,427,428,103000001,103000429,Mastery
103000429,1,MasteryLevel429,42065100,428,429,103000001,103000430,Mastery
103000430,1,MasteryLevel430,42427000,429,430,103000001,103000431,Mastery
103000431,1,MasteryLevel431,42808900,430,431,103000001,103000432,Mastery
103000432,1,MasteryLevel432,43190800,431,432,103000001,103000433,Mastery
103000433,1,MasteryLevel433,43572700,432,433,103000001,103000434,Mastery
103000434,1,MasteryLevel434,43954600,433,434,103000001,103000435,Mastery
103000435,1,MasteryLevel435,44336500,434,435,103000001,103000436,Mastery
103000436,1,MasteryLevel436,44718400,435,436,103000001,103000437,Mastery
103000437,1,MasteryLevel437,45100300,436,437,103000001,103000438,Mastery
103000438,1,MasteryLevel438,45482200,437,438,103000001,103000439,Mastery
103000439,1,MasteryLevel439,45864100,438,439,103000001,103000440,Mastery
103000440,1,MasteryLevel440,46246000,439,440,103000001,103000441,Mastery
103000441,1,MasteryLevel441,46647900,440,441,103000001,103000442,Mastery
103000442,1,MasteryLevel442,47049800,441,442,103000001,103000443,Mastery
103000443,1,MasteryLevel443,47451700,442,443,103000001,103000444,Mastery
103000444,1,MasteryLevel444,47853600,443,444,103000001,103000445,Mastery
103000445,1,MasteryLevel445,48255500,444,445,103000001,103000446,Mastery
103000446,1,MasteryLevel446,48657400,445,446,103000001,103000447,Mastery
103000447,1,MasteryLevel447,49059300,446,447,103000001,103000448,Mastery
103000448,1,MasteryLevel448,49461200,447,448,103000001,103000449,Mastery
103000449,1,MasteryLevel449,49863100,448,449,103000001,103000450,Mastery
103000450,1,MasteryLevel450,50265000,449,450,103000001,103000451,Mastery
103000451,1,MasteryLevel451,50686900,450,451,103000001,103000452,Mastery
103000452,1,MasteryLevel452,51108800,451,452,103000001,103000453,Mastery
103000453,1,MasteryLevel453,51530700,452,453,103000001,103000454,Mastery
103000454,1,MasteryLevel454,51952600,453,454,103000001,103000455,Mastery
103000455,1,MasteryLevel455,52374500,454,455,103000001,103000456,Mastery
103000456,1,MasteryLevel456,52796400,455,456,103000001,103000457,Mastery
103000457,1,MasteryLevel457,53218300,456,457,103000001,103000458,Mastery
103000458,1,MasteryLevel458,53640200,457,458,103000001,103000459,Mastery
103000459,1,MasteryLevel459,54062100,458,459,103000001,103000460,Mastery
103000460,1,MasteryLevel460,54484000,459,460,103000001,103000461,Mastery
103000461,1,MasteryLevel461,54925900,460,461,103000001,103000462,Mastery
103000462,1,MasteryLevel462,55367800,461,462,103000001,103000463,Mastery
103000463,1,MasteryLevel463,55809700,462,463,103000001,103000464,Mastery
103000464,1,MasteryLevel464,56251600,463,464,103000001,103000465,Mastery
103000465,1,MasteryLevel465,56693500,464,465,103000001,103000466,Mastery
103000466,1,MasteryLevel466,57135400,465,466,103000001,103000467,Mastery
103000467,1,MasteryLevel467,57577300,466,467,103000001,103000468,Mastery
103000468,1,MasteryLevel468,58019200,467,468,103000001,103000469,Mastery
103000469,1,MasteryLevel469,58461100,468,469,103000001,103000470,Mastery
103000470,1,MasteryLevel470,58903000,469,470,103000001,103000471,Mastery
103000471,1,MasteryLevel471,59364900,470,471,103000001,103000472,Mastery
103000472,1,MasteryLevel472,59826800,471,472,103000001,103000473,Mastery
103000473,1,MasteryLevel473,60288700,472,473,103000001,103000474,Mastery
103000474,1,MasteryLevel474,60750600,473,474,103000001,103000475,Mastery
103000475,1,MasteryLevel475,61212500,474,475,103000001,103000476,Mastery
103000476,1,MasteryLevel476,61674400,475,476,103000001,103000477,Mastery
103000477,1,MasteryLevel477,62136300,476,477,103000001,103000478,Mastery
103000478,1,MasteryLevel478,62598200,477,478,103000001,103000479,Mastery
103000479,1,MasteryLevel479,63060100,478,479,103000001,103000480,Mastery
103000480,1,MasteryLevel480,63522000,479,480,103000001,103000481,Mastery
103000481,1,MasteryLevel481,64003900,480,481,103000001,103000482,Mastery
103000482,1,MasteryLevel482,64485800,481,482,103000001,103000483,Mastery
103000483,1,MasteryLevel483,64967700,482,483,103000001,103000484,Mastery
103000484,1,MasteryLevel484,65449600,483,484,103000001,103000485,Mastery
103000485,1,MasteryLevel485,65931500,484,485,103000001,103000486,Mastery
103000486,1,MasteryLevel486,66413400,485,486,103000001,103000487,Mastery
103000487,1,MasteryLevel487,66895300,486,487,103000001,103000488,Mastery
103000488,1,MasteryLevel488,67377200,487,488,103000001,103000489,Mastery
103000489,1,MasteryLevel489,67859100,488,489,103000001,103000490,Mastery
103000490,1,MasteryLevel490,68341000,489,490,103000001,103000491,Mastery
103000491,1,MasteryLevel491,68842900,490,491,103000001,103000492,Mastery
103000492,1,MasteryLevel492,69344800,491,492,103000001,103000493,Mastery
103000493,1,MasteryLevel493,69846700,492,493,103000001,103000494,Mastery
103000494,1,MasteryLevel494,70348600,493,494,103000001,103000495,Mastery
103000495,1,MasteryLevel495,70850500,494,495,103000001,103000496,Mastery
103000496,1,MasteryLevel496,71352400,495,496,103000001,103000497,Mastery
103000497,1,MasteryLevel497,71854300,496,497,103000001,103000498,Mastery
103000498,1,MasteryLevel498,72356200,497,498,103000001,103000499,Mastery
103000499,1,MasteryLevel499,72858100,498,499,103000001,103000500,Mastery
103000500,1,MasteryLevel500,73360000,499,500,103000001,103000501,Mastery
103000501,1,MasteryLevel501,73881900,500,501,103000001,103000502,Mastery
103000502,1,MasteryLevel502,74403800,501,502,103000001,103000503,Mastery
103000503,1,MasteryLevel503,74925700,502,503,103000001,103000504,Mastery
103000504,1,MasteryLevel504,75447600,503,504,103000001,103000505,Mastery
103000505,1,MasteryLevel505,75969500,504,505,103000001,103000506,Mastery
103000506,1,MasteryLevel506,76491400,505,506,103000001,103000507,Mastery
103000507,1,MasteryLevel507,77013300,506,507,103000001,103000508,Mastery
103000508,1,MasteryLevel508,77535200,507,508,103000001,103000509,Mastery
103000509,1,MasteryLevel509,78057100,508,509,103000001,103000510,Mastery
103000510,1,MasteryLevel510,78579000,509,510,103000001,103000511,Mastery
103000511,1,MasteryLevel511,79120900,510,511,103000001,103000512,Mastery
103000512,1,MasteryLevel512,79662800,511,512,103000001,103000513,Mastery
103000513,1,MasteryLevel513,80204700,512,513,103000001,103000514,Mastery
103000514,1,MasteryLevel514,80746600,513,514,103000001,103000515,Mastery
103000515,1,MasteryLevel515,81288500,514,515,103000001,103000516,Mastery
103000516,1,MasteryLevel516,81830400,515,516,103000001,103000517,Mastery
103000517,1,MasteryLevel517,82372300,516,517,103000001,103000518,Mastery
103000518,1,MasteryLevel518,82914200,517,518,103000001,103000519,Mastery
103000519,1,MasteryLevel519,83456100,518,519,103000001,103000520,Mastery
103000520,1,MasteryLevel520,83998000,519,520,103000001,103000521,Mastery
103000521,1,MasteryLevel521,84559900,520,521,103000001,103000522,Mastery
103000522,1,MasteryLevel522,85121800,521,522,103000001,103000523,Mastery
103000523,1,MasteryLevel523,85683700,522,523,103000001,103000524,Mastery
103000524,1,MasteryLevel524,86245600,523,524,103000001,103000525,Mastery
103000525,1,MasteryLevel525,86807500,524,525,103000001,103000526,Mastery
103000526,1,MasteryLevel526,87369400,525,526,103000001,103000527,Mastery
103000527,1,MasteryLevel527,87931300,526,527,103000001,103000528,Mastery
103000528,1,MasteryLevel528,88493200,527,528,103000001,103000529,Mastery
103000529,1,MasteryLevel529,89055100,528,529,103000001,103000530,Mastery
103000530,1,MasteryLevel530,89617000,529,530,103000001,103000531,Mastery
103000531,1,MasteryLevel531,90198900,530,531,103000001,103000532,Mastery
103000532,1,MasteryLevel532,90780800,531,532,103000001,103000533,Mastery
103000533,1,MasteryLevel533,91362700,532,533,103000001,103000534,Mastery
103000534,1,MasteryLevel534,91944600,533,534,103000001,103000535,Mastery
103000535,1,MasteryLevel535,92526500,534,535,103000001,103000536,Mastery
103000536,1,MasteryLevel536,93108400,535,536,103000001,103000537,Mastery
103000537,1,MasteryLevel537,93690300,536,537,103000001,103000538,Mastery
103000538,1,MasteryLevel538,94272200,537,538,103000001,103000539,Mastery
103000539,1,MasteryLevel539,94854100,538,539,103000001,103000540,Mastery
103000540,1,MasteryLevel540,95436000,539,540,103000001,103000541,Mastery
103000541,1,MasteryLevel541,96037900,540,541,103000001,103000542,Mastery
103000542,1,MasteryLevel542,96639800,541,542,103000001,103000543,Mastery
103000543,1,MasteryLevel543,97241700,542,543,103000001,103000544,Mastery
103000544,1,MasteryLevel544,97843600,543,544,103000001,103000545,Mastery
103000545,1,MasteryLevel545,98445500,544,545,103000001,103000546,Mastery
103000546,1,MasteryLevel546,99047400,545,546,103000001,103000547,Mastery
103000547,1,MasteryLevel547,99649300,546,547,103000001,103000548,Mastery
103000548,1,MasteryLevel548,100251200,547,548,103000001,103000549,Mastery
103000549,1,MasteryLevel549,100853100,548,549,103000001,103000550,Mastery
103000550,1,MasteryLevel550,101455000,549,550,103000001,103000551,Mastery
103000551,1,MasteryLevel551,102076900,550,551,103000001,103000552,Mastery
103000552,1,MasteryLevel552,102698800,551,552,103000001,103000553,Mastery
103000553,1,MasteryLevel553,103320700,552,553,103000001,103000554,Mastery
103000554,1,MasteryLevel554,103942600,553,554,103000001,103000555,Mastery
103000555,1,MasteryLevel555,104564500,554,555,103000001,103000556,Mastery
103000556,1,MasteryLevel556,105186400,555,556,103000001,103000557,Mastery
103000557,1,MasteryLevel557,105808300,556,557,103000001,103000558,Mastery
103000558,1,MasteryLevel558,106430200,557,558,103000001,103000559,Mastery
103000559,1,MasteryLevel559,107052100,558,559,103000001,103000560,Mastery
103000560,1,MasteryLevel560,107674000,559,560,103000001,103000561,Mastery
103000561,1,MasteryLevel561,108315900,560,561,103000001,103000562,Mastery
103000562,1,MasteryLevel562,108957800,561,562,103000001,103000563,Mastery
103000563,1,MasteryLevel563,109599700,562,563,103000001,103000564,Mastery
103000564,1,MasteryLevel564,110241600,563,564,103000001,103000565,Mastery
103000565,1,MasteryLevel565,110883500,564,565,103000001,103000566,Mastery
103000566,1,MasteryLevel566,111525400,565,566,103000001,103000567,Mastery
103000567,1,MasteryLevel567,112167300,566,567,103000001,103000568,Mastery
103000568,1,MasteryLevel568,112809200,567,568,103000001,103000569,Mastery
103000569,1,MasteryLevel569,113451100,568,569,103000001,103000570,Mastery
103000570,1,MasteryLevel570,114093000,569,570,103000001,103000571,Mastery
103000571,1,MasteryLevel571,114754900,570,571,103000001,103000572,Mastery
103000572,1,MasteryLevel572,115416800,571,572,103000001,103000573,Mastery
103000573,1,MasteryLevel573,116078700,572,573,103000001,103000574,Mastery
103000574,1,MasteryLevel574,116740600,573,574,103000001,103000575,Mastery
103000575,1,MasteryLevel575,117402500,574,575,103000001,103000576,Mastery
103000576,1,MasteryLevel576,118064400,575,576,103000001,103000577,Mastery
103000577,1,MasteryLevel577,118726300,576,577,103000001,103000578,Mastery
103000578,1,MasteryLevel578,119388200,577,578,103000001,103000579,Mastery
103000579,1,MasteryLevel579,120050100,578,579,103000001,103000580,Mastery
103000580,1,MasteryLevel580,120712000,579,580,103000001,103000581,Mastery
103000581,1,MasteryLevel581,121393900,580,581,103000001,103000582,Mastery
103000582,1,MasteryLevel582,122075800,581,582,103000001,103000583,Mastery
103000583,1,MasteryLevel583,122757700,582,583,103000001,103000584,Mastery
103000584,1,MasteryLevel584,123439600,583,584,103000001,103000585,Mastery
103000585,1,MasteryLevel585,124121500,584,585,103000001,103000586,Mastery
103000586,1,MasteryLevel586,124803400,585,586,103000001,103000587,Mastery
103000587,1,MasteryLevel587,125485300,586,587,103000001,103000588,Mastery
103000588,1,MasteryLevel588,126167200,587,588,103000001,103000589,Mastery
103000589,1,MasteryLevel589,126849100,588,589,103000001,103000590,Mastery
103000590,1,MasteryLevel590,127531000,589,590,103000001,103000591,Mastery
103000591,1,MasteryLevel591,128232900,590,591,103000001,103000592,Mastery
103000592,1,MasteryLevel592,128934800,591,592,103000001,103000593,Mastery
103000593,1,MasteryLevel593,129636700,592,593,103000001,103000594,Mastery
103000594,1,MasteryLevel594,130338600,593,594,103000001,103000595,Mastery
103000595,1,MasteryLevel595,131040500,594,595,103000001,103000596,Mastery
103000596,1,MasteryLevel596,131742400,595,596,103000001,103000597,Mastery
103000597,1,MasteryLevel597,132444300,596,597,103000001,103000598,Mastery
103000598,1,MasteryLevel598,133146200,597,598,103000001,103000599,Mastery
103000599,1,MasteryLevel599,133848100,598,599,103000001,103000600,Mastery
103000600,1,MasteryLevel600,134550000,599,600,103000001,103000601,Mastery
103000601,1,MasteryLevel601,135501900,600,601,103000001,103000602,Mastery
103000602,1,MasteryLevel602,136453800,601,602,103000001,103000603,Mastery
103000603,1,MasteryLevel603,137405700,602,603,103000001,103000604,Mastery
103000604,1,MasteryLevel604,138357600,603,604,103000001,103000605,Mastery
103000605,1,MasteryLevel605,139309500,604,605,103000001,103000606,Mastery
103000606,1,MasteryLevel606,140261400,605,606,103000001,103000607,Mastery
103000607,1,MasteryLevel607,141213300,606,607,103000001,103000608,Mastery
103000608,1,MasteryLevel608,142165200,607,608,103000001,103000609,Mastery
103000609,1,MasteryLevel609,143117100,608,609,103000001,103000610,Mastery
103000610,1,MasteryLevel610,144069000,609,610,103000001,103000611,Mastery
103000611,1,MasteryLevel611,145270900,610,611,103000001,103000612,Mastery
103000612,1,MasteryLevel612,146472800,611,612,103000001,103000613,Mastery
103000613,1,MasteryLevel613,147674700,612,613,103000001,103000614,Mastery
103000614,1,MasteryLevel614,148876600,613,614,103000001,103000615,Mastery
103000615,1,MasteryLevel615,150078500,614,615,103000001,103000616,Mastery
103000616,1,MasteryLevel616,151280400,615,616,103000001,103000617,Mastery
103000617,1,MasteryLevel617,152482300,616,617,103000001,103000618,Mastery
103000618,1,MasteryLevel618,153684200,617,618,103000001,103000619,Mastery
103000619,1,MasteryLevel619,154886100,618,619,103000001,103000620,Mastery
103000620,1,MasteryLevel620,156088000,619,620,103000001,103000621,Mastery
103000621,1,MasteryLevel621,157539900,620,621,103000001,103000622,Mastery
103000622,1,MasteryLevel622,158991800,621,622,103000001,103000623,Mastery
103000623,1,MasteryLevel623,160443700,622,623,103000001,103000624,Mastery
103000624,1,MasteryLevel624,161895600,623,624,103000001,103000625,Mastery
103000625,1,MasteryLevel625,163347500,624,625,103000001,103000626,Mastery
103000626,1,MasteryLevel626,164799400,625,626,103000001,103000627,Mastery
103000627,1,MasteryLevel627,166251300,626,627,103000001,103000628,Mastery
103000628,1,MasteryLevel628,167703200,627,628,103000001,103000629,Mastery
103000629,1,MasteryLevel629,169155100,628,629,103000001,103000630,Mastery
103000630,1,MasteryLevel630,170607000,629,630,103000001,103000631,Mastery
103000631,1,MasteryLevel631,172308900,630,631,103000001,103000632,Mastery
103000632,1,MasteryLevel632,174010800,631,632,103000001,103000633,Mastery
103000633,1,MasteryLevel633,175712700,632,633,103000001,103000634,Mastery
103000634,1,MasteryLevel634,177414600,633,634,103000001,103000635,Mastery
103000635,1,MasteryLevel635,179116500,634,635,103000001,103000636,Mastery
103000636,1,MasteryLevel636,180818400,635,636,103000001,103000637,Mastery
103000637,1,MasteryLevel637,182520300,636,637,103000001,103000638,Mastery
103000638,1,MasteryLevel638,184222200,637,638,103000001,103000639,Mastery
103000639,1,MasteryLevel639,185924100,638,639,103000001,103000640,Mastery
103000640,1,MasteryLevel640,187626000,639,640,103000001,103000641,Mastery
103000641,1,MasteryLevel641,189577900,640,641,103000001,103000642,Mastery
103000642,1,MasteryLevel642,191529800,641,642,103000001,103000643,Mastery
103000643,1,MasteryLevel643,193481700,642,643,103000001,103000644,Mastery
103000644,1,MasteryLevel644,195433600,643,644,103000001,103000645,Mastery
103000645,1,MasteryLevel645,197385500,644,645,103000001,103000646,Mastery
103000646,1,MasteryLevel646,199337400,645,646,103000001,103000647,Mastery
103000647,1,MasteryLevel647,201289300,646,647,103000001,103000648,Mastery
103000648,1,MasteryLevel648,203241200,647,648,103000001,103000649,Mastery
103000649,1,MasteryLevel649,205193100,648,649,103000001,103000650,Mastery
103000650,1,MasteryLevel650,207145000,649,650,103000001,103000651,Mastery
103000651,1,MasteryLevel651,209346900,650,651,103000001,103000652,Mastery
103000652,1,MasteryLevel652,211548800,651,652,103000001,103000653,Mastery
103000653,1,MasteryLevel653,213750700,652,653,103000001,103000654,Mastery
103000654,1,MasteryLevel654,215952600,653,654,103000001,103000655,Mastery
103000655,1,MasteryLevel655,218154500,654,655,103000001,103000656,Mastery
103000656,1,MasteryLevel656,220356400,655,656,103000001,103000657,Mastery
103000657,1,MasteryLevel657,222558300,656,657,103000001,103000658,Mastery
103000658,1,MasteryLevel658,224760200,657,658,103000001,103000659,Mastery
103000659,1,MasteryLevel659,226962100,658,659,103000001,103000660,Mastery
103000660,1,MasteryLevel660,229164000,659,660,103000001,103000661,Mastery
103000661,1,MasteryLevel661,231615900,660,661,103000001,103000662,Mastery
103000662,1,MasteryLevel662,234067800,661,662,103000001,103000663,Mastery
103000663,1,MasteryLevel663,236519700,662,663,103000001,103000664,Mastery
103000664,1,MasteryLevel664,238971600,663,664,103000001,103000665,Mastery
103000665,1,MasteryLevel665,241423500,664,665,103000001,103000666,Mastery
103000666,1,MasteryLevel666,243875400,665,666,103000001,103000667,Mastery
103000667,1,MasteryLevel667,246327300,666,667,103000001,103000668,Mastery
103000668,1,MasteryLevel668,248779200,667,668,103000001,103000669,Mastery
103000669,1,MasteryLevel669,251231100,668,669,103000001,103000670,Mastery
103000670,1,MasteryLevel670,253683000,669,670,103000001,103000671,Mastery
103000671,1,MasteryLevel671,256384900,670,671,103000001,103000672,Mastery
103000672,1,MasteryLevel672,259086800,671,672,103000001,103000673,Mastery
103000673,1,MasteryLevel673,261788700,672,673,103000001,103000674,Mastery
103000674,1,MasteryLevel674,264490600,673,674,103000001,103000675,Mastery
103000675,1,MasteryLevel675,267192500,674,675,103000001,103000676,Mastery
103000676,1,MasteryLevel676,269894400,675,676,103000001,103000677,Mastery
103000677,1,MasteryLevel677,272596300,676,677,103000001,103000678,Mastery
103000678,1,MasteryLevel678,275298200,677,678,103000001,103000679,Mastery
103000679,1,MasteryLevel679,278000100,678,679,103000001,103000680,Mastery
103000680,1,MasteryLevel680,280702000,679,680,103000001,103000681,Mastery
103000681,1,MasteryLevel681,283653900,680,681,103000001,103000682,Mastery
103000682,1,MasteryLevel682,286605800,681,682,103000001,103000683,Mastery
103000683,1,MasteryLevel683,289557700,682,683,103000001,103000684,Mastery
103000684,1,MasteryLevel684,292509600,683,684,103000001,103000685,Mastery
103000685,1,MasteryLevel685,295461500,684,685,103000001,103000686,Mastery
103000686,1,MasteryLevel686,298413400,685,686,103000001,103000687,Mastery
103000687,1,MasteryLevel687,301365300,686,687,103000001,103000688,Mastery
103000688,1,MasteryLevel688,304317200,687,688,103000001,103000689,Mastery
103000689,1,MasteryLevel689,307269100,688,689,103000001,103000690,Mastery
103000690,1,MasteryLevel690,310221000,689,690,103000001,103000691,Mastery
103000691,1,MasteryLevel691,313422900,690,691,103000001,103000692,Mastery
103000692,1,MasteryLevel692,316624800,691,692,103000001,103000693,Mastery
103000693,1,MasteryLevel693,319826700,692,693,103000001,103000694,Mastery
103000694,1,MasteryLevel694,323028600,693,694,103000001,103000695,Mastery
103000695,1,MasteryLevel695,326230500,694,695,103000001,103000696,Mastery
103000696,1,MasteryLevel696,329432400,695,696,103000001,103000697,Mastery
103000697,1,MasteryLevel697,332634300,696,697,103000001,103000698,Mastery
103000698,1,MasteryLevel698,335836200,697,698,103000001,103000699,Mastery
103000699,1,MasteryLevel699,339038100,698,699,103000001,103000700,Mastery
103000700,1,MasteryLevel700,342240000,699,700,103000001,103000701,Mastery
103000701,1,MasteryLevel701,345691900,700,701,103000001,103000702,Mastery
103000702,1,MasteryLevel702,349143800,701,702,103000001,103000703,Mastery
103000703,1,MasteryLevel703,352595700,702,703,103000001,103000704,Mastery
103000704,1,MasteryLevel704,356047600,703,704,103000001,103000705,Mastery
103000705,1,MasteryLevel705,359499500,704,705,103000001,103000706,Mastery
103000706,1,MasteryLevel706,362951400,705,706,103000001,103000707,Mastery
103000707,1,MasteryLevel707,366403300,706,707,103000001,103000708,Mastery
103000708,1,MasteryLevel708,369855200,707,708,103000001,103000709,Mastery
103000709,1,MasteryLevel709,373307100,708,709,103000001,103000710,Mastery
103000710,1,MasteryLevel710,376759000,709,710,103000001,103000711,Mastery
103000711,1,MasteryLevel711,380460900,710,711,103000001,103000712,Mastery
103000712,1,MasteryLevel712,384162800,711,712,103000001,103000713,Mastery
103000713,1,MasteryLevel713,387864700,712,713,103000001,103000714,Mastery
103000714,1,MasteryLevel714,391566600,713,714,103000001,103000715,Mastery
103000715,1,MasteryLevel715,395268500,714,715,103000001,103000716,Mastery
103000716,1,MasteryLevel716,398970400,715,716,103000001,103000717,Mastery
103000717,1,MasteryLevel717,402672300,716,717,103000001,103000718,Mastery
103000718,1,MasteryLevel718,406374200,717,718,103000001,103000719,Mastery
103000719,1,MasteryLevel719,410076100,718,719,103000001,103000720,Mastery
103000720,1,MasteryLevel720,413778000,719,720,103000001,103000721,Mastery
103000721,1,MasteryLevel721,417729900,720,721,103000001,103000722,Mastery
103000722,1,MasteryLevel722,421681800,721,722,103000001,103000723,Mastery
103000723,1,MasteryLevel723,425633700,722,723,103000001,103000724,Mastery
103000724,1,MasteryLevel724,429585600,723,724,103000001,103000725,Mastery
103000725,1,MasteryLevel725,433537500,724,725,103000001,103000726,Mastery
103000726,1,MasteryLevel726,437489400,725,726,103000001,103000727,Mastery
103000727,1,MasteryLevel727,441441300,726,727,103000001,103000728,Mastery
103000728,1,MasteryLevel728,445393200,727,728,103000001,103000729,Mastery
103000729,1,MasteryLevel729,449345100,728,729,103000001,103000730,Mastery
103000730,1,MasteryLevel730,453297000,729,730,103000001,103000731,Mastery
103000731,1,MasteryLevel731,457498900,730,731,103000001,103000732,Mastery
103000732,1,MasteryLevel732,461700800,731,732,103000001,103000733,Mastery
103000733,1,MasteryLevel733,465902700,732,733,103000001,103000734,Mastery
103000734,1,MasteryLevel734,470104600,733,734,103000001,103000735,Mastery
103000735,1,MasteryLevel735,474306500,734,735,103000001,103000736,Mastery
103000736,1,MasteryLevel736,478508400,735,736,103000001,103000737,Mastery
103000737,1,MasteryLevel737,482710300,736,737,103000001,103000738,Mastery
103000738,1,MasteryLevel738,486912200,737,738,103000001,103000739,Mastery
103000739,1,MasteryLevel739,491114100,738,739,103000001,103000740,Mastery
103000740,1,MasteryLevel740,495316000,739,740,103000001,103000741,Mastery
103000741,1,MasteryLevel741,499767900,740,741,103000001,103000742,Mastery
103000742,1,MasteryLevel742,504219800,741,742,103000001,103000743,Mastery
103000743,1,MasteryLevel743,508671700,742,743,103000001,103000744,Mastery
103000744,1,MasteryLevel744,513123600,743,744,103000001,103000745,Mastery
103000745,1,MasteryLevel745,517575500,744,745,103000001,103000746,Mastery
103000746,1,MasteryLevel746,522027400,745,746,103000001,103000747,Mastery
103000747,1,MasteryLevel747,526479300,746,747,103000001,103000748,Mastery
103000748,1,MasteryLevel748,530931200,747,748,103000001,103000749,Mastery
103000749,1,MasteryLevel749,535383100,748,749,103000001,103000750,Mastery
103000750,1,MasteryLevel750,539835000,749,750,103000001,103000751,Mastery
103000751,1,MasteryLevel751,544536900,750,751,103000001,103000752,Mastery
103000752,1,MasteryLevel752,549238800,751,752,103000001,103000753,Mastery
103000753,1,MasteryLevel753,553940700,752,753,103000001,103000754,Mastery
103000754,1,MasteryLevel754,558642600,753,754,103000001,103000755,Mastery
103000755,1,MasteryLevel755,563344500,754,755,103000001,103000756,Mastery
103000756,1,MasteryLevel756,568046400,755,756,103000001,103000757,Mastery
103000757,1,MasteryLevel757,572748300,756,757,103000001,103000758,Mastery
103000758,1,MasteryLevel758,577450200,757,758,103000001,103000759,Mastery
103000759,1,MasteryLevel759,582152100,758,759,103000001,103000760,Mastery
103000760,1,MasteryLevel760,586854000,759,760,103000001,103000761,Mastery
103000761,1,MasteryLevel761,591805900,760,761,103000001,103000762,Mastery
103000762,1,MasteryLevel762,596757800,761,762,103000001,103000763,Mastery
103000763,1,MasteryLevel763,601709700,762,763,103000001,103000764,Mastery
103000764,1,MasteryLevel764,606661600,763,764,103000001,103000765,Mastery
103000765,1,MasteryLevel765,611613500,764,765,103000001,103000766,Mastery
103000766,1,MasteryLevel766,616565400,765,766,103000001,103000767,Mastery
103000767,1,MasteryLevel767,621517300,766,767,103000001,103000768,Mastery
103000768,1,MasteryLevel768,626469200,767,768,103000001,103000769,Mastery
103000769,1,MasteryLevel769,631421100,768,769,103000001,103000770,Mastery
103000770,1,MasteryLevel770,636373000,769,770,103000001,103000771,Mastery
103000771,1,MasteryLevel771,641574900,770,771,103000001,103000772,Mastery
103000772,1,MasteryLevel772,646776800,771,772,103000001,103000773,Mastery
103000773,1,MasteryLevel773,651978700,772,773,103000001,103000774,Mastery
103000774,1,MasteryLevel774,657180600,773,774,103000001,103000775,Mastery
103000775,1,MasteryLevel775,662382500,774,775,103000001,103000776,Mastery
103000776,1,MasteryLevel776,667584400,775,776,103000001,103000777,Mastery
103000777,1,MasteryLevel777,672786300,776,777,103000001,103000778,Mastery
103000778,1,MasteryLevel778,677988200,777,778,103000001,103000779,Mastery
103000779,1,MasteryLevel779,683190100,778,779,103000001,103000780,Mastery
103000780,1,MasteryLevel780,688392000,779,780,103000001,103000781,Mastery
103000781,1,MasteryLevel781,693843900,780,781,103000001,103000782,Mastery
103000782,1,MasteryLevel782,699295800,781,782,103000001,103000783,Mastery
103000783,1,MasteryLevel783,704747700,782,783,103000001,103000784,Mastery
103000784,1,MasteryLevel784,710199600,783,784,103000001,103000785,Mastery
103000785,1,MasteryLevel785,715651500,784,785,103000001,103000786,Mastery
103000786,1,MasteryLevel786,721103400,785,786,103000001,103000787,Mastery
103000787,1,MasteryLevel787,726555300,786,787,103000001,103000788,Mastery
103000788,1,MasteryLevel788,732007200,787,788,103000001,103000789,Mastery
103000789,1,MasteryLevel789,737459100,788,789,103000001,103000790,Mastery
103000790,1,MasteryLevel790,742911000,789,790,103000001,103000791,Mastery
103000791,1,MasteryLevel791,748612900,790,791,103000001,103000792,Mastery
103000792,1,MasteryLevel792,754314800,791,792,103000001,103000793,Mastery
103000793,1,MasteryLevel793,760016700,792,793,103000001,103000794,Mastery
103000794,1,MasteryLevel794,765718600,793,794,103000001,103000795,Mastery
103000795,1,MasteryLevel795,771420500,794,795,103000001,103000796,Mastery
103000796,1,MasteryLevel796,777122400,795,796,103000001,103000797,Mastery
103000797,1,MasteryLevel797,782824300,796,797,103000001,103000798,Mastery
103000798,1,MasteryLevel798,788526200,797,798,103000001,103000799,Mastery
103000799,1,MasteryLevel799,794228100,798,799,103000001,103000800,Mastery
103000800,1,MasteryLevel800,799930000,799,800,103000001,103000801,Mastery
103000801,1,MasteryLevel801,805881900,800,801,103000001,103000802,Mastery
103000802,1,MasteryLevel802,811833800,801,802,103000001,103000803,Mastery
103000803,1,MasteryLevel803,817785700,802,803,103000001,103000804,Mastery
103000804,1,MasteryLevel804,823737600,803,804,103000001,103000805,Mastery
103000805,1,MasteryLevel805,829689500,804,805,103000001,103000806,Mastery
103000806,1,MasteryLevel806,835641400,805,806,103000001,103000807,Mastery
103000807,1,MasteryLevel807,841593300,806,807,103000001,103000808,Mastery
103000808,1,MasteryLevel808,847545200,807,808,103000001,103000809,Mastery
103000809,1,MasteryLevel809,853497100,808,809,103000001,103000810,Mastery
103000810,1,MasteryLevel810,859449000,809,810,103000001,103000811,Mastery
103000811,1,MasteryLevel811,865650900,810,811,103000001,103000812,Mastery
103000812,1,MasteryLevel812,871852800,811,812,103000001,103000813,Mastery
103000813,1,MasteryLevel813,878054700,812,813,103000001,103000814,Mastery
103000814,1,MasteryLevel814,884256600,813,814,103000001,103000815,Mastery
103000815,1,MasteryLevel815,890458500,814,815,103000001,103000816,Mastery
103000816,1,MasteryLevel816,896660400,815,816,103000001,103000817,Mastery
103000817,1,MasteryLevel817,902862300,816,817,103000001,103000818,Mastery
103000818,1,MasteryLevel818,909064200,817,818,103000001,103000819,Mastery
103000819,1,MasteryLevel819,915266100,818,819,103000001,103000820,Mastery
103000820,1,MasteryLevel820,921468000,819,820,103000001,103000821,Mastery
103000821,1,MasteryLevel821,927919900,820,821,103000001,103000822,Mastery
103000822,1,MasteryLevel822,934371800,821,822,103000001,103000823,Mastery
103000823,1,MasteryLevel823,940823700,822,823,103000001,103000824,Mastery
103000824,1,MasteryLevel824,947275600,823,824,103000001,103000825,Mastery
103000825,1,MasteryLevel825,953727500,824,825,103000001,103000826,Mastery
103000826,1,MasteryLevel826,960179400,825,826,103000001,103000827,Mastery
103000827,1,MasteryLevel827,966631300,826,827,103000001,103000828,Mastery
103000828,1,MasteryLevel828,973083200,827,828,103000001,103000829,Mastery
103000829,1,MasteryLevel829,979535100,828,829,103000001,103000830,Mastery
103000830,1,MasteryLevel830,985987000,829,830,103000001,103000831,Mastery
103000831,1,MasteryLevel831,992688900,830,831,103000001,103000832,Mastery
103000832,1,MasteryLevel832,999390800,831,832,103000001,103000833,Mastery
103000833,1,MasteryLevel833,1006092700,832,833,103000001,103000834,Mastery
103000834,1,MasteryLevel834,1012794600,833,834,103000001,103000835,Mastery
103000835,1,MasteryLevel835,1019496500,834,835,103000001,103000836,Mastery
103000836,1,MasteryLevel836,1026198400,835,836,103000001,103000837,Mastery
103000837,1,MasteryLevel837,1032900300,836,837,103000001,103000838,Mastery
103000838,1,MasteryLevel838,1039602200,837,838,103000001,103000839,Mastery
103000839,1,MasteryLevel839,1046304100,838,839,103000001,103000840,Mastery
103000840,1,MasteryLevel840,1053006000,839,840,103000001,103000841,Mastery
103000841,1,MasteryLevel841,1059957900,840,841,103000001,103000842,Mastery
103000842,1,MasteryLevel842,1066909800,841,842,103000001,103000843,Mastery
103000843,1,MasteryLevel843,1073861700,842,843,103000001,103000844,Mastery
103000844,1,MasteryLevel844,1080813600,843,844,103000001,103000845,Mastery
103000845,1,MasteryLevel845,1087765500,844,845,103000001,103000846,Mastery
103000846,1,MasteryLevel846,1094717400,845,846,103000001,103000847,Mastery
103000847,1,MasteryLevel847,1101669300,846,847,103000001,103000848,Mastery
103000848,1,MasteryLevel848,1108621200,847,848,103000001,103000849,Mastery
103000849,1,MasteryLevel849,1115573100,848,849,103000001,103000850,Mastery
103000850,1,MasteryLevel850,1122525000,849,850,103000001,103000851,Mastery
103000851,1,MasteryLevel851,1129726900,850,851,103000001,103000852,Mastery
103000852,1,MasteryLevel852,1136928800,851,852,103000001,103000853,Mastery
103000853,1,MasteryLevel853,1144130700,852,853,103000001,103000854,Mastery
103000854,1,MasteryLevel854,1151332600,853,854,103000001,103000855,Mastery
103000855,1,MasteryLevel855,1158534500,854,855,103000001,103000856,Mastery
103000856,1,MasteryLevel856,1165736400,855,856,103000001,103000857,Mastery
103000857,1,MasteryLevel857,1172938300,856,857,103000001,103000858,Mastery
103000858,1,MasteryLevel858,1180140200,857,858,103000001,103000859,Mastery
103000859,1,MasteryLevel859,1187342100,858,859,103000001,103000860,Mastery
103000860,1,MasteryLevel860,1194544000,859,860,103000001,103000861,Mastery
103000861,1,MasteryLevel861,1201995900,860,861,103000001,103000862,Mastery
103000862,1,MasteryLevel862,1209447800,861,862,103000001,103000863,Mastery
103000863,1,MasteryLevel863,1216899700,862,863,103000001,103000864,Mastery
103000864,1,MasteryLevel864,1224351600,863,864,103000001,103000865,Mastery
103000865,1,MasteryLevel865,1231803500,864,865,103000001,103000866,Mastery
103000866,1,MasteryLevel866,1239255400,865,866,103000001,103000867,Mastery
103000867,1,MasteryLevel867,1246707300,866,867,103000001,103000868,Mastery
103000868,1,MasteryLevel868,1254159200,867,868,103000001,103000869,Mastery
103000869,1,MasteryLevel869,1261611100,868,869,103000001,103000870,Mastery
103000870,1,MasteryLevel870,1269063000,869,870,103000001,103000871,Mastery
103000871,1,MasteryLevel871,1276764900,870,871,103000001,103000872,Mastery
103000872,1,MasteryLevel872,1284466800,871,872,103000001,103000873,Mastery
103000873,1,MasteryLevel873,1292168700,872,873,103000001,103000874,Mastery
103000874,1,MasteryLevel874,1299870600,873,874,103000001,103000875,Mastery
103000875,1,MasteryLevel875,1307572500,874,875,103000001,103000876,Mastery
103000876,1,MasteryLevel876,1315274400,875,876,103000001,103000877,Mastery
103000877,1,MasteryLevel877,1322976300,876,877,103000001,103000878,Mastery
103000878,1,MasteryLevel878,1330678200,877,878,103000001,103000879,Mastery
103000879,1,MasteryLevel879,1338380100,878,879,103000001,103000880,Mastery
103000880,1,MasteryLevel880,1346082000,879,880,103000001,103000881,Mastery
103000881,1,MasteryLevel881,1354033900,880,881,103000001,103000882,Mastery
103000882,1,MasteryLevel882,1361985800,881,882,103000001,103000883,Mastery
103000883,1,MasteryLevel883,1369937700,882,883,103000001,103000884,Mastery
103000884,1,MasteryLevel884,1377889600,883,884,103000001,103000885,Mastery
103000885,1,MasteryLevel885,1385841500,884,885,103000001,103000886,Mastery
103000886,1,MasteryLevel886,1393793400,885,886,103000001,103000887,Mastery
103000887,1,MasteryLevel887,1401745300,886,887,103000001,103000888,Mastery
103000888,1,MasteryLevel888,1409697200,887,888,103000001,103000889,Mastery
103000889,1,MasteryLevel889,1417649100,888,889,103000001,103000890,Mastery
103000890,1,MasteryLevel890,1425601000,889,890,103000001,103000891,Mastery
103000891,1,MasteryLevel891,1433802900,890,891,103000001,103000892,Mastery
103000892,1,MasteryLevel892,1442004800,891,892,103000001,103000893,Mastery
103000893,1,MasteryLevel893,1450206700,892,893,103000001,103000894,Mastery
103000894,1,MasteryLevel894,1458408600,893,894,103000001,103000895,Mastery
103000895,1,MasteryLevel895,1466610500,894,895,103000001,103000896,Mastery
103000896,1,MasteryLevel896,1474812400,895,896,103000001,103000897,Mastery
103000897,1,MasteryLevel897,1483014300,896,897,103000001,103000898,Mastery
103000898,1,MasteryLevel898,1491216200,897,898,103000001,103000899,Mastery
103000899,1,MasteryLevel899,1499418100,898,899,103000001,103000900,Mastery
103000900,1,MasteryLevel900,1507620000,899,900,103000001,103000901,Mastery
103000901,1,MasteryLevel901,1516071900,900,901,103000001,103000902,Mastery
103000902,1,MasteryLevel902,1524523800,901,902,103000001,103000903,Mastery
103000903,1,MasteryLevel903,1532975700,902,903,103000001,103000904,Mastery
103000904,1,MasteryLevel904,1541427600,903,904,103000001,103000905,Mastery
103000905,1,MasteryLevel905,1549879500,904,905,103000001,103000906,Mastery
103000906,1,MasteryLevel906,1558331400,905,906,103000001,103000907,Mastery
103000907,1,MasteryLevel907,1566783300,906,907,103000001,103000908,Mastery
103000908,1,MasteryLevel908,1575235200,907,908,103000001,103000909,Mastery
103000909,1,MasteryLevel909,1583687100,908,909,103000001,103000910,Mastery
103000910,1,MasteryLevel910,1592139000,909,910,103000001,103000911,Mastery
103000911,1,MasteryLevel911,1600840900,910,911,103000001,103000912,Mastery
103000912,1,MasteryLevel912,1609542800,911,912,103000001,103000913,Mastery
103000913,1,MasteryLevel913,1618244700,912,913,103000001,103000914,Mastery
103000914,1,MasteryLevel914,1626946600,913,914,103000001,103000915,Mastery
103000915,1,MasteryLevel915,1635648500,914,915,103000001,103000916,Mastery
103000916,1,MasteryLevel916,1644350400,915,916,103000001,103000917,Mastery
103000917,1,MasteryLevel917,1653052300,916,917,103000001,103000918,Mastery
103000918,1,MasteryLevel918,1661754200,917,918,103000001,103000919,Mastery
103000919,1,MasteryLevel919,1670456100,918,919,103000001,103000920,Mastery
103000920,1,MasteryLevel920,1679158000,919,920,103000001,103000921,Mastery
103000921,1,MasteryLevel921,1688109900,920,921,103000001,103000922,Mastery
103000922,1,MasteryLevel922,1697061800,921,922,103000001,103000923,Mastery
103000923,1,MasteryLevel923,1706013700,922,923,103000001,103000924,Mastery
103000924,1,MasteryLevel924,1714965600,923,924,103000001,103000925,Mastery
103000925,1,MasteryLevel925,1723917500,924,925,103000001,103000926,Mastery
103000926,1,MasteryLevel926,1732869400,925,926,103000001,103000927,Mastery
103000927,1,MasteryLevel927,1741821300,926,927,103000001,103000928,Mastery
103000928,1,MasteryLevel928,1750773200,927,928,103000001,103000929,Mastery
103000929,1,MasteryLevel929,1759725100,928,929,103000001,103000930,Mastery
103000930,1,MasteryLevel930,1768677000,929,930,103000001,103000931,Mastery
103000931,1,MasteryLevel931,1777878900,930,931,103000001,103000932,Mastery
103000932,1,MasteryLevel932,1787080800,931,932,103000001,103000933,Mastery
103000933,1,MasteryLevel933,1796282700,932,933,103000001,103000934,Mastery
103000934,1,MasteryLevel934,1805484600,933,934,103000001,103000935,Mastery
103000935,1,MasteryLevel935,1814686500,934,935,103000001,103000936,Mastery
103000936,1,MasteryLevel936,1823888400,935,936,103000001,103000937,Mastery
103000937,1,MasteryLevel937,1833090300,936,937,103000001,103000938,Mastery
103000938,1,MasteryLevel938,1842292200,937,938,103000001,103000939,Mastery
103000939,1,MasteryLevel939,1851494100,938,939,103000001,103000940,Mastery
103000940,1,MasteryLevel940,1860696000,939,940,103000001,103000941,Mastery
103000941,1,MasteryLevel941,1870147900,940,941,103000001,103000942,Mastery
103000942,1,MasteryLevel942,1879599800,941,942,103000001,103000943,Mastery
103000943,1,MasteryLevel943,1889051700,942,943,103000001,103000944,Mastery
103000944,1,MasteryLevel944,1898503600,943,944,103000001,103000945,Mastery
103000945,1,MasteryLevel945,1907955500,944,945,103000001,103000946,Mastery
103000946,1,MasteryLevel946,1917407400,945,946,103000001,103000947,Mastery
103000947,1,MasteryLevel947,1926859300,946,947,103000001,103000948,Mastery
103000948,1,MasteryLevel948,1936311200,947,948,103000001,103000949,Mastery
103000949,1,MasteryLevel949,1945763100,948,949,103000001,103000950,Mastery
103000950,1,MasteryLevel950,1955215000,949,950,103000001,103000951,Mastery
103000951,1,MasteryLevel951,1964916900,950,951,103000001,103000952,Mastery
103000952,1,MasteryLevel952,1974618800,951,952,103000001,103000953,Mastery
103000953,1,MasteryLevel953,1984320700,952,953,103000001,103000954,Mastery
103000954,1,MasteryLevel954,1994022600,953,954,103000001,103000955,Mastery
103000955,1,MasteryLevel955,2003724500,954,955,103000001,103000956,Mastery
103000956,1,MasteryLevel956,2013426400,955,956,103000001,103000957,Mastery
103000957,1,MasteryLevel957,2023128300,956,957,103000001,103000958,Mastery
103000958,1,MasteryLevel958,2032830200,957,958,103000001,103000959,Mastery
103000959,1,MasteryLevel959,2042532100,958,959,103000001,103000960,Mastery
103000960,1,MasteryLevel960,2052234000,959,960,103000001,103000961,Mastery
103000961,1,MasteryLevel961,2062185900,960,961,103000001,103000962,Mastery
103000962,1,MasteryLevel962,2072137800,961,962,103000001,103000963,Mastery
103000963,1,MasteryLevel963,2082089700,962,963,103000001,103000964,Mastery
103000964,1,MasteryLevel964,2092041600,963,964,103000001,103000965,Mastery
103000965,1,MasteryLevel965,2101993500,964,965,103000001,103000966,Mastery
103000966,1,MasteryLevel966,2111945400,965,966,103000001,103000967,Mastery
103000967,1,MasteryLevel967,2121897300,966,967,103000001,103000968,Mastery
103000968,1,MasteryLevel968,2131849200,967,968,103000001,103000969,Mastery
103000969,1,MasteryLevel969,2141801100,968,969,103000001,103000970,Mastery
103000970,1,MasteryLevel970,2151753000,969,970,103000001,103000971,Mastery
103000971,1,MasteryLevel971,2161954900,970,971,103000001,103000972,Mastery
103000972,1,MasteryLevel972,2172156800,971,972,103000001,103000973,Mastery
103000973,1,MasteryLevel973,2182358700,972,973,103000001,103000974,Mastery
103000974,1,MasteryLevel974,2192560600,973,974,103000001,103000975,Mastery
103000975,1,MasteryLevel975,2202762500,974,975,103000001,103000976,Mastery
103000976,1,MasteryLevel976,2212964400,975,976,103000001,103000977,Mastery
103000977,1,MasteryLevel977,2223166300,976,977,103000001,103000978,Mastery
103000978,1,MasteryLevel978,2233368200,977,978,103000001,103000979,Mastery
103000979,1,MasteryLevel979,2243570100,978,979,103000001,103000980,Mastery
103000980,1,MasteryLevel980,2253772000,979,980,103000001,103000981,Mastery
103000981,1,MasteryLevel981,2264223900,980,981,103000001,103000982,Mastery
103000982,1,MasteryLevel982,2274675800,981,982,103000001,103000983,Mastery
103000983,1,MasteryLevel983,2285127700,982,983,103000001,103000984,Mastery
103000984,1,MasteryLevel984,2295579600,983,984,103000001,103000985,Mastery
103000985,1,MasteryLevel985,2306031500,984,985,103000001,103000986,Mastery
103000986,1,MasteryLevel986,2316483400,985,986,103000001,103000987,Mastery
103000987,1,MasteryLevel987,2326935300,986,987,103000001,103000988,Mastery
103000988,1,MasteryLevel988,2337387200,987,988,103000001,103000989,Mastery
103000989,1,MasteryLevel989,2347839100,988,989,103000001,103000990,Mastery
103000990,1,MasteryLevel990,2358291000,989,990,103000001,103000991,Mastery
103000991,1,MasteryLevel991,2368992900,990,991,103000001,103000992,Mastery
103000992,1,MasteryLevel992,2379694800,991,992,103000001,103000993,Mastery
103000993,1,MasteryLevel993,2390396700,992,993,103000001,103000994,Mastery
103000994,1,MasteryLevel994,2401098600,993,994,103000001,103000995,Mastery
103000995,1,MasteryLevel995,2411800500,994,995,103000001,103000996,Mastery
103000996,1,MasteryLevel996,2422502400,995,996,103000001,103000997,Mastery
103000997,1,MasteryLevel997,2433204300,996,997,103000001,103000998,Mastery
103000998,1,MasteryLevel998,2443906200,997,998,103000001,103000999,Mastery
103000999,1,MasteryLevel999,2454608100,998,999,103000001,103001000,Mastery
103001000,1,MasteryLevel1000,2465310000,999,1000,103000001,,Mastery
202000001,2,SkillLevel1,100,0,1,202000001,202000002,Skill
202000002,2,SkillLevel2,200,1,2,202000001,202000003,Skill
202000003,2,SkillLevel3,300,2,3,202000001,202000004,Skill
202000004,2,SkillLevel4,400,3,4,202000001,202000005,Skill
202000005,2,SkillLevel5,500,4,5,202000001,202000006,Skill
202000006,2,SkillLevel6,600,5,6,202000001,202000007,Skill
202000007,2,SkillLevel7,700,6,7,202000001,202000008,Skill
202000008,2,SkillLevel8,800,7,8,202000001,202000009,Skill
202000009,2,SkillLevel9,900,8,9,202000001,202000010,Skill
202000010,2,SkillLevel10,1000,9,10,202000001,202000011,Skill
202000011,2,SkillLevel11,1300,10,11,202000001,202000012,Skill
202000012,2,SkillLevel12,1600,11,12,202000001,202000013,Skill
202000013,2,SkillLevel13,1900,12,13,202000001,202000014,Skill
202000014,2,SkillLevel14,2200,13,14,202000001,202000015,Skill
202000015,2,SkillLevel15,2500,14,15,202000001,202000016,Skill
202000016,2,SkillLevel16,2800,15,16,202000001,202000017,Skill
202000017,2,SkillLevel17,3100,16,17,202000001,202000018,Skill
202000018,2,SkillLevel18,3400,17,18,202000001,202000019,Skill
202000019,2,SkillLevel19,3700,18,19,202000001,202000020,Skill
202000020,2,SkillLevel20,4000,19,20,202000001,202000021,Skill
202000021,2,SkillLevel21,4500,20,21,202000001,202000022,Skill
202000022,2,SkillLevel22,5000,21,22,202000001,202000023,Skill
202000023,2,SkillLevel23,5500,22,23,202000001,202000024,Skill
202000024,2,SkillLevel24,6000,23,24,202000001,202000025,Skill
202000025,2,SkillLevel25,6500,24,25,202000001,202000026,Skill
202000026,2,SkillLevel26,7000,25,26,202000001,202000027,Skill
202000027,2,SkillLevel27,7500,26,27,202000001,202000028,Skill
202000028,2,SkillLevel28,8000,27,28,202000001,202000029,Skill
202000029,2,SkillLevel29,8500,28,29,202000001,202000030,Skill
202000030,2,SkillLevel30,9000,29,30,202000001,202000031,Skill
202000031,2,SkillLevel31,9700,30,31,202000001,202000032,Skill
202000032,2,SkillLevel32,10400,31,32,202000001,202000033,Skill
202000033,2,SkillLevel33,11100,32,33,202000001,202000034,Skill
202000034,2,SkillLevel34,11800,33,34,202000001,202000035,Skill
202000035,2,SkillLevel35,12500,34,35,202000001,202000036,Skill
202000036,2,SkillLevel36,13200,35,36,202000001,202000037,Skill
202000037,2,SkillLevel37,13900,36,37,202000001,202000038,Skill
202000038,2,SkillLevel38,14600,37,38,202000001,202000039,Skill
202000039,2,SkillLevel39,15300,38,39,202000001,202000040,Skill
202000040,2,SkillLevel40,16000,39,40,202000001,202000041,Skill
202000041,2,SkillLevel41,16900,40,41,202000001,202000042,Skill
202000042,2,SkillLevel42,17800,41,42,202000001,202000043,Skill
202000043,2,SkillLevel43,18700,42,43,202000001,202000044,Skill
202000044,2,SkillLevel44,19600,43,44,202000001,202000045,Skill
202000045,2,SkillLevel45,20500,44,45,202000001,202000046,Skill
202000046,2,SkillLevel46,21400,45,46,202000001,202000047,Skill
202000047,2,SkillLevel47,22300,46,47,202000001,202000048,Skill
202000048,2,SkillLevel48,23200,47,48,202000001,202000049,Skill
202000049,2,SkillLevel49,24100,48,49,202000001,202000050,Skill
202000050,2,SkillLevel50,25000,49,50,202000001,202000051,Skill
202000051,2,SkillLevel51,26100,50,51,202000001,202000052,Skill
202000052,2,SkillLevel52,27200,51,52,202000001,202000053,Skill
202000053,2,SkillLevel53,28300,52,53,202000001,202000054,Skill
202000054,2,SkillLevel54,29400,53,54,202000001,202000055,Skill
202000055,2,SkillLevel55,30500,54,55,202000001,202000056,Skill
202000056,2,SkillLevel56,31600,55,56,202000001,202000057,Skill
202000057,2,SkillLevel57,32700,56,57,202000001,202000058,Skill
202000058,2,SkillLevel58,33800,57,58,202000001,202000059,Skill
202000059,2,SkillLevel59,34900,58,59,202000001,202000060,Skill
202000060,2,SkillLevel60,36000,59,60,202000001,202000061,Skill
202000061,2,SkillLevel61,37300,60,61,202000001,202000062,Skill
202000062,2,SkillLevel62,38600,61,62,202000001,202000063,Skill
202000063,2,SkillLevel63,39900,62,63,202000001,202000064,Skill
202000064,2,SkillLevel64,41200,63,64,202000001,202000065,Skill
202000065,2,SkillLevel65,42500,64,65,202000001,202000066,Skill
202000066,2,SkillLevel66,43800,65,66,202000001,202000067,Skill
202000067,2,SkillLevel67,45100,66,67,202000001,202000068,Skill
202000068,2,SkillLevel68,46400,67,68,202000001,202000069,Skill
202000069,2,SkillLevel69,47700,68,69,202000001,202000070,Skill
202000070,2,SkillLevel70,49000,69,70,202000001,202000071,Skill
202000071,2,SkillLevel71,50500,70,71,202000001,202000072,Skill
202000072,2,SkillLevel72,52000,71,72,202000001,202000073,Skill
202000073,2,SkillLevel73,53500,72,73,202000001,202000074,Skill
202000074,2,SkillLevel74,55000,73,74,202000001,202000075,Skill
202000075,2,SkillLevel75,56500,74,75,202000001,202000076,Skill
202000076,2,SkillLevel76,58000,75,76,202000001,202000077,Skill
202000077,2,SkillLevel77,59500,76,77,202000001,202000078,Skill
202000078,2,SkillLevel78,61000,77,78,202000001,202000079,Skill
202000079,2,SkillLevel79,62500,78,79,202000001,202000080,Skill
202000080,2,SkillLevel80,64000,79,80,202000001,202000081,Skill
202000081,2,SkillLevel81,65700,80,81,202000001,202000082,Skill
202000082,2,SkillLevel82,67400,81,82,202000001,202000083,Skill
202000083,2,SkillLevel83,69100,82,83,202000001,202000084,Skill
202000084,2,SkillLevel84,70800,83,84,202000001,202000085,Skill
202000085,2,SkillLevel85,72500,84,85,202000001,202000086,Skill
202000086,2,SkillLevel86,74200,85,86,202000001,202000087,Skill
202000087,2,SkillLevel87,75900,86,87,202000001,202000088,Skill
202000088,2,SkillLevel88,77600,87,88,202000001,202000089,Skill
202000089,2,SkillLevel89,79300,88,89,202000001,202000090,Skill
202000090,2,SkillLevel90,81000,89,90,202000001,202000091,Skill
202000091,2,SkillLevel91,82900,90,91,202000001,202000092,Skill
202000092,2,SkillLevel92,84800,91,92,202000001,202000093,Skill
202000093,2,SkillLevel93,86700,92,93,202000001,202000094,Skill
202000094,2,SkillLevel94,88600,93,94,202000001,202000095,Skill
202000095,2,SkillLevel95,90500,94,95,202000001,202000096,Skill
202000096,2,SkillLevel96,92400,95,96,202000001,202000097,Skill
202000097,2,SkillLevel97,94300,96,97,202000001,202000098,Skill
202000098,2,SkillLevel98,96200,97,98,202000001,202000099,Skill
202000099,2,SkillLevel99,98100,98,99,202000001,202000100,Skill
202000100,2,SkillLevel100,100000,99,100,202000001,202000101,Skill
202000101,2,SkillLevel101,106900,100,101,202000001,202000102,Skill
202000102,2,SkillLevel102,113800,101,102,202000001,202000103,Skill
202000103,2,SkillLevel103,120700,102,103,202000001,202000104,Skill
202000104,2,SkillLevel104,127600,103,104,202000001,202000105,Skill
202000105,2,SkillLevel105,134500,104,105,202000001,202000106,Skill
202000106,2,SkillLevel106,141400,105,106,202000001,202000107,Skill
202000107,2,SkillLevel107,148300,106,107,202000001,202000108,Skill
202000108,2,SkillLevel108,155200,107,108,202000001,202000109,Skill
202000109,2,SkillLevel109,162100,108,109,202000001,202000110,Skill
202000110,2,SkillLevel110,169000,109,110,202000001,202000111,Skill
202000111,2,SkillLevel111,180900,110,111,202000001,202000112,Skill
202000112,2,SkillLevel112,192800,111,112,202000001,202000113,Skill
202000113,2,SkillLevel113,204700,112,113,202000001,202000114,Skill
202000114,2,SkillLevel114,216600,113,114,202000001,202000115,Skill
202000115,2,SkillLevel115,228500,114,115,202000001,202000116,Skill
202000116,2,SkillLevel116,240400,115,116,202000001,202000117,Skill
202000117,2,SkillLevel117,252300,116,117,202000001,202000118,Skill
202000118,2,SkillLevel118,264200,117,118,202000001,202000119,Skill
202000119,2,SkillLevel119,276100,118,119,202000001,202000120,Skill
202000120,2,SkillLevel120,288000,119,120,202000001,202000121,Skill
202000121,2,SkillLevel121,304900,120,121,202000001,202000122,Skill
202000122,2,SkillLevel122,321800,121,122,202000001,202000123,Skill
202000123,2,SkillLevel123,338700,122,123,202000001,202000124,Skill
202000124,2,SkillLevel124,355600,123,124,202000001,202000125,Skill
202000125,2,SkillLevel125,372500,124,125,202000001,202000126,Skill
202000126,2,SkillLevel126,389400,125,126,202000001,202000127,Skill
202000127,2,SkillLevel127,406300,126,127,202000001,202000128,Skill
202000128,2,SkillLevel128,423200,127,128,202000001,202000129,Skill
202000129,2,SkillLevel129,440100,128,129,202000001,202000130,Skill
202000130,2,SkillLevel130,457000,129,130,202000001,202000131,Skill
202000131,2,SkillLevel131,478900,130,131,202000001,202000132,Skill
202000132,2,SkillLevel132,500800,131,132,202000001,202000133,Skill
202000133,2,SkillLevel133,522700,132,133,202000001,202000134,Skill
202000134,2,SkillLevel134,544600,133,134,202000001,202000135,Skill
202000135,2,SkillLevel135,566500,134,135,202000001,202000136,Skill
202000136,2,SkillLevel136,588400,135,136,202000001,202000137,Skill
202000137,2,SkillLevel137,610300,136,137,202000001,202000138,Skill
202000138,2,SkillLevel138,632200,137,138,202000001,202000139,Skill
202000139,2,SkillLevel139,654100,138,139,202000001,202000140,Skill
202000140,2,SkillLevel140,676000,139,140,202000001,202000141,Skill
202000141,2,SkillLevel141,702900,140,141,202000001,202000142,Skill
202000142,2,SkillLevel142,729800,141,142,202000001,202000143,Skill
202000143,2,SkillLevel143,756700,142,143,202000001,202000144,Skill
202000144,2,SkillLevel144,783600,143,144,202000001,202000145,Skill
202000145,2,SkillLevel145,810500,144,145,202000001,202000146,Skill
202000146,2,SkillLevel146,837400,145,146,202000001,202000147,Skill
202000147,2,SkillLevel147,864300,146,147,202000001,202000148,Skill
202000148,2,SkillLevel148,891200,147,148,202000001,202000149,Skill
202000149,2,SkillLevel149,918100,148,149,202000001,202000150,Skill
202000150,2,SkillLevel150,945000,149,150,202000001,202000151,Skill
202000151,2,SkillLevel151,976900,150,151,202000001,202000152,Skill
202000152,2,SkillLevel152,1008800,151,152,202000001,202000153,Skill
202000153,2,SkillLevel153,1040700,152,153,202000001,202000154,Skill
202000154,2,SkillLevel154,1072600,153,154,202000001,202000155,Skill
202000155,2,SkillLevel155,1104500,154,155,202000001,202000156,Skill
202000156,2,SkillLevel156,1136400,155,156,202000001,202000157,Skill
202000157,2,SkillLevel157,1168300,156,157,202000001,202000158,Skill
202000158,2,SkillLevel158,1200200,157,158,202000001,202000159,Skill
202000159,2,SkillLevel159,1232100,158,159,202000001,202000160,Skill
202000160,2,SkillLevel160,1264000,159,160,202000001,202000161,Skill
202000161,2,SkillLevel161,1300900,160,161,202000001,202000162,Skill
202000162,2,SkillLevel162,1337800,161,162,202000001,202000163,Skill
202000163,2,SkillLevel163,1374700,162,163,202000001,202000164,Skill
202000164,2,SkillLevel164,1411600,163,164,202000001,202000165,Skill
202000165,2,SkillLevel165,1448500,164,165,202000001,202000166,Skill
202000166,2,SkillLevel166,1485400,165,166,202000001,202000167,Skill
202000167,2,SkillLevel167,1522300,166,167,202000001,202000168,Skill
202000168,2,SkillLevel168,1559200,167,168,202000001,202000169,Skill
202000169,2,SkillLevel169,1596100,168,169,202000001,202000170,Skill
202000170,2,SkillLevel170,1633000,169,170,202000001,202000171,Skill
202000171,2,SkillLevel171,1674900,170,171,202000001,202000172,Skill
202000172,2,SkillLevel172,1716800,171,172,202000001,202000173,Skill
202000173,2,SkillLevel173,1758700,172,173,202000001,202000174,Skill
202000174,2,SkillLevel174,1800600,173,174,202000001,202000175,Skill
202000175,2,SkillLevel175,1842500,174,175,202000001,202000176,Skill
202000176,2,SkillLevel176,1884400,175,176,202000001,202000177,Skill
202000177,2,SkillLevel177,1926300,176,177,202000001,202000178,Skill
202000178,2,SkillLevel178,1968200,177,178,202000001,202000179,Skill
202000179,2,SkillLevel179,2010100,178,179,202000001,202000180,Skill
202000180,2,SkillLevel180,2052000,179,180,202000001,202000181,Skill
202000181,2,SkillLevel181,2098900,180,181,202000001,202000182,Skill
202000182,2,SkillLevel182,2145800,181,182,202000001,202000183,Skill
202000183,2,SkillLevel183,2192700,182,183,202000001,202000184,Skill
202000184,2,SkillLevel184,2239600,183,184,202000001,202000185,Skill
202000185,2,SkillLevel185,2286500,184,185,202000001,202000186,Skill
202000186,2,SkillLevel186,2333400,185,186,202000001,202000187,Skill
202000187,2,SkillLevel187,2380300,186,187,202000001,202000188,Skill
202000188,2,SkillLevel188,2427200,187,188,202000001,202000189,Skill
202000189,2,SkillLevel189,2474100,188,189,202000001,202000190,Skill
202000190,2,SkillLevel190,2521000,189,190,202000001,202000191,Skill
202000191,2,SkillLevel191,2572900,190,191,202000001,202000192,Skill
202000192,2,SkillLevel192,2624800,191,192,202000001,202000193,Skill
202000193,2,SkillLevel193,2676700,192,193,202000001,202000194,Skill
202000194,2,SkillLevel194,2728600,193,194,202000001,202000195,Skill
202000195,2,SkillLevel195,2780500,194,195,202000001,202000196,Skill
202000196,2,SkillLevel196,2832400,195,196,202000001,202000197,Skill
202000197,2,SkillLevel197,2884300,196,197,202000001,202000198,Skill
202000198,2,SkillLevel198,2936200,197,198,202000001,202000199,Skill
202000199,2,SkillLevel199,2988100,198,199,202000001,202000200,Skill
202000200,2,SkillLevel200,3040000,199,200,202000001,202000201,Skill
202000201,2,SkillLevel201,3096900,200,201,202000001,202000202,Skill
202000202,2,SkillLevel202,3153800,201,202,202000001,202000203,Skill
202000203,2,SkillLevel203,3210700,202,203,202000001,202000204,Skill
202000204,2,SkillLevel204,3267600,203,204,202000001,202000205,Skill
202000205,2,SkillLevel205,3324500,204,205,202000001,202000206,Skill
202000206,2,SkillLevel206,3381400,205,206,202000001,202000207,Skill
202000207,2,SkillLevel207,3438300,206,207,202000001,202000208,Skill
202000208,2,SkillLevel208,3495200,207,208,202000001,202000209,Skill
202000209,2,SkillLevel209,3552100,208,209,202000001,202000210,Skill
202000210,2,SkillLevel210,3609000,209,210,202000001,202000211,Skill
202000211,2,SkillLevel211,3670900,210,211,202000001,202000212,Skill
202000212,2,SkillLevel212,3732800,211,212,202000001,202000213,Skill
202000213,2,SkillLevel213,3794700,212,213,202000001,202000214,Skill
202000214,2,SkillLevel214,3856600,213,214,202000001,202000215,Skill
202000215,2,SkillLevel215,3918500,214,215,202000001,202000216,Skill
202000216,2,SkillLevel216,3980400,215,216,202000001,202000217,Skill
202000217,2,SkillLevel217,4042300,216,217,202000001,202000218,Skill
202000218,2,SkillLevel218,4104200,217,218,202000001,202000219,Skill
202000219,2,SkillLevel219,4166100,218,219,202000001,202000220,Skill
202000220,2,SkillLevel220,4228000,219,220,202000001,202000221,Skill
202000221,2,SkillLevel221,4294900,220,221,202000001,202000222,Skill
202000222,2,SkillLevel222,4361800,221,222,202000001,202000223,Skill
202000223,2,SkillLevel223,4428700,222,223,202000001,202000224,Skill
202000224,2,SkillLevel224,4495600,223,224,202000001,202000225,Skill
202000225,2,SkillLevel225,4562500,224,225,202000001,202000226,Skill
202000226,2,SkillLevel226,4629400,225,226,202000001,202000227,Skill
202000227,2,SkillLevel227,4696300,226,227,202000001,202000228,Skill
202000228,2,SkillLevel228,4763200,227,228,202000001,202000229,Skill
202000229,2,SkillLevel229,4830100,228,229,202000001,202000230,Skill
202000230,2,SkillLevel230,4897000,229,230,202000001,202000231,Skill
202000231,2,SkillLevel231,4968900,230,231,202000001,202000232,Skill
202000232,2,SkillLevel232,5040800,231,232,202000001,202000233,Skill
202000233,2,SkillLevel233,5112700,232,233,202000001,202000234,Skill
202000234,2,SkillLevel234,5184600,233,234,202000001,202000235,Skill
202000235,2,SkillLevel235,5256500,234,235,202000001,202000236,Skill
202000236,2,SkillLevel236,5328400,235,236,202000001,202000237,Skill
202000237,2,SkillLevel237,5400300,236,237,202000001,202000238,Skill
202000238,2,SkillLevel238,5472200,237,238,202000001,202000239,Skill
202000239,2,SkillLevel239,5544100,238,239,202000001,202000240,Skill
202000240,2,SkillLevel240,5616000,239,240,202000001,202000241,Skill
202000241,2,SkillLevel241,5692900,240,241,202000001,202000242,Skill
202000242,2,SkillLevel242,5769800,241,242,202000001,202000243,Skill
202000243,2,SkillLevel243,5846700,242,243,202000001,202000244,Skill
202000244,2,SkillLevel244,5923600,243,244,202000001,202000245,Skill
202000245,2,SkillLevel245,6000500,244,245,202000001,202000246,Skill
202000246,2,SkillLevel246,6077400,245,246,202000001,202000247,Skill
202000247,2,SkillLevel247,6154300,246,247,202000001,202000248,Skill
202000248,2,SkillLevel248,6231200,247,248,202000001,202000249,Skill
202000249,2,SkillLevel249,6308100,248,249,202000001,202000250,Skill
202000250,2,SkillLevel250,6385000,249,250,202000001,202000251,Skill
202000251,2,SkillLevel251,6466900,250,251,202000001,202000252,Skill
202000252,2,SkillLevel252,6548800,251,252,202000001,202000253,Skill
202000253,2,SkillLevel253,6630700,252,253,202000001,202000254,Skill
202000254,2,SkillLevel254,6712600,253,254,202000001,202000255,Skill
202000255,2,SkillLevel255,6794500,254,255,202000001,202000256,Skill
202000256,2,SkillLevel256,6876400,255,256,202000001,202000257,Skill
202000257,2,SkillLevel257,6958300,256,257,202000001,202000258,Skill
202000258,2,SkillLevel258,7040200,257,258,202000001,202000259,Skill
202000259,2,SkillLevel259,7122100,258,259,202000001,202000260,Skill
202000260,2,SkillLevel260,7204000,259,260,202000001,202000261,Skill
202000261,2,SkillLevel261,7290900,260,261,202000001,202000262,Skill
202000262,2,SkillLevel262,7377800,261,262,202000001,202000263,Skill
202000263,2,SkillLevel263,7464700,262,263,202000001,202000264,Skill
202000264,2,SkillLevel264,7551600,263,264,202000001,202000265,Skill
202000265,2,SkillLevel265,7638500,264,265,202000001,202000266,Skill
202000266,2,SkillLevel266,7725400,265,266,202000001,202000267,Skill
202000267,2,SkillLevel267,7812300,266,267,202000001,202000268,Skill
202000268,2,SkillLevel268,7899200,267,268,202000001,202000269,Skill
202000269,2,SkillLevel269,7986100,268,269,202000001,202000270,Skill
202000270,2,SkillLevel270,8073000,269,270,202000001,202000271,Skill
202000271,2,SkillLevel271,8164900,270,271,202000001,202000272,Skill
202000272,2,SkillLevel272,8256800,271,272,202000001,202000273,Skill
202000273,2,SkillLevel273,8348700,272,273,202000001,202000274,Skill
202000274,2,SkillLevel274,8440600,273,274,202000001,202000275,Skill
202000275,2,SkillLevel275,8532500,274,275,202000001,202000276,Skill
202000276,2,SkillLevel276,8624400,275,276,202000001,202000277,Skill
202000277,2,SkillLevel277,8716300,276,277,202000001,202000278,Skill
202000278,2,SkillLevel278,8808200,277,278,202000001,202000279,Skill
202000279,2,SkillLevel279,8900100,278,279,202000001,202000280,Skill
202000280,2,SkillLevel280,8992000,279,280,202000001,202000281,Skill
202000281,2,SkillLevel281,9088900,280,281,202000001,202000282,Skill
202000282,2,SkillLevel282,9185800,281,282,202000001,202000283,Skill
202000283,2,SkillLevel283,9282700,282,283,202000001,202000284,Skill
202000284,2,SkillLevel284,9379600,283,284,202000001,202000285,Skill
202000285,2,SkillLevel285,9476500,284,285,202000001,202000286,Skill
202000286,2,SkillLevel286,9573400,285,286,202000001,202000287,Skill
202000287,2,SkillLevel287,9670300,286,287,202000001,202000288,Skill
202000288,2,SkillLevel288,9767200,287,288,202000001,202000289,Skill
202000289,2,SkillLevel289,9864100,288,289,202000001,202000290,Skill
202000290,2,SkillLevel290,9961000,289,290,202000001,202000291,Skill
202000291,2,SkillLevel291,10062900,290,291,202000001,202000292,Skill
202000292,2,SkillLevel292,10164800,291,292,202000001,202000293,Skill
202000293,2,SkillLevel293,10266700,292,293,202000001,202000294,Skill
202000294,2,SkillLevel294,10368600,293,294,202000001,202000295,Skill
202000295,2,SkillLevel295,10470500,294,295,202000001,202000296,Skill
202000296,2,SkillLevel296,10572400,295,296,202000001,202000297,Skill
202000297,2,SkillLevel297,10674300,296,297,202000001,202000298,Skill
202000298,2,SkillLevel298,10776200,297,298,202000001,202000299,Skill
202000299,2,SkillLevel299,10878100,298,299,202000001,202000300,Skill
202000300,2,SkillLevel300,10980000,299,300,202000001,202000301,Skill
202000301,2,SkillLevel301,11101900,300,301,202000001,202000302,Skill
202000302,2,SkillLevel302,11223800,301,302,202000001,202000303,Skill
202000303,2,SkillLevel303,11345700,302,303,202000001,202000304,Skill
202000304,2,SkillLevel304,11467600,303,304,202000001,202000305,Skill
202000305,2,SkillLevel305,11589500,304,305,202000001,202000306,Skill
202000306,2,SkillLevel306,11711400,305,306,202000001,202000307,Skill
202000307,2,SkillLevel307,11833300,306,307,202000001,202000308,Skill
202000308,2,SkillLevel308,11955200,307,308,202000001,202000309,Skill
202000309,2,SkillLevel309,12077100,308,309,202000001,202000310,Skill
202000310,2,SkillLevel310,12199000,309,310,202000001,202000311,Skill
202000311,2,SkillLevel311,12340900,310,311,202000001,202000312,Skill
202000312,2,SkillLevel312,12482800,311,312,202000001,202000313,Skill
202000313,2,SkillLevel313,12624700,312,313,202000001,202000314,Skill
202000314,2,SkillLevel314,12766600,313,314,202000001,202000315,Skill
202000315,2,SkillLevel315,12908500,314,315,202000001,202000316,Skill
202000316,2,SkillLevel316,13050400,315,316,202000001,202000317,Skill
202000317,2,SkillLevel317,13192300,316,317,202000001,202000318,Skill
202000318,2,SkillLevel318,13334200,317,318,202000001,202000319,Skill
202000319,2,SkillLevel319,13476100,318,319,202000001,202000320,Skill
202000320,2,SkillLevel320,13618000,319,320,202000001,202000321,Skill
202000321,2,SkillLevel321,13779900,320,321,202000001,202000322,Skill
202000322,2,SkillLevel322,13941800,321,322,202000001,202000323,Skill
202000323,2,SkillLevel323,14103700,322,323,202000001,202000324,Skill
202000324,2,SkillLevel324,14265600,323,324,202000001,202000325,Skill
202000325,2,SkillLevel325,14427500,324,325,202000001,202000326,Skill
202000326,2,SkillLevel326,14589400,325,326,202000001,202000327,Skill
202000327,2,SkillLevel327,14751300,326,327,202000001,202000328,Skill
202000328,2,SkillLevel328,14913200,327,328,202000001,202000329,Skill
202000329,2,SkillLevel329,15075100,328,329,202000001,202000330,Skill
202000330,2,SkillLevel330,15237000,329,330,202000001,202000331,Skill
202000331,2,SkillLevel331,15418900,330,331,202000001,202000332,Skill
202000332,2,SkillLevel332,15600800,331,332,202000001,202000333,Skill
202000333,2,SkillLevel333,15782700,332,333,202000001,202000334,Skill
202000334,2,SkillLevel334,15964600,333,334,202000001,202000335,Skill
202000335,2,SkillLevel335,16146500,334,335,202000001,202000336,Skill
202000336,2,SkillLevel336,16328400,335,336,202000001,202000337,Skill
202000337,2,SkillLevel337,16510300,336,337,202000001,202000338,Skill
202000338,2,SkillLevel338,16692200,337,338,202000001,202000339,Skill
202000339,2,SkillLevel339,16874100,338,339,202000001,202000340,Skill
202000340,2,SkillLevel340,17056000,339,340,202000001,202000341,Skill
202000341,2,SkillLevel341,17257900,340,341,202000001,202000342,Skill
202000342,2,SkillLevel342,17459800,341,342,202000001,202000343,Skill
202000343,2,SkillLevel343,17661700,342,343,202000001,202000344,Skill
202000344,2,SkillLevel344,17863600,343,344,202000001,202000345,Skill
202000345,2,SkillLevel345,18065500,344,345,202000001,202000346,Skill
202000346,2,SkillLevel346,18267400,345,346,202000001,202000347,Skill
202000347,2,SkillLevel347,18469300,346,347,202000001,202000348,Skill
202000348,2,SkillLevel348,18671200,347,348,202000001,202000349,Skill
202000349,2,SkillLevel349,18873100,348,349,202000001,202000350,Skill
202000350,2,SkillLevel350,19075000,349,350,202000001,202000351,Skill
202000351,2,SkillLevel351,19296900,350,351,202000001,202000352,Skill
202000352,2,SkillLevel352,19518800,351,352,202000001,202000353,Skill
202000353,2,SkillLevel353,19740700,352,353,202000001,202000354,Skill
202000354,2,SkillLevel354,19962600,353,354,202000001,202000355,Skill
202000355,2,SkillLevel355,20184500,354,355,202000001,202000356,Skill
202000356,2,SkillLevel356,20406400,355,356,202000001,202000357,Skill
202000357,2,SkillLevel357,20628300,356,357,202000001,202000358,Skill
202000358,2,SkillLevel358,20850200,357,358,202000001,202000359,Skill
202000359,2,SkillLevel359,21072100,358,359,202000001,202000360,Skill
202000360,2,SkillLevel360,21294000,359,360,202000001,202000361,Skill
202000361,2,SkillLevel361,21535900,360,361,202000001,202000362,Skill
202000362,2,SkillLevel362,21777800,361,362,202000001,202000363,Skill
202000363,2,SkillLevel363,22019700,362,363,202000001,202000364,Skill
202000364,2,SkillLevel364,22261600,363,364,202000001,202000365,Skill
202000365,2,SkillLevel365,22503500,364,365,202000001,202000366,Skill
202000366,2,SkillLevel366,22745400,365,366,202000001,202000367,Skill
202000367,2,SkillLevel367,22987300,366,367,202000001,202000368,Skill
202000368,2,SkillLevel368,23229200,367,368,202000001,202000369,Skill
202000369,2,SkillLevel369,23471100,368,369,202000001,202000370,Skill
202000370,2,SkillLevel370,23713000,369,370,202000001,202000371,Skill
202000371,2,SkillLevel371,23974900,370,371,202000001,202000372,Skill
202000372,2,SkillLevel372,24236800,371,372,202000001,202000373,Skill
202000373,2,SkillLevel373,24498700,372,373,202000001,202000374,Skill
202000374,2,SkillLevel374,24760600,373,374,202000001,202000375,Skill
202000375,2,SkillLevel375,25022500,374,375,202000001,202000376,Skill
202000376,2,SkillLevel376,25284400,375,376,202000001,202000377,Skill
202000377,2,SkillLevel377,25546300,376,377,202000001,202000378,Skill
202000378,2,SkillLevel378,25808200,377,378,202000001,202000379,Skill
202000379,2,SkillLevel379,26070100,378,379,202000001,202000380,Skill
202000380,2,SkillLevel380,26332000,379,380,202000001,202000381,Skill
202000381,2,SkillLevel381,26613900,380,381,202000001,202000382,Skill
202000382,2,SkillLevel382,26895800,381,382,202000001,202000383,Skill
202000383,2,SkillLevel383,27177700,382,383,202000001,202000384,Skill
202000384,2,SkillLevel384,27459600,383,384,202000001,202000385,Skill
202000385,2,SkillLevel385,27741500,384,385,202000001,202000386,Skill
202000386,2,SkillLevel386,28023400,385,386,202000001,202000387,Skill
202000387,2,SkillLevel387,28305300,386,387,202000001,202000388,Skill
202000388,2,SkillLevel388,28587200,387,388,202000001,202000389,Skill
202000389,2,SkillLevel389,28869100,388,389,202000001,202000390,Skill
202000390,2,SkillLevel390,29151000,389,390,202000001,202000391,Skill
202000391,2,SkillLevel391,29452900,390,391,202000001,202000392,Skill
202000392,2,SkillLevel392,29754800,391,392,202000001,202000393,Skill
202000393,2,SkillLevel393,30056700,392,393,202000001,202000394,Skill
202000394,2,SkillLevel394,30358600,393,394,202000001,202000395,Skill
202000395,2,SkillLevel395,30660500,394,395,202000001,202000396,Skill
202000396,2,SkillLevel396,30962400,395,396,202000001,202000397,Skill
202000397,2,SkillLevel397,31264300,396,397,202000001,202000398,Skill
202000398,2,SkillLevel398,31566200,397,398,202000001,202000399,Skill
202000399,2,SkillLevel399,31868100,398,399,202000001,202000400,Skill
202000400,2,SkillLevel400,32170000,399,400,202000001,202000401,Skill
202000401,2,SkillLevel401,32491900,400,401,202000001,202000402,Skill
202000402,2,SkillLevel402,32813800,401,402,202000001,202000403,Skill
202000403,2,SkillLevel403,33135700,402,403,202000001,202000404,Skill
202000404,2,SkillLevel404,33457600,403,404,202000001,202000405,Skill
202000405,2,SkillLevel405,33779500,404,405,202000001,202000406,Skill
202000406,2,SkillLevel406,34101400,405,406,202000001,202000407,Skill
202000407,2,SkillLevel407,34423300,406,407,202000001,202000408,Skill
202000408,2,SkillLevel408,34745200,407,408,202000001,202000409,Skill
202000409,2,SkillLevel409,35067100,408,409,202000001,202000410,Skill
202000410,2,SkillLevel410,35389000,409,410,202000001,202000411,Skill
202000411,2,SkillLevel411,35730900,410,411,202000001,202000412,Skill
202000412,2,SkillLevel412,36072800,411,412,202000001,202000413,Skill
202000413,2,SkillLevel413,36414700,412,413,202000001,202000414,Skill
202000414,2,SkillLevel414,36756600,413,414,202000001,202000415,Skill
202000415,2,SkillLevel415,37098500,414,415,202000001,202000416,Skill
202000416,2,SkillLevel416,37440400,415,416,202000001,202000417,Skill
202000417,2,SkillLevel417,37782300,416,417,202000001,202000418,Skill
202000418,2,SkillLevel418,38124200,417,418,202000001,202000419,Skill
202000419,2,SkillLevel419,38466100,418,419,202000001,202000420,Skill
202000420,2,SkillLevel420,38808000,419,420,202000001,202000421,Skill
202000421,2,SkillLevel421,39169900,420,421,202000001,202000422,Skill
202000422,2,SkillLevel422,39531800,421,422,202000001,202000423,Skill
202000423,2,SkillLevel423,39893700,422,423,202000001,202000424,Skill
202000424,2,SkillLevel424,40255600,423,424,202000001,202000425,Skill
202000425,2,SkillLevel425,40617500,424,425,202000001,202000426,Skill
202000426,2,SkillLevel426,40979400,425,426,202000001,202000427,Skill
202000427,2,SkillLevel427,41341300,426,427,202000001,202000428,Skill
202000428,2,SkillLevel428,41703200,427,428,202000001,202000429,Skill
202000429,2,SkillLevel429,42065100,428,429,202000001,202000430,Skill
202000430,2,SkillLevel430,42427000,429,430,202000001,202000431,Skill
202000431,2,SkillLevel431,42808900,430,431,202000001,202000432,Skill
202000432,2,SkillLevel432,43190800,431,432,202000001,202000433,Skill
202000433,2,SkillLevel433,43572700,432,433,202000001,202000434,Skill
202000434,2,SkillLevel434,43954600,433,434,202000001,202000435,Skill
202000435,2,SkillLevel435,44336500,434,435,202000001,202000436,Skill
202000436,2,SkillLevel436,44718400,435,436,202000001,202000437,Skill
202000437,2,SkillLevel437,45100300,436,437,202000001,202000438,Skill
202000438,2,SkillLevel438,45482200,437,438,202000001,202000439,Skill
202000439,2,SkillLevel439,45864100,438,439,202000001,202000440,Skill
202000440,2,SkillLevel440,46246000,439,440,202000001,202000441,Skill
202000441,2,SkillLevel441,46647900,440,441,202000001,202000442,Skill
202000442,2,SkillLevel442,47049800,441,442,202000001,202000443,Skill
202000443,2,SkillLevel443,47451700,442,443,202000001,202000444,Skill
202000444,2,SkillLevel444,47853600,443,444,202000001,202000445,Skill
202000445,2,SkillLevel445,48255500,444,445,202000001,202000446,Skill
202000446,2,SkillLevel446,48657400,445,446,202000001,202000447,Skill
202000447,2,SkillLevel447,49059300,446,447,202000001,202000448,Skill
202000448,2,SkillLevel448,49461200,447,448,202000001,202000449,Skill
202000449,2,SkillLevel449,49863100,448,449,202000001,202000450,Skill
202000450,2,SkillLevel450,50265000,449,450,202000001,202000451,Skill
202000451,2,SkillLevel451,50686900,450,451,202000001,202000452,Skill
202000452,2,SkillLevel452,51108800,451,452,202000001,202000453,Skill
202000453,2,SkillLevel453,51530700,452,453,202000001,202000454,Skill
202000454,2,SkillLevel454,51952600,453,454,202000001,202000455,Skill
202000455,2,SkillLevel455,52374500,454,455,202000001,202000456,Skill
202000456,2,SkillLevel456,52796400,455,456,202000001,202000457,Skill
202000457,2,SkillLevel457,53218300,456,457,202000001,202000458,Skill
202000458,2,SkillLevel458,53640200,457,458,202000001,202000459,Skill
202000459,2,SkillLevel459,54062100,458,459,202000001,202000460,Skill
202000460,2,SkillLevel460,54484000,459,460,202000001,202000461,Skill
202000461,2,SkillLevel461,54925900,460,461,202000001,202000462,Skill
202000462,2,SkillLevel462,55367800,461,462,202000001,202000463,Skill
202000463,2,SkillLevel463,55809700,462,463,202000001,202000464,Skill
202000464,2,SkillLevel464,56251600,463,464,202000001,202000465,Skill
202000465,2,SkillLevel465,56693500,464,465,202000001,202000466,Skill
202000466,2,SkillLevel466,57135400,465,466,202000001,202000467,Skill
202000467,2,SkillLevel467,57577300,466,467,202000001,202000468,Skill
202000468,2,SkillLevel468,58019200,467,468,202000001,202000469,Skill
202000469,2,SkillLevel469,58461100,468,469,202000001,202000470,Skill
202000470,2,SkillLevel470,58903000,469,470,202000001,202000471,Skill
202000471,2,SkillLevel471,59364900,470,471,202000001,202000472,Skill
202000472,2,SkillLevel472,59826800,471,472,202000001,202000473,Skill
202000473,2,SkillLevel473,60288700,472,473,202000001,202000474,Skill
202000474,2,SkillLevel474,60750600,473,474,202000001,202000475,Skill
202000475,2,SkillLevel475,61212500,474,475,202000001,202000476,Skill
202000476,2,SkillLevel476,61674400,475,476,202000001,202000477,Skill
202000477,2,SkillLevel477,62136300,476,477,202000001,202000478,Skill
202000478,2,SkillLevel478,62598200,477,478,202000001,202000479,Skill
202000479,2,SkillLevel479,63060100,478,479,202000001,202000480,Skill
202000480,2,SkillLevel480,63522000,479,480,202000001,202000481,Skill
202000481,2,SkillLevel481,64003900,480,481,202000001,202000482,Skill
202000482,2,SkillLevel482,64485800,481,482,202000001,202000483,Skill
202000483,2,SkillLevel483,64967700,482,483,202000001,202000484,Skill
202000484,2,SkillLevel484,65449600,483,484,202000001,202000485,Skill
202000485,2,SkillLevel485,65931500,484,485,202000001,202000486,Skill
202000486,2,SkillLevel486,66413400,485,486,202000001,202000487,Skill
202000487,2,SkillLevel487,66895300,486,487,202000001,202000488,Skill
202000488,2,SkillLevel488,67377200,487,488,202000001,202000489,Skill
202000489,2,SkillLevel489,67859100,488,489,202000001,202000490,Skill
202000490,2,SkillLevel490,68341000,489,490,202000001,202000491,Skill
202000491,2,SkillLevel491,68842900,490,491,202000001,202000492,Skill
202000492,2,SkillLevel492,69344800,491,492,202000001,202000493,Skill
202000493,2,SkillLevel493,69846700,492,493,202000001,202000494,Skill
202000494,2,SkillLevel494,70348600,493,494,202000001,202000495,Skill
202000495,2,SkillLevel495,70850500,494,495,202000001,202000496,Skill
202000496,2,SkillLevel496,71352400,495,496,202000001,202000497,Skill
202000497,2,SkillLevel497,71854300,496,497,202000001,202000498,Skill
202000498,2,SkillLevel498,72356200,497,498,202000001,202000499,Skill
202000499,2,SkillLevel499,72858100,498,499,202000001,202000500,Skill
202000500,2,SkillLevel500,73360000,499,500,202000001,202000501,Skill
202000501,2,SkillLevel501,73881900,500,501,202000001,202000502,Skill
202000502,2,SkillLevel502,74403800,501,502,202000001,202000503,Skill
202000503,2,SkillLevel503,74925700,502,503,202000001,202000504,Skill
202000504,2,SkillLevel504,75447600,503,504,202000001,202000505,Skill
202000505,2,SkillLevel505,75969500,504,505,202000001,202000506,Skill
202000506,2,SkillLevel506,76491400,505,506,202000001,202000507,Skill
202000507,2,SkillLevel507,77013300,506,507,202000001,202000508,Skill
202000508,2,SkillLevel508,77535200,507,508,202000001,202000509,Skill
202000509,2,SkillLevel509,78057100,508,509,202000001,202000510,Skill
202000510,2,SkillLevel510,78579000,509,510,202000001,202000511,Skill
202000511,2,SkillLevel511,79120900,510,511,202000001,202000512,Skill
202000512,2,SkillLevel512,79662800,511,512,202000001,202000513,Skill
202000513,2,SkillLevel513,80204700,512,513,202000001,202000514,Skill
202000514,2,SkillLevel514,80746600,513,514,202000001,202000515,Skill
202000515,2,SkillLevel515,81288500,514,515,202000001,202000516,Skill
202000516,2,SkillLevel516,81830400,515,516,202000001,202000517,Skill
202000517,2,SkillLevel517,82372300,516,517,202000001,202000518,Skill
202000518,2,SkillLevel518,82914200,517,518,202000001,202000519,Skill
202000519,2,SkillLevel519,83456100,518,519,202000001,202000520,Skill
202000520,2,SkillLevel520,83998000,519,520,202000001,202000521,Skill
202000521,2,SkillLevel521,84559900,520,521,202000001,202000522,Skill
202000522,2,SkillLevel522,85121800,521,522,202000001,202000523,Skill
202000523,2,SkillLevel523,85683700,522,523,202000001,202000524,Skill
202000524,2,SkillLevel524,86245600,523,524,202000001,202000525,Skill
202000525,2,SkillLevel525,86807500,524,525,202000001,202000526,Skill
202000526,2,SkillLevel526,87369400,525,526,202000001,202000527,Skill
202000527,2,SkillLevel527,87931300,526,527,202000001,202000528,Skill
202000528,2,SkillLevel528,88493200,527,528,202000001,202000529,Skill
202000529,2,SkillLevel529,89055100,528,529,202000001,202000530,Skill
202000530,2,SkillLevel530,89617000,529,530,202000001,202000531,Skill
202000531,2,SkillLevel531,90198900,530,531,202000001,202000532,Skill
202000532,2,SkillLevel532,90780800,531,532,202000001,202000533,Skill
202000533,2,SkillLevel533,91362700,532,533,202000001,202000534,Skill
202000534,2,SkillLevel534,91944600,533,534,202000001,202000535,Skill
202000535,2,SkillLevel535,92526500,534,535,202000001,202000536,Skill
202000536,2,SkillLevel536,93108400,535,536,202000001,202000537,Skill
202000537,2,SkillLevel537,93690300,536,537,202000001,202000538,Skill
202000538,2,SkillLevel538,94272200,537,538,202000001,202000539,Skill
202000539,2,SkillLevel539,94854100,538,539,202000001,202000540,Skill
202000540,2,SkillLevel540,95436000,539,540,202000001,202000541,Skill
202000541,2,SkillLevel541,96037900,540,541,202000001,202000542,Skill
202000542,2,SkillLevel542,96639800,541,542,202000001,202000543,Skill
202000543,2,SkillLevel543,97241700,542,543,202000001,202000544,Skill
202000544,2,SkillLevel544,97843600,543,544,202000001,202000545,Skill
202000545,2,SkillLevel545,98445500,544,545,202000001,202000546,Skill
202000546,2,SkillLevel546,99047400,545,546,202000001,202000547,Skill
202000547,2,SkillLevel547,99649300,546,547,202000001,202000548,Skill
202000548,2,SkillLevel548,100251200,547,548,202000001,202000549,Skill
202000549,2,SkillLevel549,100853100,548,549,202000001,202000550,Skill
202000550,2,SkillLevel550,101455000,549,550,202000001,202000551,Skill
202000551,2,SkillLevel551,102076900,550,551,202000001,202000552,Skill
202000552,2,SkillLevel552,102698800,551,552,202000001,202000553,Skill
202000553,2,SkillLevel553,103320700,552,553,202000001,202000554,Skill
202000554,2,SkillLevel554,103942600,553,554,202000001,202000555,Skill
202000555,2,SkillLevel555,104564500,554,555,202000001,202000556,Skill
202000556,2,SkillLevel556,105186400,555,556,202000001,202000557,Skill
202000557,2,SkillLevel557,105808300,556,557,202000001,202000558,Skill
202000558,2,SkillLevel558,106430200,557,558,202000001,202000559,Skill
202000559,2,SkillLevel559,107052100,558,559,202000001,202000560,Skill
202000560,2,SkillLevel560,107674000,559,560,202000001,202000561,Skill
202000561,2,SkillLevel561,108315900,560,561,202000001,202000562,Skill
202000562,2,SkillLevel562,108957800,561,562,202000001,202000563,Skill
202000563,2,SkillLevel563,109599700,562,563,202000001,202000564,Skill
202000564,2,SkillLevel564,110241600,563,564,202000001,202000565,Skill
202000565,2,SkillLevel565,110883500,564,565,202000001,202000566,Skill
202000566,2,SkillLevel566,111525400,565,566,202000001,202000567,Skill
202000567,2,SkillLevel567,112167300,566,567,202000001,202000568,Skill
202000568,2,SkillLevel568,112809200,567,568,202000001,202000569,Skill
202000569,2,SkillLevel569,113451100,568,569,202000001,202000570,Skill
202000570,2,SkillLevel570,114093000,569,570,202000001,202000571,Skill
202000571,2,SkillLevel571,114754900,570,571,202000001,202000572,Skill
202000572,2,SkillLevel572,115416800,571,572,202000001,202000573,Skill
202000573,2,SkillLevel573,116078700,572,573,202000001,202000574,Skill
202000574,2,SkillLevel574,116740600,573,574,202000001,202000575,Skill
202000575,2,SkillLevel575,117402500,574,575,202000001,202000576,Skill
202000576,2,SkillLevel576,118064400,575,576,202000001,202000577,Skill
202000577,2,SkillLevel577,118726300,576,577,202000001,202000578,Skill
202000578,2,SkillLevel578,119388200,577,578,202000001,202000579,Skill
202000579,2,SkillLevel579,120050100,578,579,202000001,202000580,Skill
202000580,2,SkillLevel580,120712000,579,580,202000001,202000581,Skill
202000581,2,SkillLevel581,121393900,580,581,202000001,202000582,Skill
202000582,2,SkillLevel582,122075800,581,582,202000001,202000583,Skill
202000583,2,SkillLevel583,122757700,582,583,202000001,202000584,Skill
202000584,2,SkillLevel584,123439600,583,584,202000001,202000585,Skill
202000585,2,SkillLevel585,124121500,584,585,202000001,202000586,Skill
202000586,2,SkillLevel586,124803400,585,586,202000001,202000587,Skill
202000587,2,SkillLevel587,125485300,586,587,202000001,202000588,Skill
202000588,2,SkillLevel588,126167200,587,588,202000001,202000589,Skill
202000589,2,SkillLevel589,126849100,588,589,202000001,202000590,Skill
202000590,2,SkillLevel590,127531000,589,590,202000001,202000591,Skill
202000591,2,SkillLevel591,128232900,590,591,202000001,202000592,Skill
202000592,2,SkillLevel592,128934800,591,592,202000001,202000593,Skill
202000593,2,SkillLevel593,129636700,592,593,202000001,202000594,Skill
202000594,2,SkillLevel594,130338600,593,594,202000001,202000595,Skill
202000595,2,SkillLevel595,131040500,594,595,202000001,202000596,Skill
202000596,2,SkillLevel596,131742400,595,596,202000001,202000597,Skill
202000597,2,SkillLevel597,132444300,596,597,202000001,202000598,Skill
202000598,2,SkillLevel598,133146200,597,598,202000001,202000599,Skill
202000599,2,SkillLevel599,133848100,598,599,202000001,202000600,Skill
202000600,2,SkillLevel600,134550000,599,600,202000001,202000601,Skill
202000601,2,SkillLevel601,135501900,600,601,202000001,202000602,Skill
202000602,2,SkillLevel602,136453800,601,602,202000001,202000603,Skill
202000603,2,SkillLevel603,137405700,602,603,202000001,202000604,Skill
202000604,2,SkillLevel604,138357600,603,604,202000001,202000605,Skill
202000605,2,SkillLevel605,139309500,604,605,202000001,202000606,Skill
202000606,2,SkillLevel606,140261400,605,606,202000001,202000607,Skill
202000607,2,SkillLevel607,141213300,606,607,202000001,202000608,Skill
202000608,2,SkillLevel608,142165200,607,608,202000001,202000609,Skill
202000609,2,SkillLevel609,143117100,608,609,202000001,202000610,Skill
202000610,2,SkillLevel610,144069000,609,610,202000001,202000611,Skill
202000611,2,SkillLevel611,145270900,610,611,202000001,202000612,Skill
202000612,2,SkillLevel612,146472800,611,612,202000001,202000613,Skill
202000613,2,SkillLevel613,147674700,612,613,202000001,202000614,Skill
202000614,2,SkillLevel614,148876600,613,614,202000001,202000615,Skill
202000615,2,SkillLevel615,150078500,614,615,202000001,202000616,Skill
202000616,2,SkillLevel616,151280400,615,616,202000001,202000617,Skill
202000617,2,SkillLevel617,152482300,616,617,202000001,202000618,Skill
202000618,2,SkillLevel618,153684200,617,618,202000001,202000619,Skill
202000619,2,SkillLevel619,154886100,618,619,202000001,202000620,Skill
202000620,2,SkillLevel620,156088000,619,620,202000001,202000621,Skill
202000621,2,SkillLevel621,157539900,620,621,202000001,202000622,Skill
202000622,2,SkillLevel622,158991800,621,622,202000001,202000623,Skill
202000623,2,SkillLevel623,160443700,622,623,202000001,202000624,Skill
202000624,2,SkillLevel624,161895600,623,624,202000001,202000625,Skill
202000625,2,SkillLevel625,163347500,624,625,202000001,202000626,Skill
202000626,2,SkillLevel626,164799400,625,626,202000001,202000627,Skill
202000627,2,SkillLevel627,166251300,626,627,202000001,202000628,Skill
202000628,2,SkillLevel628,167703200,627,628,202000001,202000629,Skill
202000629,2,SkillLevel629,169155100,628,629,202000001,202000630,Skill
202000630,2,SkillLevel630,170607000,629,630,202000001,202000631,Skill
202000631,2,SkillLevel631,172308900,630,631,202000001,202000632,Skill
202000632,2,SkillLevel632,174010800,631,632,202000001,202000633,Skill
202000633,2,SkillLevel633,175712700,632,633,202000001,202000634,Skill
202000634,2,SkillLevel634,177414600,633,634,202000001,202000635,Skill
202000635,2,SkillLevel635,179116500,634,635,202000001,202000636,Skill
202000636,2,SkillLevel636,180818400,635,636,202000001,202000637,Skill
202000637,2,SkillLevel637,182520300,636,637,202000001,202000638,Skill
202000638,2,SkillLevel638,184222200,637,638,202000001,202000639,Skill
202000639,2,SkillLevel639,185924100,638,639,202000001,202000640,Skill
202000640,2,SkillLevel640,187626000,639,640,202000001,202000641,Skill
202000641,2,SkillLevel641,189577900,640,641,202000001,202000642,Skill
202000642,2,SkillLevel642,191529800,641,642,202000001,202000643,Skill
202000643,2,SkillLevel643,193481700,642,643,202000001,202000644,Skill
202000644,2,SkillLevel644,195433600,643,644,202000001,202000645,Skill
202000645,2,SkillLevel645,197385500,644,645,202000001,202000646,Skill
202000646,2,SkillLevel646,199337400,645,646,202000001,202000647,Skill
202000647,2,SkillLevel647,201289300,646,647,202000001,202000648,Skill
202000648,2,SkillLevel648,203241200,647,648,202000001,202000649,Skill
202000649,2,SkillLevel649,205193100,648,649,202000001,202000650,Skill
202000650,2,SkillLevel650,207145000,649,650,202000001,202000651,Skill
202000651,2,SkillLevel651,209346900,650,651,202000001,202000652,Skill
202000652,2,SkillLevel652,211548800,651,652,202000001,202000653,Skill
202000653,2,SkillLevel653,213750700,652,653,202000001,202000654,Skill
202000654,2,SkillLevel654,215952600,653,654,202000001,202000655,Skill
202000655,2,SkillLevel655,218154500,654,655,202000001,202000656,Skill
202000656,2,SkillLevel656,220356400,655,656,202000001,202000657,Skill
202000657,2,SkillLevel657,222558300,656,657,202000001,202000658,Skill
202000658,2,SkillLevel658,224760200,657,658,202000001,202000659,Skill
202000659,2,SkillLevel659,226962100,658,659,202000001,202000660,Skill
202000660,2,SkillLevel660,229164000,659,660,202000001,202000661,Skill
202000661,2,SkillLevel661,231615900,660,661,202000001,202000662,Skill
202000662,2,SkillLevel662,234067800,661,662,202000001,202000663,Skill
202000663,2,SkillLevel663,236519700,662,663,202000001,202000664,Skill
202000664,2,SkillLevel664,238971600,663,664,202000001,202000665,Skill
202000665,2,SkillLevel665,241423500,664,665,202000001,202000666,Skill
202000666,2,SkillLevel666,243875400,665,666,202000001,202000667,Skill
202000667,2,SkillLevel667,246327300,666,667,202000001,202000668,Skill
202000668,2,SkillLevel668,248779200,667,668,202000001,202000669,Skill
202000669,2,SkillLevel669,251231100,668,669,202000001,202000670,Skill
202000670,2,SkillLevel670,253683000,669,670,202000001,202000671,Skill
202000671,2,SkillLevel671,256384900,670,671,202000001,202000672,Skill
202000672,2,SkillLevel672,259086800,671,672,202000001,202000673,Skill
202000673,2,SkillLevel673,261788700,672,673,202000001,202000674,Skill
202000674,2,SkillLevel674,264490600,673,674,202000001,202000675,Skill
202000675,2,SkillLevel675,267192500,674,675,202000001,202000676,Skill
202000676,2,SkillLevel676,269894400,675,676,202000001,202000677,Skill
202000677,2,SkillLevel677,272596300,676,677,202000001,202000678,Skill
202000678,2,SkillLevel678,275298200,677,678,202000001,202000679,Skill
202000679,2,SkillLevel679,278000100,678,679,202000001,202000680,Skill
202000680,2,SkillLevel680,280702000,679,680,202000001,202000681,Skill
202000681,2,SkillLevel681,283653900,680,681,202000001,202000682,Skill
202000682,2,SkillLevel682,286605800,681,682,202000001,202000683,Skill
202000683,2,SkillLevel683,289557700,682,683,202000001,202000684,Skill
202000684,2,SkillLevel684,292509600,683,684,202000001,202000685,Skill
202000685,2,SkillLevel685,295461500,684,685,202000001,202000686,Skill
202000686,2,SkillLevel686,298413400,685,686,202000001,202000687,Skill
202000687,2,SkillLevel687,301365300,686,687,202000001,202000688,Skill
202000688,2,SkillLevel688,304317200,687,688,202000001,202000689,Skill
202000689,2,SkillLevel689,307269100,688,689,202000001,202000690,Skill
202000690,2,SkillLevel690,310221000,689,690,202000001,202000691,Skill
202000691,2,SkillLevel691,313422900,690,691,202000001,202000692,Skill
202000692,2,SkillLevel692,316624800,691,692,202000001,202000693,Skill
202000693,2,SkillLevel693,319826700,692,693,202000001,202000694,Skill
202000694,2,SkillLevel694,323028600,693,694,202000001,202000695,Skill
202000695,2,SkillLevel695,326230500,694,695,202000001,202000696,Skill
202000696,2,SkillLevel696,329432400,695,696,202000001,202000697,Skill
202000697,2,SkillLevel697,332634300,696,697,202000001,202000698,Skill
202000698,2,SkillLevel698,335836200,697,698,202000001,202000699,Skill
202000699,2,SkillLevel699,339038100,698,699,202000001,202000700,Skill
202000700,2,SkillLevel700,342240000,699,700,202000001,202000701,Skill
202000701,2,SkillLevel701,345691900,700,701,202000001,202000702,Skill
202000702,2,SkillLevel702,349143800,701,702,202000001,202000703,Skill
202000703,2,SkillLevel703,352595700,702,703,202000001,202000704,Skill
202000704,2,SkillLevel704,356047600,703,704,202000001,202000705,Skill
202000705,2,SkillLevel705,359499500,704,705,202000001,202000706,Skill
202000706,2,SkillLevel706,362951400,705,706,202000001,202000707,Skill
202000707,2,SkillLevel707,366403300,706,707,202000001,202000708,Skill
202000708,2,SkillLevel708,369855200,707,708,202000001,202000709,Skill
202000709,2,SkillLevel709,373307100,708,709,202000001,202000710,Skill
202000710,2,SkillLevel710,376759000,709,710,202000001,202000711,Skill
202000711,2,SkillLevel711,380460900,710,711,202000001,202000712,Skill
202000712,2,SkillLevel712,384162800,711,712,202000001,202000713,Skill
202000713,2,SkillLevel713,387864700,712,713,202000001,202000714,Skill
202000714,2,SkillLevel714,391566600,713,714,202000001,202000715,Skill
202000715,2,SkillLevel715,395268500,714,715,202000001,202000716,Skill
202000716,2,SkillLevel716,398970400,715,716,202000001,202000717,Skill
202000717,2,SkillLevel717,402672300,716,717,202000001,202000718,Skill
202000718,2,SkillLevel718,406374200,717,718,202000001,202000719,Skill
202000719,2,SkillLevel719,410076100,718,719,202000001,202000720,Skill
202000720,2,SkillLevel720,413778000,719,720,202000001,202000721,Skill
202000721,2,SkillLevel721,417729900,720,721,202000001,202000722,Skill
202000722,2,SkillLevel722,421681800,721,722,202000001,202000723,Skill
202000723,2,SkillLevel723,425633700,722,723,202000001,202000724,Skill
202000724,2,SkillLevel724,429585600,723,724,202000001,202000725,Skill
202000725,2,SkillLevel725,433537500,724,725,202000001,202000726,Skill
202000726,2,SkillLevel726,437489400,725,726,202000001,202000727,Skill
202000727,2,SkillLevel727,441441300,726,727,202000001,202000728,Skill
202000728,2,SkillLevel728,445393200,727,728,202000001,202000729,Skill
202000729,2,SkillLevel729,449345100,728,729,202000001,202000730,Skill
202000730,2,SkillLevel730,453297000,729,730,202000001,202000731,Skill
202000731,2,SkillLevel731,457498900,730,731,202000001,202000732,Skill
202000732,2,SkillLevel732,461700800,731,732,202000001,202000733,Skill
202000733,2,SkillLevel733,465902700,732,733,202000001,202000734,Skill
202000734,2,SkillLevel734,470104600,733,734,202000001,202000735,Skill
202000735,2,SkillLevel735,474306500,734,735,202000001,202000736,Skill
202000736,2,SkillLevel736,478508400,735,736,202000001,202000737,Skill
202000737,2,SkillLevel737,482710300,736,737,202000001,202000738,Skill
202000738,2,SkillLevel738,486912200,737,738,202000001,202000739,Skill
202000739,2,SkillLevel739,491114100,738,739,202000001,202000740,Skill
202000740,2,SkillLevel740,495316000,739,740,202000001,202000741,Skill
202000741,2,SkillLevel741,499767900,740,741,202000001,202000742,Skill
202000742,2,SkillLevel742,504219800,741,742,202000001,202000743,Skill
202000743,2,SkillLevel743,508671700,742,743,202000001,202000744,Skill
202000744,2,SkillLevel744,513123600,743,744,202000001,202000745,Skill
202000745,2,SkillLevel745,517575500,744,745,202000001,202000746,Skill
202000746,2,SkillLevel746,522027400,745,746,202000001,202000747,Skill
202000747,2,SkillLevel747,526479300,746,747,202000001,202000748,Skill
202000748,2,SkillLevel748,530931200,747,748,202000001,202000749,Skill
202000749,2,SkillLevel749,535383100,748,749,202000001,202000750,Skill
202000750,2,SkillLevel750,539835000,749,750,202000001,202000751,Skill
202000751,2,SkillLevel751,544536900,750,751,202000001,202000752,Skill
202000752,2,SkillLevel752,549238800,751,752,202000001,202000753,Skill
202000753,2,SkillLevel753,553940700,752,753,202000001,202000754,Skill
202000754,2,SkillLevel754,558642600,753,754,202000001,202000755,Skill
202000755,2,SkillLevel755,563344500,754,755,202000001,202000756,Skill
202000756,2,SkillLevel756,568046400,755,756,202000001,202000757,Skill
202000757,2,SkillLevel757,572748300,756,757,202000001,202000758,Skill
202000758,2,SkillLevel758,577450200,757,758,202000001,202000759,Skill
202000759,2,SkillLevel759,582152100,758,759,202000001,202000760,Skill
202000760,2,SkillLevel760,586854000,759,760,202000001,202000761,Skill
202000761,2,SkillLevel761,591805900,760,761,202000001,202000762,Skill
202000762,2,SkillLevel762,596757800,761,762,202000001,202000763,Skill
202000763,2,SkillLevel763,601709700,762,763,202000001,202000764,Skill
202000764,2,SkillLevel764,606661600,763,764,202000001,202000765,Skill
202000765,2,SkillLevel765,611613500,764,765,202000001,202000766,Skill
202000766,2,SkillLevel766,616565400,765,766,202000001,202000767,Skill
202000767,2,SkillLevel767,621517300,766,767,202000001,202000768,Skill
202000768,2,SkillLevel768,626469200,767,768,202000001,202000769,Skill
202000769,2,SkillLevel769,631421100,768,769,202000001,202000770,Skill
202000770,2,SkillLevel770,636373000,769,770,202000001,202000771,Skill
202000771,2,SkillLevel771,641574900,770,771,202000001,202000772,Skill
202000772,2,SkillLevel772,646776800,771,772,202000001,202000773,Skill
202000773,2,SkillLevel773,651978700,772,773,202000001,202000774,Skill
202000774,2,SkillLevel774,657180600,773,774,202000001,202000775,Skill
202000775,2,SkillLevel775,662382500,774,775,202000001,202000776,Skill
202000776,2,SkillLevel776,667584400,775,776,202000001,202000777,Skill
202000777,2,SkillLevel777,672786300,776,777,202000001,202000778,Skill
202000778,2,SkillLevel778,677988200,777,778,202000001,202000779,Skill
202000779,2,SkillLevel779,683190100,778,779,202000001,202000780,Skill
202000780,2,SkillLevel780,688392000,779,780,202000001,202000781,Skill
202000781,2,SkillLevel781,693843900,780,781,202000001,202000782,Skill
202000782,2,SkillLevel782,699295800,781,782,202000001,202000783,Skill
202000783,2,SkillLevel783,704747700,782,783,202000001,202000784,Skill
202000784,2,SkillLevel784,710199600,783,784,202000001,202000785,Skill
202000785,2,SkillLevel785,715651500,784,785,202000001,202000786,Skill
202000786,2,SkillLevel786,721103400,785,786,202000001,202000787,Skill
202000787,2,SkillLevel787,726555300,786,787,202000001,202000788,Skill
202000788,2,SkillLevel788,732007200,787,788,202000001,202000789,Skill
202000789,2,SkillLevel789,737459100,788,789,202000001,202000790,Skill
202000790,2,SkillLevel790,742911000,789,790,202000001,202000791,Skill
202000791,2,SkillLevel791,748612900,790,791,202000001,202000792,Skill
202000792,2,SkillLevel792,754314800,791,792,202000001,202000793,Skill
202000793,2,SkillLevel793,760016700,792,793,202000001,202000794,Skill
202000794,2,SkillLevel794,765718600,793,794,202000001,202000795,Skill
202000795,2,SkillLevel795,771420500,794,795,202000001,202000796,Skill
202000796,2,SkillLevel796,777122400,795,796,202000001,202000797,Skill
202000797,2,SkillLevel797,782824300,796,797,202000001,202000798,Skill
202000798,2,SkillLevel798,788526200,797,798,202000001,202000799,Skill
202000799,2,SkillLevel799,794228100,798,799,202000001,202000800,Skill
202000800,2,SkillLevel800,799930000,799,800,202000001,202000801,Skill
202000801,2,SkillLevel801,805881900,800,801,202000001,202000802,Skill
202000802,2,SkillLevel802,811833800,801,802,202000001,202000803,Skill
202000803,2,SkillLevel803,817785700,802,803,202000001,202000804,Skill
202000804,2,SkillLevel804,823737600,803,804,202000001,202000805,Skill
202000805,2,SkillLevel805,829689500,804,805,202000001,202000806,Skill
202000806,2,SkillLevel806,835641400,805,806,202000001,202000807,Skill
202000807,2,SkillLevel807,841593300,806,807,202000001,202000808,Skill
202000808,2,SkillLevel808,847545200,807,808,202000001,202000809,Skill
202000809,2,SkillLevel809,853497100,808,809,202000001,202000810,Skill
202000810,2,SkillLevel810,859449000,809,810,202000001,202000811,Skill
202000811,2,SkillLevel811,865650900,810,811,202000001,202000812,Skill
202000812,2,SkillLevel812,871852800,811,812,202000001,202000813,Skill
202000813,2,SkillLevel813,878054700,812,813,202000001,202000814,Skill
202000814,2,SkillLevel814,884256600,813,814,202000001,202000815,Skill
202000815,2,SkillLevel815,890458500,814,815,202000001,202000816,Skill
202000816,2,SkillLevel816,896660400,815,816,202000001,202000817,Skill
202000817,2,SkillLevel817,902862300,816,817,202000001,202000818,Skill
202000818,2,SkillLevel818,909064200,817,818,202000001,202000819,Skill
202000819,2,SkillLevel819,915266100,818,819,202000001,202000820,Skill
202000820,2,SkillLevel820,921468000,819,820,202000001,202000821,Skill
202000821,2,SkillLevel821,927919900,820,821,202000001,202000822,Skill
202000822,2,SkillLevel822,934371800,821,822,202000001,202000823,Skill
202000823,2,SkillLevel823,940823700,822,823,202000001,202000824,Skill
202000824,2,SkillLevel824,947275600,823,824,202000001,202000825,Skill
202000825,2,SkillLevel825,953727500,824,825,202000001,202000826,Skill
202000826,2,SkillLevel826,960179400,825,826,202000001,202000827,Skill
202000827,2,SkillLevel827,966631300,826,827,202000001,202000828,Skill
202000828,2,SkillLevel828,973083200,827,828,202000001,202000829,Skill
202000829,2,SkillLevel829,979535100,828,829,202000001,202000830,Skill
202000830,2,SkillLevel830,985987000,829,830,202000001,202000831,Skill
202000831,2,SkillLevel831,992688900,830,831,202000001,202000832,Skill
202000832,2,SkillLevel832,999390800,831,832,202000001,202000833,Skill
202000833,2,SkillLevel833,1006092700,832,833,202000001,202000834,Skill
202000834,2,SkillLevel834,1012794600,833,834,202000001,202000835,Skill
202000835,2,SkillLevel835,1019496500,834,835,202000001,202000836,Skill
202000836,2,SkillLevel836,1026198400,835,836,202000001,202000837,Skill
202000837,2,SkillLevel837,1032900300,836,837,202000001,202000838,Skill
202000838,2,SkillLevel838,1039602200,837,838,202000001,202000839,Skill
202000839,2,SkillLevel839,1046304100,838,839,202000001,202000840,Skill
202000840,2,SkillLevel840,1053006000,839,840,202000001,202000841,Skill
202000841,2,SkillLevel841,1059957900,840,841,202000001,202000842,Skill
202000842,2,SkillLevel842,1066909800,841,842,202000001,202000843,Skill
202000843,2,SkillLevel843,1073861700,842,843,202000001,202000844,Skill
202000844,2,SkillLevel844,1080813600,843,844,202000001,202000845,Skill
202000845,2,SkillLevel845,1087765500,844,845,202000001,202000846,Skill
202000846,2,SkillLevel846,1094717400,845,846,202000001,202000847,Skill
202000847,2,SkillLevel847,1101669300,846,847,202000001,202000848,Skill
202000848,2,SkillLevel848,1108621200,847,848,202000001,202000849,Skill
202000849,2,SkillLevel849,1115573100,848,849,202000001,202000850,Skill
202000850,2,SkillLevel850,1122525000,849,850,202000001,202000851,Skill
202000851,2,SkillLevel851,1129726900,850,851,202000001,202000852,Skill
202000852,2,SkillLevel852,1136928800,851,852,202000001,202000853,Skill
202000853,2,SkillLevel853,1144130700,852,853,202000001,202000854,Skill
202000854,2,SkillLevel854,1151332600,853,854,202000001,202000855,Skill
202000855,2,SkillLevel855,1158534500,854,855,202000001,202000856,Skill
202000856,2,SkillLevel856,1165736400,855,856,202000001,202000857,Skill
202000857,2,SkillLevel857,1172938300,856,857,202000001,202000858,Skill
202000858,2,SkillLevel858,1180140200,857,858,202000001,202000859,Skill
202000859,2,SkillLevel859,1187342100,858,859,202000001,202000860,Skill
202000860,2,SkillLevel860,1194544000,859,860,202000001,202000861,Skill
202000861,2,SkillLevel861,1201995900,860,861,202000001,202000862,Skill
202000862,2,SkillLevel862,1209447800,861,862,202000001,202000863,Skill
202000863,2,SkillLevel863,1216899700,862,863,202000001,202000864,Skill
202000864,2,SkillLevel864,1224351600,863,864,202000001,202000865,Skill
202000865,2,SkillLevel865,1231803500,864,865,202000001,202000866,Skill
202000866,2,SkillLevel866,1239255400,865,866,202000001,202000867,Skill
202000867,2,SkillLevel867,1246707300,866,867,202000001,202000868,Skill
202000868,2,SkillLevel868,1254159200,867,868,202000001,202000869,Skill
202000869,2,SkillLevel869,1261611100,868,869,202000001,202000870,Skill
202000870,2,SkillLevel870,1269063000,869,870,202000001,202000871,Skill
202000871,2,SkillLevel871,1276764900,870,871,202000001,202000872,Skill
202000872,2,SkillLevel872,1284466800,871,872,202000001,202000873,Skill
202000873,2,SkillLevel873,1292168700,872,873,202000001,202000874,Skill
202000874,2,SkillLevel874,1299870600,873,874,202000001,202000875,Skill
202000875,2,SkillLevel875,1307572500,874,875,202000001,202000876,Skill
202000876,2,SkillLevel876,1315274400,875,876,202000001,202000877,Skill
202000877,2,SkillLevel877,1322976300,876,877,202000001,202000878,Skill
202000878,2,SkillLevel878,1330678200,877,878,202000001,202000879,Skill
202000879,2,SkillLevel879,1338380100,878,879,202000001,202000880,Skill
202000880,2,SkillLevel880,1346082000,879,880,202000001,202000881,Skill
202000881,2,SkillLevel881,1354033900,880,881,202000001,202000882,Skill
202000882,2,SkillLevel882,1361985800,881,882,202000001,202000883,Skill
202000883,2,SkillLevel883,1369937700,882,883,202000001,202000884,Skill
202000884,2,SkillLevel884,1377889600,883,884,202000001,202000885,Skill
202000885,2,SkillLevel885,1385841500,884,885,202000001,202000886,Skill
202000886,2,SkillLevel886,1393793400,885,886,202000001,202000887,Skill
202000887,2,SkillLevel887,1401745300,886,887,202000001,202000888,Skill
202000888,2,SkillLevel888,1409697200,887,888,202000001,202000889,Skill
202000889,2,SkillLevel889,1417649100,888,889,202000001,202000890,Skill
202000890,2,SkillLevel890,1425601000,889,890,202000001,202000891,Skill
202000891,2,SkillLevel891,1433802900,890,891,202000001,202000892,Skill
202000892,2,SkillLevel892,1442004800,891,892,202000001,202000893,Skill
202000893,2,SkillLevel893,1450206700,892,893,202000001,202000894,Skill
202000894,2,SkillLevel894,1458408600,893,894,202000001,202000895,Skill
202000895,2,SkillLevel895,1466610500,894,895,202000001,202000896,Skill
202000896,2,SkillLevel896,1474812400,895,896,202000001,202000897,Skill
202000897,2,SkillLevel897,1483014300,896,897,202000001,202000898,Skill
202000898,2,SkillLevel898,1491216200,897,898,202000001,202000899,Skill
202000899,2,SkillLevel899,1499418100,898,899,202000001,202000900,Skill
202000900,2,SkillLevel900,1507620000,899,900,202000001,202000901,Skill
202000901,2,SkillLevel901,1516071900,900,901,202000001,202000902,Skill
202000902,2,SkillLevel902,1524523800,901,902,202000001,202000903,Skill
202000903,2,SkillLevel903,1532975700,902,903,202000001,202000904,Skill
202000904,2,SkillLevel904,1541427600,903,904,202000001,202000905,Skill
202000905,2,SkillLevel905,1549879500,904,905,202000001,202000906,Skill
202000906,2,SkillLevel906,1558331400,905,906,202000001,202000907,Skill
202000907,2,SkillLevel907,1566783300,906,907,202000001,202000908,Skill
202000908,2,SkillLevel908,1575235200,907,908,202000001,202000909,Skill
202000909,2,SkillLevel909,1583687100,908,909,202000001,202000910,Skill
202000910,2,SkillLevel910,1592139000,909,910,202000001,202000911,Skill
202000911,2,SkillLevel911,1600840900,910,911,202000001,202000912,Skill
202000912,2,SkillLevel912,1609542800,911,912,202000001,202000913,Skill
202000913,2,SkillLevel913,1618244700,912,913,202000001,202000914,Skill
202000914,2,SkillLevel914,1626946600,913,914,202000001,202000915,Skill
202000915,2,SkillLevel915,1635648500,914,915,202000001,202000916,Skill
202000916,2,SkillLevel916,1644350400,915,916,202000001,202000917,Skill
202000917,2,SkillLevel917,1653052300,916,917,202000001,202000918,Skill
202000918,2,SkillLevel918,1661754200,917,918,202000001,202000919,Skill
202000919,2,SkillLevel919,1670456100,918,919,202000001,202000920,Skill
202000920,2,SkillLevel920,1679158000,919,920,202000001,202000921,Skill
202000921,2,SkillLevel921,1688109900,920,921,202000001,202000922,Skill
202000922,2,SkillLevel922,1697061800,921,922,202000001,202000923,Skill
202000923,2,SkillLevel923,1706013700,922,923,202000001,202000924,Skill
202000924,2,SkillLevel924,1714965600,923,924,202000001,202000925,Skill
202000925,2,SkillLevel925,1723917500,924,925,202000001,202000926,Skill
202000926,2,SkillLevel926,1732869400,925,926,202000001,202000927,Skill
202000927,2,SkillLevel927,1741821300,926,927,202000001,202000928,Skill
202000928,2,SkillLevel928,1750773200,927,928,202000001,202000929,Skill
202000929,2,SkillLevel929,1759725100,928,929,202000001,202000930,Skill
202000930,2,SkillLevel930,1768677000,929,930,202000001,202000931,Skill
202000931,2,SkillLevel931,1777878900,930,931,202000001,202000932,Skill
202000932,2,SkillLevel932,1787080800,931,932,202000001,202000933,Skill
202000933,2,SkillLevel933,1796282700,932,933,202000001,202000934,Skill
202000934,2,SkillLevel934,1805484600,933,934,202000001,202000935,Skill
202000935,2,SkillLevel935,1814686500,934,935,202000001,202000936,Skill
202000936,2,SkillLevel936,1823888400,935,936,202000001,202000937,Skill
202000937,2,SkillLevel937,1833090300,936,937,202000001,202000938,Skill
202000938,2,SkillLevel938,1842292200,937,938,202000001,202000939,Skill
202000939,2,SkillLevel939,1851494100,938,939,202000001,202000940,Skill
202000940,2,SkillLevel940,1860696000,939,940,202000001,202000941,Skill
202000941,2,SkillLevel941,1870147900,940,941,202000001,202000942,Skill
202000942,2,SkillLevel942,1879599800,941,942,202000001,202000943,Skill
202000943,2,SkillLevel943,1889051700,942,943,202000001,202000944,Skill
202000944,2,SkillLevel944,1898503600,943,944,202000001,202000945,Skill
202000945,2,SkillLevel945,1907955500,944,945,202000001,202000946,Skill
202000946,2,SkillLevel946,1917407400,945,946,202000001,202000947,Skill
202000947,2,SkillLevel947,1926859300,946,947,202000001,202000948,Skill
202000948,2,SkillLevel948,1936311200,947,948,202000001,202000949,Skill
202000949,2,SkillLevel949,1945763100,948,949,202000001,202000950,Skill
202000950,2,SkillLevel950,1955215000,949,950,202000001,202000951,Skill
202000951,2,SkillLevel951,1964916900,950,951,202000001,202000952,Skill
202000952,2,SkillLevel952,1974618800,951,952,202000001,202000953,Skill
202000953,2,SkillLevel953,1984320700,952,953,202000001,202000954,Skill
202000954,2,SkillLevel954,1994022600,953,954,202000001,202000955,Skill
202000955,2,SkillLevel955,2003724500,954,955,202000001,202000956,Skill
202000956,2,SkillLevel956,2013426400,955,956,202000001,202000957,Skill
202000957,2,SkillLevel957,2023128300,956,957,202000001,202000958,Skill
202000958,2,SkillLevel958,2032830200,957,958,202000001,202000959,Skill
202000959,2,SkillLevel959,2042532100,958,959,202000001,202000960,Skill
202000960,2,SkillLevel960,2052234000,959,960,202000001,202000961,Skill
202000961,2,SkillLevel961,2062185900,960,961,202000001,202000962,Skill
202000962,2,SkillLevel962,2072137800,961,962,202000001,202000963,Skill
202000963,2,SkillLevel963,2082089700,962,963,202000001,202000964,Skill
202000964,2,SkillLevel964,2092041600,963,964,202000001,202000965,Skill
202000965,2,SkillLevel965,2101993500,964,965,202000001,202000966,Skill
202000966,2,SkillLevel966,2111945400,965,966,202000001,202000967,Skill
202000967,2,SkillLevel967,2121897300,966,967,202000001,202000968,Skill
202000968,2,SkillLevel968,2131849200,967,968,202000001,202000969,Skill
202000969,2,SkillLevel969,2141801100,968,969,202000001,202000970,Skill
202000970,2,SkillLevel970,2151753000,969,970,202000001,202000971,Skill
202000971,2,SkillLevel971,2161954900,970,971,202000001,202000972,Skill
202000972,2,SkillLevel972,2172156800,971,972,202000001,202000973,Skill
202000973,2,SkillLevel973,2182358700,972,973,202000001,202000974,Skill
202000974,2,SkillLevel974,2192560600,973,974,202000001,202000975,Skill
202000975,2,SkillLevel975,2202762500,974,975,202000001,202000976,Skill
202000976,2,SkillLevel976,2212964400,975,976,202000001,202000977,Skill
202000977,2,SkillLevel977,2223166300,976,977,202000001,202000978,Skill
202000978,2,SkillLevel978,2233368200,977,978,202000001,202000979,Skill
202000979,2,SkillLevel979,2243570100,978,979,202000001,202000980,Skill
202000980,2,SkillLevel980,2253772000,979,980,202000001,202000981,Skill
202000981,2,SkillLevel981,2264223900,980,981,202000001,202000982,Skill
202000982,2,SkillLevel982,2274675800,981,982,202000001,202000983,Skill
202000983,2,SkillLevel983,2285127700,982,983,202000001,202000984,Skill
202000984,2,SkillLevel984,2295579600,983,984,202000001,202000985,Skill
202000985,2,SkillLevel985,2306031500,984,985,202000001,202000986,Skill
202000986,2,SkillLevel986,2316483400,985,986,202000001,202000987,Skill
202000987,2,SkillLevel987,2326935300,986,987,202000001,202000988,Skill
202000988,2,SkillLevel988,2337387200,987,988,202000001,202000989,Skill
202000989,2,SkillLevel989,2347839100,988,989,202000001,202000990,Skill
202000990,2,SkillLevel990,2358291000,989,990,202000001,202000991,Skill
202000991,2,SkillLevel991,2368992900,990,991,202000001,202000992,Skill
202000992,2,SkillLevel992,2379694800,991,992,202000001,202000993,Skill
202000993,2,SkillLevel993,2390396700,992,993,202000001,202000994,Skill
202000994,2,SkillLevel994,2401098600,993,994,202000001,202000995,Skill
202000995,2,SkillLevel995,2411800500,994,995,202000001,202000996,Skill
202000996,2,SkillLevel996,2422502400,995,996,202000001,202000997,Skill
202000997,2,SkillLevel997,2433204300,996,997,202000001,202000998,Skill
202000998,2,SkillLevel998,2443906200,997,998,202000001,202000999,Skill
202000999,2,SkillLevel999,2454608100,998,999,202000001,202001000,Skill
202001000,2,SkillLevel1000,2465310000,999,1000,202000001,,Skill
