TemplateId,UpgradeName,Price,CurrentValue,NextValue,OriginalTemplateId,NextTempalteId,StatType
100001,AttackLevel1,100,10,20,100001,100002,Str
100002,AttackLevel2,200,20,30,100001,100003,Str
100003,AttackLevel3,300,30,40,100001,100004,Str
100004,AttackLevel4,400,40,50,100001,100005,Str
100005,AttackLevel5,500,50,60,100001,100006,Str
100006,AttackLevel6,600,60,80,100001,100007,Str
100007,AttackLevel7,700,80,100,100001,100008,Str
100008,AttackLevel8,800,100,120,100001,100009,Str
100009,AttackLevel9,900,120,140,100001,100010,Str
100010,AttackLevel10,1000,140,160,100001,100011,Str
100011,AttackLevel11,1300,160,190,100001,100012,Str
100012,AttackLevel12,1600,190,220,100001,100013,Str
100013,AttackLevel13,1900,220,250,100001,100014,Str
100014,AttackLevel14,2200,250,280,100001,100015,Str
100015,AttackLevel15,2500,280,310,100001,100016,Str
100016,AttackLevel16,2800,310,350,100001,100017,Str
100017,AttackLevel17,3100,350,390,100001,100018,Str
100018,AttackLevel18,3400,390,430,100001,100019,Str
100019,AttackLevel19,3700,430,470,100001,100020,Str
100020,AttackLevel20,4000,470,510,100001,100021,Str
100021,AttackLevel21,4500,510,560,100001,100022,Str
100022,AttackLevel22,5000,560,610,100001,100023,Str
100023,AttackLevel23,5500,610,660,100001,100024,Str
100024,AttackLevel24,6000,660,710,100001,100025,Str
100025,AttackLevel25,6500,710,760,100001,100026,Str
100026,AttackLevel26,7000,760,820,100001,100027,Str
100027,AttackLevel27,7500,820,880,100001,100028,Str
100028,AttackLevel28,8000,880,940,100001,100029,Str
100029,AttackLevel29,8500,940,1000,100001,100030,Str
100030,AttackLevel30,9000,1000,1060,100001,100031,Str
100031,AttackLevel31,9700,1060,1130,100001,100032,Str
100032,AttackLevel32,10400,1130,1200,100001,100033,Str
100033,AttackLevel33,11100,1200,1270,100001,100034,Str
100034,AttackLevel34,11800,1270,1340,100001,100035,Str
100035,AttackLevel35,12500,1340,1410,100001,100036,Str
100036,AttackLevel36,13200,1410,1490,100001,100037,Str
100037,AttackLevel37,13900,1490,1570,100001,100038,Str
100038,AttackLevel38,14600,1570,1650,100001,100039,Str
100039,AttackLevel39,15300,1650,1730,100001,100040,Str
100040,AttackLevel40,16000,1730,1810,100001,100041,Str
100041,AttackLevel41,16900,1810,1900,100001,100042,Str
100042,AttackLevel42,17800,1900,1990,100001,100043,Str
100043,AttackLevel43,18700,1990,2080,100001,100044,Str
100044,AttackLevel44,19600,2080,2170,100001,100045,Str
100045,AttackLevel45,20500,2170,2260,100001,100046,Str
100046,AttackLevel46,21400,2260,2360,100001,100047,Str
100047,AttackLevel47,22300,2360,2460,100001,100048,Str
100048,AttackLevel48,23200,2460,2560,100001,100049,Str
100049,AttackLevel49,24100,2560,2660,100001,100050,Str
100050,AttackLevel50,25000,2660,2760,100001,100051,Str
100051,AttackLevel51,26100,2760,2870,100001,100052,Str
100052,AttackLevel52,27200,2870,2980,100001,100053,Str
100053,AttackLevel53,28300,2980,3090,100001,100054,Str
100054,AttackLevel54,29400,3090,3200,100001,100055,Str
100055,AttackLevel55,30500,3200,3310,100001,100056,Str
100056,AttackLevel56,31600,3310,3430,100001,100057,Str
100057,AttackLevel57,32700,3430,3550,100001,100058,Str
100058,AttackLevel58,33800,3550,3670,100001,100059,Str
100059,AttackLevel59,34900,3670,3790,100001,100060,Str
100060,AttackLevel60,36000,3790,3910,100001,100061,Str
100061,AttackLevel61,37300,3910,4040,100001,100062,Str
100062,AttackLevel62,38600,4040,4170,100001,100063,Str
100063,AttackLevel63,39900,4170,4300,100001,100064,Str
100064,AttackLevel64,41200,4300,4430,100001,100065,Str
100065,AttackLevel65,42500,4430,4560,100001,100066,Str
100066,AttackLevel66,43800,4560,4700,100001,100067,Str
100067,AttackLevel67,45100,4700,4840,100001,100068,Str
100068,AttackLevel68,46400,4840,4980,100001,100069,Str
100069,AttackLevel69,47700,4980,5120,100001,100070,Str
100070,AttackLevel70,49000,5120,5260,100001,100071,Str
100071,AttackLevel71,50500,5260,5410,100001,100072,Str
100072,AttackLevel72,52000,5410,5560,100001,100073,Str
100073,AttackLevel73,53500,5560,5710,100001,100074,Str
100074,AttackLevel74,55000,5710,5860,100001,100075,Str
100075,AttackLevel75,56500,5860,6010,100001,100076,Str
100076,AttackLevel76,58000,6010,6170,100001,100077,Str
100077,AttackLevel77,59500,6170,6330,100001,100078,Str
100078,AttackLevel78,61000,6330,6490,100001,100079,Str
100079,AttackLevel79,62500,6490,6650,100001,100080,Str
100080,AttackLevel80,64000,6650,6810,100001,100081,Str
100081,AttackLevel81,65700,6810,6980,100001,100082,Str
100082,AttackLevel82,67400,6980,7150,100001,100083,Str
100083,AttackLevel83,69100,7150,7320,100001,100084,Str
100084,AttackLevel84,70800,7320,7490,100001,100085,Str
100085,AttackLevel85,72500,7490,7660,100001,100086,Str
100086,AttackLevel86,74200,7660,7840,100001,100087,Str
100087,AttackLevel87,75900,7840,8020,100001,100088,Str
100088,AttackLevel88,77600,8020,8200,100001,100089,Str
100089,AttackLevel89,79300,8200,8380,100001,100090,Str
100090,AttackLevel90,81000,8380,8560,100001,100091,Str
100091,AttackLevel91,82900,8560,8750,100001,100092,Str
100092,AttackLevel92,84800,8750,8940,100001,100093,Str
100093,AttackLevel93,86700,8940,9130,100001,100094,Str
100094,AttackLevel94,88600,9130,9320,100001,100095,Str
100095,AttackLevel95,90500,9320,9510,100001,100096,Str
100096,AttackLevel96,92400,9510,9710,100001,100097,Str
100097,AttackLevel97,94300,9710,9910,100001,100098,Str
100098,AttackLevel98,96200,9910,10110,100001,100099,Str
100099,AttackLevel99,98100,10110,10310,100001,100100,Str
100100,AttackLevel100,100000,10310,10510,100001,100101,Str
100101,AttackLevel101,106900,10510,10720,100001,100102,Str
100102,AttackLevel102,113800,10720,10930,100001,100103,Str
100103,AttackLevel103,120700,10930,11140,100001,100104,Str
100104,AttackLevel104,127600,11140,11350,100001,100105,Str
100105,AttackLevel105,134500,11350,11560,100001,100106,Str
100106,AttackLevel106,141400,11560,11780,100001,100107,Str
100107,AttackLevel107,148300,11780,12000,100001,100108,Str
100108,AttackLevel108,155200,12000,12220,100001,100109,Str
100109,AttackLevel109,162100,12220,12440,100001,100110,Str
100110,AttackLevel110,169000,12440,12660,100001,100111,Str
100111,AttackLevel111,180900,12660,12890,100001,100112,Str
100112,AttackLevel112,192800,12890,13120,100001,100113,Str
100113,AttackLevel113,204700,13120,13350,100001,100114,Str
100114,AttackLevel114,216600,13350,13580,100001,100115,Str
100115,AttackLevel115,228500,13580,13810,100001,100116,Str
100116,AttackLevel116,240400,13810,14050,100001,100117,Str
100117,AttackLevel117,252300,14050,14290,100001,100118,Str
100118,AttackLevel118,264200,14290,14530,100001,100119,Str
100119,AttackLevel119,276100,14530,14770,100001,100120,Str
100120,AttackLevel120,288000,14770,15010,100001,100121,Str
100121,AttackLevel121,304900,15010,15260,100001,100122,Str
100122,AttackLevel122,321800,15260,15510,100001,100123,Str
100123,AttackLevel123,338700,15510,15760,100001,100124,Str
100124,AttackLevel124,355600,15760,16010,100001,100125,Str
100125,AttackLevel125,372500,16010,16260,100001,100126,Str
100126,AttackLevel126,389400,16260,16520,100001,100127,Str
100127,AttackLevel127,406300,16520,16780,100001,100128,Str
100128,AttackLevel128,423200,16780,17040,100001,100129,Str
100129,AttackLevel129,440100,17040,17300,100001,100130,Str
100130,AttackLevel130,457000,17300,17560,100001,100131,Str
100131,AttackLevel131,478900,17560,17830,100001,100132,Str
100132,AttackLevel132,500800,17830,18100,100001,100133,Str
100133,AttackLevel133,522700,18100,18370,100001,100134,Str
100134,AttackLevel134,544600,18370,18640,100001,100135,Str
100135,AttackLevel135,566500,18640,18910,100001,100136,Str
100136,AttackLevel136,588400,18910,19190,100001,100137,Str
100137,AttackLevel137,610300,19190,19470,100001,100138,Str
100138,AttackLevel138,632200,19470,19750,100001,100139,Str
100139,AttackLevel139,654100,19750,20030,100001,100140,Str
100140,AttackLevel140,676000,20030,20310,100001,100141,Str
100141,AttackLevel141,702900,20310,20600,100001,100142,Str
100142,AttackLevel142,729800,20600,20890,100001,100143,Str
100143,AttackLevel143,756700,20890,21180,100001,100144,Str
100144,AttackLevel144,783600,21180,21470,100001,100145,Str
100145,AttackLevel145,810500,21470,21760,100001,100146,Str
100146,AttackLevel146,837400,21760,22060,100001,100147,Str
100147,AttackLevel147,864300,22060,22360,100001,100148,Str
100148,AttackLevel148,891200,22360,22660,100001,100149,Str
100149,AttackLevel149,918100,22660,22960,100001,100150,Str
100150,AttackLevel150,945000,22960,23260,100001,100151,Str
100151,AttackLevel151,976900,23260,23570,100001,100152,Str
100152,AttackLevel152,1008800,23570,23880,100001,100153,Str
100153,AttackLevel153,1040700,23880,24190,100001,100154,Str
100154,AttackLevel154,1072600,24190,24500,100001,100155,Str
100155,AttackLevel155,1104500,24500,24810,100001,100156,Str
100156,AttackLevel156,1136400,24810,25130,100001,100157,Str
100157,AttackLevel157,1168300,25130,25450,100001,100158,Str
100158,AttackLevel158,1200200,25450,25770,100001,100159,Str
100159,AttackLevel159,1232100,25770,26090,100001,100160,Str
100160,AttackLevel160,1264000,26090,26410,100001,100161,Str
100161,AttackLevel161,1300900,26410,26740,100001,100162,Str
100162,AttackLevel162,1337800,26740,27070,100001,100163,Str
100163,AttackLevel163,1374700,27070,27400,100001,100164,Str
100164,AttackLevel164,1411600,27400,27730,100001,100165,Str
100165,AttackLevel165,1448500,27730,28060,100001,100166,Str
100166,AttackLevel166,1485400,28060,28400,100001,100167,Str
100167,AttackLevel167,1522300,28400,28740,100001,100168,Str
100168,AttackLevel168,1559200,28740,29080,100001,100169,Str
100169,AttackLevel169,1596100,29080,29420,100001,100170,Str
100170,AttackLevel170,1633000,29420,29760,100001,100171,Str
100171,AttackLevel171,1674900,29760,30110,100001,100172,Str
100172,AttackLevel172,1716800,30110,30460,100001,100173,Str
100173,AttackLevel173,1758700,30460,30810,100001,100174,Str
100174,AttackLevel174,1800600,30810,31160,100001,100175,Str
100175,AttackLevel175,1842500,31160,31510,100001,100176,Str
100176,AttackLevel176,1884400,31510,31870,100001,100177,Str
100177,AttackLevel177,1926300,31870,32230,100001,100178,Str
100178,AttackLevel178,1968200,32230,32590,100001,100179,Str
100179,AttackLevel179,2010100,32590,32950,100001,100180,Str
100180,AttackLevel180,2052000,32950,33310,100001,100181,Str
100181,AttackLevel181,2098900,33310,33680,100001,100182,Str
100182,AttackLevel182,2145800,33680,34050,100001,100183,Str
100183,AttackLevel183,2192700,34050,34420,100001,100184,Str
100184,AttackLevel184,2239600,34420,34790,100001,100185,Str
100185,AttackLevel185,2286500,34790,35160,100001,100186,Str
100186,AttackLevel186,2333400,35160,35540,100001,100187,Str
100187,AttackLevel187,2380300,35540,35920,100001,100188,Str
100188,AttackLevel188,2427200,35920,36300,100001,100189,Str
100189,AttackLevel189,2474100,36300,36680,100001,100190,Str
100190,AttackLevel190,2521000,36680,37060,100001,100191,Str
100191,AttackLevel191,2572900,37060,37450,100001,100192,Str
100192,AttackLevel192,2624800,37450,37840,100001,100193,Str
100193,AttackLevel193,2676700,37840,38230,100001,100194,Str
100194,AttackLevel194,2728600,38230,38620,100001,100195,Str
100195,AttackLevel195,2780500,38620,39010,100001,100196,Str
100196,AttackLevel196,2832400,39010,39410,100001,100197,Str
100197,AttackLevel197,2884300,39410,39810,100001,100198,Str
100198,AttackLevel198,2936200,39810,40210,100001,100199,Str
100199,AttackLevel199,2988100,40210,40610,100001,100200,Str
100200,AttackLevel200,3040000,40610,41010,100001,100201,Str
100201,AttackLevel201,3096900,41010,41420,100001,100202,Str
100202,AttackLevel202,3153800,41420,41830,100001,100203,Str
100203,AttackLevel203,3210700,41830,42240,100001,100204,Str
100204,AttackLevel204,3267600,42240,42650,100001,100205,Str
100205,AttackLevel205,3324500,42650,43060,100001,100206,Str
100206,AttackLevel206,3381400,43060,43480,100001,100207,Str
100207,AttackLevel207,3438300,43480,43900,100001,100208,Str
100208,AttackLevel208,3495200,43900,44320,100001,100209,Str
100209,AttackLevel209,3552100,44320,44740,100001,100210,Str
100210,AttackLevel210,3609000,44740,45160,100001,100211,Str
100211,AttackLevel211,3670900,45160,45590,100001,100212,Str
100212,AttackLevel212,3732800,45590,46020,100001,100213,Str
100213,AttackLevel213,3794700,46020,46450,100001,100214,Str
100214,AttackLevel214,3856600,46450,46880,100001,100215,Str
100215,AttackLevel215,3918500,46880,47310,100001,100216,Str
100216,AttackLevel216,3980400,47310,47750,100001,100217,Str
100217,AttackLevel217,4042300,47750,48190,100001,100218,Str
100218,AttackLevel218,4104200,48190,48630,100001,100219,Str
100219,AttackLevel219,4166100,48630,49070,100001,100220,Str
100220,AttackLevel220,4228000,49070,49510,100001,100221,Str
100221,AttackLevel221,4294900,49510,49960,100001,100222,Str
100222,AttackLevel222,4361800,49960,50410,100001,100223,Str
100223,AttackLevel223,4428700,50410,50860,100001,100224,Str
100224,AttackLevel224,4495600,50860,51310,100001,100225,Str
100225,AttackLevel225,4562500,51310,51760,100001,100226,Str
100226,AttackLevel226,4629400,51760,52220,100001,100227,Str
100227,AttackLevel227,4696300,52220,52680,100001,100228,Str
100228,AttackLevel228,4763200,52680,53140,100001,100229,Str
100229,AttackLevel229,4830100,53140,53600,100001,100230,Str
100230,AttackLevel230,4897000,53600,54060,100001,100231,Str
100231,AttackLevel231,4968900,54060,54530,100001,100232,Str
100232,AttackLevel232,5040800,54530,55000,100001,100233,Str
100233,AttackLevel233,5112700,55000,55470,100001,100234,Str
100234,AttackLevel234,5184600,55470,55940,100001,100235,Str
100235,AttackLevel235,5256500,55940,56410,100001,100236,Str
100236,AttackLevel236,5328400,56410,56890,100001,100237,Str
100237,AttackLevel237,5400300,56890,57370,100001,100238,Str
100238,AttackLevel238,5472200,57370,57850,100001,100239,Str
100239,AttackLevel239,5544100,57850,58330,100001,100240,Str
100240,AttackLevel240,5616000,58330,58810,100001,100241,Str
100241,AttackLevel241,5692900,58810,59300,100001,100242,Str
100242,AttackLevel242,5769800,59300,59790,100001,100243,Str
100243,AttackLevel243,5846700,59790,60280,100001,100244,Str
100244,AttackLevel244,5923600,60280,60770,100001,100245,Str
100245,AttackLevel245,6000500,60770,61260,100001,100246,Str
100246,AttackLevel246,6077400,61260,61760,100001,100247,Str
100247,AttackLevel247,6154300,61760,62260,100001,100248,Str
100248,AttackLevel248,6231200,62260,62760,100001,100249,Str
100249,AttackLevel249,6308100,62760,63260,100001,100250,Str
100250,AttackLevel250,6385000,63260,63760,100001,100251,Str
100251,AttackLevel251,6466900,63760,64270,100001,100252,Str
100252,AttackLevel252,6548800,64270,64780,100001,100253,Str
100253,AttackLevel253,6630700,64780,65290,100001,100254,Str
100254,AttackLevel254,6712600,65290,65800,100001,100255,Str
100255,AttackLevel255,6794500,65800,66310,100001,100256,Str
100256,AttackLevel256,6876400,66310,66830,100001,100257,Str
100257,AttackLevel257,6958300,66830,67350,100001,100258,Str
100258,AttackLevel258,7040200,67350,67870,100001,100259,Str
100259,AttackLevel259,7122100,67870,68390,100001,100260,Str
100260,AttackLevel260,7204000,68390,68910,100001,100261,Str
100261,AttackLevel261,7290900,68910,69440,100001,100262,Str
100262,AttackLevel262,7377800,69440,69970,100001,100263,Str
100263,AttackLevel263,7464700,69970,70500,100001,100264,Str
100264,AttackLevel264,7551600,70500,71030,100001,100265,Str
100265,AttackLevel265,7638500,71030,71560,100001,100266,Str
100266,AttackLevel266,7725400,71560,72100,100001,100267,Str
100267,AttackLevel267,7812300,72100,72640,100001,100268,Str
100268,AttackLevel268,7899200,72640,73180,100001,100269,Str
100269,AttackLevel269,7986100,73180,73720,100001,100270,Str
100270,AttackLevel270,8073000,73720,74260,100001,100271,Str
100271,AttackLevel271,8164900,74260,74810,100001,100272,Str
100272,AttackLevel272,8256800,74810,75360,100001,100273,Str
100273,AttackLevel273,8348700,75360,75910,100001,100274,Str
100274,AttackLevel274,8440600,75910,76460,100001,100275,Str
100275,AttackLevel275,8532500,76460,77010,100001,100276,Str
100276,AttackLevel276,8624400,77010,77570,100001,100277,Str
100277,AttackLevel277,8716300,77570,78130,100001,100278,Str
100278,AttackLevel278,8808200,78130,78690,100001,100279,Str
100279,AttackLevel279,8900100,78690,79250,100001,100280,Str
100280,AttackLevel280,8992000,79250,79810,100001,100281,Str
100281,AttackLevel281,9088900,79810,80380,100001,100282,Str
100282,AttackLevel282,9185800,80380,80950,100001,100283,Str
100283,AttackLevel283,9282700,80950,81520,100001,100284,Str
100284,AttackLevel284,9379600,81520,82090,100001,100285,Str
100285,AttackLevel285,9476500,82090,82660,100001,100286,Str
100286,AttackLevel286,9573400,82660,83240,100001,100287,Str
100287,AttackLevel287,9670300,83240,83820,100001,100288,Str
100288,AttackLevel288,9767200,83820,84400,100001,100289,Str
100289,AttackLevel289,9864100,84400,84980,100001,100290,Str
100290,AttackLevel290,9961000,84980,85560,100001,100291,Str
100291,AttackLevel291,10062900,85560,86150,100001,100292,Str
100292,AttackLevel292,10164800,86150,86740,100001,100293,Str
100293,AttackLevel293,10266700,86740,87330,100001,100294,Str
100294,AttackLevel294,10368600,87330,87920,100001,100295,Str
100295,AttackLevel295,10470500,87920,88510,100001,100296,Str
100296,AttackLevel296,10572400,88510,89110,100001,100297,Str
100297,AttackLevel297,10674300,89110,89710,100001,100298,Str
100298,AttackLevel298,10776200,89710,90310,100001,100299,Str
100299,AttackLevel299,10878100,90310,90910,100001,100300,Str
100300,AttackLevel300,10980000,90910,91510,100001,100301,Str
100301,AttackLevel301,11101900,91510,92120,100001,100302,Str
100302,AttackLevel302,11223800,92120,92730,100001,100303,Str
100303,AttackLevel303,11345700,92730,93340,100001,100304,Str
100304,AttackLevel304,11467600,93340,93950,100001,100305,Str
100305,AttackLevel305,11589500,93950,94560,100001,100306,Str
100306,AttackLevel306,11711400,94560,95180,100001,100307,Str
100307,AttackLevel307,11833300,95180,95800,100001,100308,Str
100308,AttackLevel308,11955200,95800,96420,100001,100309,Str
100309,AttackLevel309,12077100,96420,97040,100001,100310,Str
100310,AttackLevel310,12199000,97040,97660,100001,100311,Str
100311,AttackLevel311,12340900,97660,98290,100001,100312,Str
100312,AttackLevel312,12482800,98290,98920,100001,100313,Str
100313,AttackLevel313,12624700,98920,99550,100001,100314,Str
100314,AttackLevel314,12766600,99550,100180,100001,100315,Str
100315,AttackLevel315,12908500,100180,100810,100001,100316,Str
100316,AttackLevel316,13050400,100810,101450,100001,100317,Str
100317,AttackLevel317,13192300,101450,102090,100001,100318,Str
100318,AttackLevel318,13334200,102090,102730,100001,100319,Str
100319,AttackLevel319,13476100,102730,103370,100001,100320,Str
100320,AttackLevel320,13618000,103370,104010,100001,100321,Str
100321,AttackLevel321,13779900,104010,104660,100001,100322,Str
100322,AttackLevel322,13941800,104660,105310,100001,100323,Str
100323,AttackLevel323,14103700,105310,105960,100001,100324,Str
100324,AttackLevel324,14265600,105960,106610,100001,100325,Str
100325,AttackLevel325,14427500,106610,107260,100001,100326,Str
100326,AttackLevel326,14589400,107260,107920,100001,100327,Str
100327,AttackLevel327,14751300,107920,108580,100001,100328,Str
100328,AttackLevel328,14913200,108580,109240,100001,100329,Str
100329,AttackLevel329,15075100,109240,109900,100001,100330,Str
100330,AttackLevel330,15237000,109900,110560,100001,100331,Str
100331,AttackLevel331,15418900,110560,111230,100001,100332,Str
100332,AttackLevel332,15600800,111230,111900,100001,100333,Str
100333,AttackLevel333,15782700,111900,112570,100001,100334,Str
100334,AttackLevel334,15964600,112570,113240,100001,100335,Str
100335,AttackLevel335,16146500,113240,113910,100001,100336,Str
100336,AttackLevel336,16328400,113910,114590,100001,100337,Str
100337,AttackLevel337,16510300,114590,115270,100001,100338,Str
100338,AttackLevel338,16692200,115270,115950,100001,100339,Str
100339,AttackLevel339,16874100,115950,116630,100001,100340,Str
100340,AttackLevel340,17056000,116630,117310,100001,100341,Str
100341,AttackLevel341,17257900,117310,118000,100001,100342,Str
100342,AttackLevel342,17459800,118000,118690,100001,100343,Str
100343,AttackLevel343,17661700,118690,119380,100001,100344,Str
100344,AttackLevel344,17863600,119380,120070,100001,100345,Str
100345,AttackLevel345,18065500,120070,120760,100001,100346,Str
100346,AttackLevel346,18267400,120760,121460,100001,100347,Str
100347,AttackLevel347,18469300,121460,122160,100001,100348,Str
100348,AttackLevel348,18671200,122160,122860,100001,100349,Str
100349,AttackLevel349,18873100,122860,123560,100001,100350,Str
100350,AttackLevel350,19075000,123560,124260,100001,100351,Str
100351,AttackLevel351,19296900,124260,124970,100001,100352,Str
100352,AttackLevel352,19518800,124970,125680,100001,100353,Str
100353,AttackLevel353,19740700,125680,126390,100001,100354,Str
100354,AttackLevel354,19962600,126390,127100,100001,100355,Str
100355,AttackLevel355,20184500,127100,127810,100001,100356,Str
100356,AttackLevel356,20406400,127810,128530,100001,100357,Str
100357,AttackLevel357,20628300,128530,129250,100001,100358,Str
100358,AttackLevel358,20850200,129250,129970,100001,100359,Str
100359,AttackLevel359,21072100,129970,130690,100001,100360,Str
100360,AttackLevel360,21294000,130690,131410,100001,100361,Str
100361,AttackLevel361,21535900,131410,132140,100001,100362,Str
100362,AttackLevel362,21777800,132140,132870,100001,100363,Str
100363,AttackLevel363,22019700,132870,133600,100001,100364,Str
100364,AttackLevel364,22261600,133600,134330,100001,100365,Str
100365,AttackLevel365,22503500,134330,135060,100001,100366,Str
100366,AttackLevel366,22745400,135060,135800,100001,100367,Str
100367,AttackLevel367,22987300,135800,136540,100001,100368,Str
100368,AttackLevel368,23229200,136540,137280,100001,100369,Str
100369,AttackLevel369,23471100,137280,138020,100001,100370,Str
100370,AttackLevel370,23713000,138020,138760,100001,100371,Str
100371,AttackLevel371,23974900,138760,139510,100001,100372,Str
100372,AttackLevel372,24236800,139510,140260,100001,100373,Str
100373,AttackLevel373,24498700,140260,141010,100001,100374,Str
100374,AttackLevel374,24760600,141010,141760,100001,100375,Str
100375,AttackLevel375,25022500,141760,142510,100001,100376,Str
100376,AttackLevel376,25284400,142510,143270,100001,100377,Str
100377,AttackLevel377,25546300,143270,144030,100001,100378,Str
100378,AttackLevel378,25808200,144030,144790,100001,100379,Str
100379,AttackLevel379,26070100,144790,145550,100001,100380,Str
100380,AttackLevel380,26332000,145550,146310,100001,100381,Str
100381,AttackLevel381,26613900,146310,147080,100001,100382,Str
100382,AttackLevel382,26895800,147080,147850,100001,100383,Str
100383,AttackLevel383,27177700,147850,148620,100001,100384,Str
100384,AttackLevel384,27459600,148620,149390,100001,100385,Str
100385,AttackLevel385,27741500,149390,150160,100001,100386,Str
100386,AttackLevel386,28023400,150160,150940,100001,100387,Str
100387,AttackLevel387,28305300,150940,151720,100001,100388,Str
100388,AttackLevel388,28587200,151720,152500,100001,100389,Str
100389,AttackLevel389,28869100,152500,153280,100001,100390,Str
100390,AttackLevel390,29151000,153280,154060,100001,100391,Str
100391,AttackLevel391,29452900,154060,154850,100001,100392,Str
100392,AttackLevel392,29754800,154850,155640,100001,100393,Str
100393,AttackLevel393,30056700,155640,156430,100001,100394,Str
100394,AttackLevel394,30358600,156430,157220,100001,100395,Str
100395,AttackLevel395,30660500,157220,158010,100001,100396,Str
100396,AttackLevel396,30962400,158010,158810,100001,100397,Str
100397,AttackLevel397,31264300,158810,159610,100001,100398,Str
100398,AttackLevel398,31566200,159610,160410,100001,100399,Str
100399,AttackLevel399,31868100,160410,161210,100001,100400,Str
100400,AttackLevel400,32170000,161210,162010,100001,100401,Str
100401,AttackLevel401,32491900,162010,162820,100001,100402,Str
100402,AttackLevel402,32813800,162820,163630,100001,100403,Str
100403,AttackLevel403,33135700,163630,164440,100001,100404,Str
100404,AttackLevel404,33457600,164440,165250,100001,100405,Str
100405,AttackLevel405,33779500,165250,166060,100001,100406,Str
100406,AttackLevel406,34101400,166060,166880,100001,100407,Str
100407,AttackLevel407,34423300,166880,167700,100001,100408,Str
100408,AttackLevel408,34745200,167700,168520,100001,100409,Str
100409,AttackLevel409,35067100,168520,169340,100001,100410,Str
100410,AttackLevel410,35389000,169340,170160,100001,100411,Str
100411,AttackLevel411,35730900,170160,170990,100001,100412,Str
100412,AttackLevel412,36072800,170990,171820,100001,100413,Str
100413,AttackLevel413,36414700,171820,172650,100001,100414,Str
100414,AttackLevel414,36756600,172650,173480,100001,100415,Str
100415,AttackLevel415,37098500,173480,174310,100001,100416,Str
100416,AttackLevel416,37440400,174310,175150,100001,100417,Str
100417,AttackLevel417,37782300,175150,175990,100001,100418,Str
100418,AttackLevel418,38124200,175990,176830,100001,100419,Str
100419,AttackLevel419,38466100,176830,177670,100001,100420,Str
100420,AttackLevel420,38808000,177670,178510,100001,100421,Str
100421,AttackLevel421,39169900,178510,179360,100001,100422,Str
100422,AttackLevel422,39531800,179360,180210,100001,100423,Str
100423,AttackLevel423,39893700,180210,181060,100001,100424,Str
100424,AttackLevel424,40255600,181060,181910,100001,100425,Str
100425,AttackLevel425,40617500,181910,182760,100001,100426,Str
100426,AttackLevel426,40979400,182760,183620,100001,100427,Str
100427,AttackLevel427,41341300,183620,184480,100001,100428,Str
100428,AttackLevel428,41703200,184480,185340,100001,100429,Str
100429,AttackLevel429,42065100,185340,186200,100001,100430,Str
100430,AttackLevel430,42427000,186200,187060,100001,100431,Str
100431,AttackLevel431,42808900,187060,187930,100001,100432,Str
100432,AttackLevel432,43190800,187930,188800,100001,100433,Str
100433,AttackLevel433,43572700,188800,189670,100001,100434,Str
100434,AttackLevel434,43954600,189670,190540,100001,100435,Str
100435,AttackLevel435,44336500,190540,191410,100001,100436,Str
100436,AttackLevel436,44718400,191410,192290,100001,100437,Str
100437,AttackLevel437,45100300,192290,193170,100001,100438,Str
100438,AttackLevel438,45482200,193170,194050,100001,100439,Str
100439,AttackLevel439,45864100,194050,194930,100001,100440,Str
100440,AttackLevel440,46246000,194930,195810,100001,100441,Str
100441,AttackLevel441,46647900,195810,196700,100001,100442,Str
100442,AttackLevel442,47049800,196700,197590,100001,100443,Str
100443,AttackLevel443,47451700,197590,198480,100001,100444,Str
100444,AttackLevel444,47853600,198480,199370,100001,100445,Str
100445,AttackLevel445,48255500,199370,200260,100001,100446,Str
100446,AttackLevel446,48657400,200260,201160,100001,100447,Str
100447,AttackLevel447,49059300,201160,202060,100001,100448,Str
100448,AttackLevel448,49461200,202060,202960,100001,100449,Str
100449,AttackLevel449,49863100,202960,203860,100001,100450,Str
100450,AttackLevel450,50265000,203860,204760,100001,100451,Str
100451,AttackLevel451,50686900,204760,205670,100001,100452,Str
100452,AttackLevel452,51108800,205670,206580,100001,100453,Str
100453,AttackLevel453,51530700,206580,207490,100001,100454,Str
100454,AttackLevel454,51952600,207490,208400,100001,100455,Str
100455,AttackLevel455,52374500,208400,209310,100001,100456,Str
100456,AttackLevel456,52796400,209310,210230,100001,100457,Str
100457,AttackLevel457,53218300,210230,211150,100001,100458,Str
100458,AttackLevel458,53640200,211150,212070,100001,100459,Str
100459,AttackLevel459,54062100,212070,212990,100001,100460,Str
100460,AttackLevel460,54484000,212990,213910,100001,100461,Str
100461,AttackLevel461,54925900,213910,214840,100001,100462,Str
100462,AttackLevel462,55367800,214840,215770,100001,100463,Str
100463,AttackLevel463,55809700,215770,216700,100001,100464,Str
100464,AttackLevel464,56251600,216700,217630,100001,100465,Str
100465,AttackLevel465,56693500,217630,218560,100001,100466,Str
100466,AttackLevel466,57135400,218560,219500,100001,100467,Str
100467,AttackLevel467,57577300,219500,220440,100001,100468,Str
100468,AttackLevel468,58019200,220440,221380,100001,100469,Str
100469,AttackLevel469,58461100,221380,222320,100001,100470,Str
100470,AttackLevel470,58903000,222320,223260,100001,100471,Str
100471,AttackLevel471,59364900,223260,224210,100001,100472,Str
100472,AttackLevel472,59826800,224210,225160,100001,100473,Str
100473,AttackLevel473,60288700,225160,226110,100001,100474,Str
100474,AttackLevel474,60750600,226110,227060,100001,100475,Str
100475,AttackLevel475,61212500,227060,228010,100001,100476,Str
100476,AttackLevel476,61674400,228010,228970,100001,100477,Str
100477,AttackLevel477,62136300,228970,229930,100001,100478,Str
100478,AttackLevel478,62598200,229930,230890,100001,100479,Str
100479,AttackLevel479,63060100,230890,231850,100001,100480,Str
100480,AttackLevel480,63522000,231850,232810,100001,100481,Str
100481,AttackLevel481,64003900,232810,233780,100001,100482,Str
100482,AttackLevel482,64485800,233780,234750,100001,100483,Str
100483,AttackLevel483,64967700,234750,235720,100001,100484,Str
100484,AttackLevel484,65449600,235720,236690,100001,100485,Str
100485,AttackLevel485,65931500,236690,237660,100001,100486,Str
100486,AttackLevel486,66413400,237660,238640,100001,100487,Str
100487,AttackLevel487,66895300,238640,239620,100001,100488,Str
100488,AttackLevel488,67377200,239620,240600,100001,100489,Str
100489,AttackLevel489,67859100,240600,241580,100001,100490,Str
100490,AttackLevel490,68341000,241580,242560,100001,100491,Str
100491,AttackLevel491,68842900,242560,243550,100001,100492,Str
100492,AttackLevel492,69344800,243550,244540,100001,100493,Str
100493,AttackLevel493,69846700,244540,245530,100001,100494,Str
100494,AttackLevel494,70348600,245530,246520,100001,100495,Str
100495,AttackLevel495,70850500,246520,247510,100001,100496,Str
100496,AttackLevel496,71352400,247510,248510,100001,100497,Str
100497,AttackLevel497,71854300,248510,249510,100001,100498,Str
100498,AttackLevel498,72356200,249510,250510,100001,100499,Str
100499,AttackLevel499,72858100,250510,251510,100001,100500,Str
100500,AttackLevel500,73360000,251510,252510,100001,100501,Str
100501,AttackLevel501,73881900,252510,253520,100001,100502,Str
100502,AttackLevel502,74403800,253520,254530,100001,100503,Str
100503,AttackLevel503,74925700,254530,255540,100001,100504,Str
100504,AttackLevel504,75447600,255540,256550,100001,100505,Str
100505,AttackLevel505,75969500,256550,257560,100001,100506,Str
100506,AttackLevel506,76491400,257560,258580,100001,100507,Str
100507,AttackLevel507,77013300,258580,259600,100001,100508,Str
100508,AttackLevel508,77535200,259600,260620,100001,100509,Str
100509,AttackLevel509,78057100,260620,261640,100001,100510,Str
100510,AttackLevel510,78579000,261640,262660,100001,100511,Str
100511,AttackLevel511,79120900,262660,263690,100001,100512,Str
100512,AttackLevel512,79662800,263690,264720,100001,100513,Str
100513,AttackLevel513,80204700,264720,265750,100001,100514,Str
100514,AttackLevel514,80746600,265750,266780,100001,100515,Str
100515,AttackLevel515,81288500,266780,267810,100001,100516,Str
100516,AttackLevel516,81830400,267810,268850,100001,100517,Str
100517,AttackLevel517,82372300,268850,269890,100001,100518,Str
100518,AttackLevel518,82914200,269890,270930,100001,100519,Str
100519,AttackLevel519,83456100,270930,271970,100001,100520,Str
100520,AttackLevel520,83998000,271970,273010,100001,100521,Str
100521,AttackLevel521,84559900,273010,274060,100001,100522,Str
100522,AttackLevel522,85121800,274060,275110,100001,100523,Str
100523,AttackLevel523,85683700,275110,276160,100001,100524,Str
100524,AttackLevel524,86245600,276160,277210,100001,100525,Str
100525,AttackLevel525,86807500,277210,278260,100001,100526,Str
100526,AttackLevel526,87369400,278260,279320,100001,100527,Str
100527,AttackLevel527,87931300,279320,280380,100001,100528,Str
100528,AttackLevel528,88493200,280380,281440,100001,100529,Str
100529,AttackLevel529,89055100,281440,282500,100001,100530,Str
100530,AttackLevel530,89617000,282500,283560,100001,100531,Str
100531,AttackLevel531,90198900,283560,284630,100001,100532,Str
100532,AttackLevel532,90780800,284630,285700,100001,100533,Str
100533,AttackLevel533,91362700,285700,286770,100001,100534,Str
100534,AttackLevel534,91944600,286770,287840,100001,100535,Str
100535,AttackLevel535,92526500,287840,288910,100001,100536,Str
100536,AttackLevel536,93108400,288910,289990,100001,100537,Str
100537,AttackLevel537,93690300,289990,291070,100001,100538,Str
100538,AttackLevel538,94272200,291070,292150,100001,100539,Str
100539,AttackLevel539,94854100,292150,293230,100001,100540,Str
100540,AttackLevel540,95436000,293230,294310,100001,100541,Str
100541,AttackLevel541,96037900,294310,295400,100001,100542,Str
100542,AttackLevel542,96639800,295400,296490,100001,100543,Str
100543,AttackLevel543,97241700,296490,297580,100001,100544,Str
100544,AttackLevel544,97843600,297580,298670,100001,100545,Str
100545,AttackLevel545,98445500,298670,299760,100001,100546,Str
100546,AttackLevel546,99047400,299760,300860,100001,100547,Str
100547,AttackLevel547,99649300,300860,301960,100001,100548,Str
100548,AttackLevel548,100251200,301960,303060,100001,100549,Str
100549,AttackLevel549,100853100,303060,304160,100001,100550,Str
100550,AttackLevel550,101455000,304160,305260,100001,100551,Str
100551,AttackLevel551,102076900,305260,306370,100001,100552,Str
100552,AttackLevel552,102698800,306370,307480,100001,100553,Str
100553,AttackLevel553,103320700,307480,308590,100001,100554,Str
100554,AttackLevel554,103942600,308590,309700,100001,100555,Str
100555,AttackLevel555,104564500,309700,310810,100001,100556,Str
100556,AttackLevel556,105186400,310810,311930,100001,100557,Str
100557,AttackLevel557,105808300,311930,313050,100001,100558,Str
100558,AttackLevel558,106430200,313050,314170,100001,100559,Str
100559,AttackLevel559,107052100,314170,315290,100001,100560,Str
100560,AttackLevel560,107674000,315290,316410,100001,100561,Str
100561,AttackLevel561,108315900,316410,317540,100001,100562,Str
100562,AttackLevel562,108957800,317540,318670,100001,100563,Str
100563,AttackLevel563,109599700,318670,319800,100001,100564,Str
100564,AttackLevel564,110241600,319800,320930,100001,100565,Str
100565,AttackLevel565,110883500,320930,322060,100001,100566,Str
100566,AttackLevel566,111525400,322060,323200,100001,100567,Str
100567,AttackLevel567,112167300,323200,324340,100001,100568,Str
100568,AttackLevel568,112809200,324340,325480,100001,100569,Str
100569,AttackLevel569,113451100,325480,326620,100001,100570,Str
100570,AttackLevel570,114093000,326620,327760,100001,100571,Str
100571,AttackLevel571,114754900,327760,328910,100001,100572,Str
100572,AttackLevel572,115416800,328910,330060,100001,100573,Str
100573,AttackLevel573,116078700,330060,331210,100001,100574,Str
100574,AttackLevel574,116740600,331210,332360,100001,100575,Str
100575,AttackLevel575,117402500,332360,333510,100001,100576,Str
100576,AttackLevel576,118064400,333510,334670,100001,100577,Str
100577,AttackLevel577,118726300,334670,335830,100001,100578,Str
100578,AttackLevel578,119388200,335830,336990,100001,100579,Str
100579,AttackLevel579,120050100,336990,338150,100001,100580,Str
100580,AttackLevel580,120712000,338150,339310,100001,100581,Str
100581,AttackLevel581,121393900,339310,340480,100001,100582,Str
100582,AttackLevel582,122075800,340480,341650,100001,100583,Str
100583,AttackLevel583,122757700,341650,342820,100001,100584,Str
100584,AttackLevel584,123439600,342820,343990,100001,100585,Str
100585,AttackLevel585,124121500,343990,345160,100001,100586,Str
100586,AttackLevel586,124803400,345160,346340,100001,100587,Str
100587,AttackLevel587,125485300,346340,347520,100001,100588,Str
100588,AttackLevel588,126167200,347520,348700,100001,100589,Str
100589,AttackLevel589,126849100,348700,349880,100001,100590,Str
100590,AttackLevel590,127531000,349880,351060,100001,100591,Str
100591,AttackLevel591,128232900,351060,352250,100001,100592,Str
100592,AttackLevel592,128934800,352250,353440,100001,100593,Str
100593,AttackLevel593,129636700,353440,354630,100001,100594,Str
100594,AttackLevel594,130338600,354630,355820,100001,100595,Str
100595,AttackLevel595,131040500,355820,357010,100001,100596,Str
100596,AttackLevel596,131742400,357010,358210,100001,100597,Str
100597,AttackLevel597,132444300,358210,359410,100001,100598,Str
100598,AttackLevel598,133146200,359410,360610,100001,100599,Str
100599,AttackLevel599,133848100,360610,361810,100001,100600,Str
100600,AttackLevel600,134550000,361810,363010,100001,100601,Str
100601,AttackLevel601,135501900,363010,364220,100001,100602,Str
100602,AttackLevel602,136453800,364220,365430,100001,100603,Str
100603,AttackLevel603,137405700,365430,366640,100001,100604,Str
100604,AttackLevel604,138357600,366640,367850,100001,100605,Str
100605,AttackLevel605,139309500,367850,369060,100001,100606,Str
100606,AttackLevel606,140261400,369060,370280,100001,100607,Str
100607,AttackLevel607,141213300,370280,371500,100001,100608,Str
100608,AttackLevel608,142165200,371500,372720,100001,100609,Str
100609,AttackLevel609,143117100,372720,373940,100001,100610,Str
100610,AttackLevel610,144069000,373940,375160,100001,100611,Str
100611,AttackLevel611,145270900,375160,376390,100001,100612,Str
100612,AttackLevel612,146472800,376390,377620,100001,100613,Str
100613,AttackLevel613,147674700,377620,378850,100001,100614,Str
100614,AttackLevel614,148876600,378850,380080,100001,100615,Str
100615,AttackLevel615,150078500,380080,381310,100001,100616,Str
100616,AttackLevel616,151280400,381310,382550,100001,100617,Str
100617,AttackLevel617,152482300,382550,383790,100001,100618,Str
100618,AttackLevel618,153684200,383790,385030,100001,100619,Str
100619,AttackLevel619,154886100,385030,386270,100001,100620,Str
100620,AttackLevel620,156088000,386270,387510,100001,100621,Str
100621,AttackLevel621,157539900,387510,388760,100001,100622,Str
100622,AttackLevel622,158991800,388760,390010,100001,100623,Str
100623,AttackLevel623,160443700,390010,391260,100001,100624,Str
100624,AttackLevel624,161895600,391260,392510,100001,100625,Str
100625,AttackLevel625,163347500,392510,393760,100001,100626,Str
100626,AttackLevel626,164799400,393760,395020,100001,100627,Str
100627,AttackLevel627,166251300,395020,396280,100001,100628,Str
100628,AttackLevel628,167703200,396280,397540,100001,100629,Str
100629,AttackLevel629,169155100,397540,398800,100001,100630,Str
100630,AttackLevel630,170607000,398800,400060,100001,100631,Str
100631,AttackLevel631,172308900,400060,401330,100001,100632,Str
100632,AttackLevel632,174010800,401330,402600,100001,100633,Str
100633,AttackLevel633,175712700,402600,403870,100001,100634,Str
100634,AttackLevel634,177414600,403870,405140,100001,100635,Str
100635,AttackLevel635,179116500,405140,406410,100001,100636,Str
100636,AttackLevel636,180818400,406410,407690,100001,100637,Str
100637,AttackLevel637,182520300,407690,408970,100001,100638,Str
100638,AttackLevel638,184222200,408970,410250,100001,100639,Str
100639,AttackLevel639,185924100,410250,411530,100001,100640,Str
100640,AttackLevel640,187626000,411530,412810,100001,100641,Str
100641,AttackLevel641,189577900,412810,414100,100001,100642,Str
100642,AttackLevel642,191529800,414100,415390,100001,100643,Str
100643,AttackLevel643,193481700,415390,416680,100001,100644,Str
100644,AttackLevel644,195433600,416680,417970,100001,100645,Str
100645,AttackLevel645,197385500,417970,419260,100001,100646,Str
100646,AttackLevel646,199337400,419260,420560,100001,100647,Str
100647,AttackLevel647,201289300,420560,421860,100001,100648,Str
100648,AttackLevel648,203241200,421860,423160,100001,100649,Str
100649,AttackLevel649,205193100,423160,424460,100001,100650,Str
100650,AttackLevel650,207145000,424460,425760,100001,100651,Str
100651,AttackLevel651,209346900,425760,427070,100001,100652,Str
100652,AttackLevel652,211548800,427070,428380,100001,100653,Str
100653,AttackLevel653,213750700,428380,429690,100001,100654,Str
100654,AttackLevel654,215952600,429690,431000,100001,100655,Str
100655,AttackLevel655,218154500,431000,432310,100001,100656,Str
100656,AttackLevel656,220356400,432310,433630,100001,100657,Str
100657,AttackLevel657,222558300,433630,434950,100001,100658,Str
100658,AttackLevel658,224760200,434950,436270,100001,100659,Str
100659,AttackLevel659,226962100,436270,437590,100001,100660,Str
100660,AttackLevel660,229164000,437590,438910,100001,100661,Str
100661,AttackLevel661,231615900,438910,440240,100001,100662,Str
100662,AttackLevel662,234067800,440240,441570,100001,100663,Str
100663,AttackLevel663,236519700,441570,442900,100001,100664,Str
100664,AttackLevel664,238971600,442900,444230,100001,100665,Str
100665,AttackLevel665,241423500,444230,445560,100001,100666,Str
100666,AttackLevel666,243875400,445560,446900,100001,100667,Str
100667,AttackLevel667,246327300,446900,448240,100001,100668,Str
100668,AttackLevel668,248779200,448240,449580,100001,100669,Str
100669,AttackLevel669,251231100,449580,450920,100001,100670,Str
100670,AttackLevel670,253683000,450920,452260,100001,100671,Str
100671,AttackLevel671,256384900,452260,453610,100001,100672,Str
100672,AttackLevel672,259086800,453610,454960,100001,100673,Str
100673,AttackLevel673,261788700,454960,456310,100001,100674,Str
100674,AttackLevel674,264490600,456310,457660,100001,100675,Str
100675,AttackLevel675,267192500,457660,459010,100001,100676,Str
100676,AttackLevel676,269894400,459010,460370,100001,100677,Str
100677,AttackLevel677,272596300,460370,461730,100001,100678,Str
100678,AttackLevel678,275298200,461730,463090,100001,100679,Str
100679,AttackLevel679,278000100,463090,464450,100001,100680,Str
100680,AttackLevel680,280702000,464450,465810,100001,100681,Str
100681,AttackLevel681,283653900,465810,467180,100001,100682,Str
100682,AttackLevel682,286605800,467180,468550,100001,100683,Str
100683,AttackLevel683,289557700,468550,469920,100001,100684,Str
100684,AttackLevel684,292509600,469920,471290,100001,100685,Str
100685,AttackLevel685,295461500,471290,472660,100001,100686,Str
100686,AttackLevel686,298413400,472660,474040,100001,100687,Str
100687,AttackLevel687,301365300,474040,475420,100001,100688,Str
100688,AttackLevel688,304317200,475420,476800,100001,100689,Str
100689,AttackLevel689,307269100,476800,478180,100001,100690,Str
100690,AttackLevel690,310221000,478180,479560,100001,100691,Str
100691,AttackLevel691,313422900,479560,480950,100001,100692,Str
100692,AttackLevel692,316624800,480950,482340,100001,100693,Str
100693,AttackLevel693,319826700,482340,483730,100001,100694,Str
100694,AttackLevel694,323028600,483730,485120,100001,100695,Str
100695,AttackLevel695,326230500,485120,486510,100001,100696,Str
100696,AttackLevel696,329432400,486510,487910,100001,100697,Str
100697,AttackLevel697,332634300,487910,489310,100001,100698,Str
100698,AttackLevel698,335836200,489310,490710,100001,100699,Str
100699,AttackLevel699,339038100,490710,492110,100001,100700,Str
100700,AttackLevel700,342240000,492110,493510,100001,100701,Str
100701,AttackLevel701,345691900,493510,494920,100001,100702,Str
100702,AttackLevel702,349143800,494920,496330,100001,100703,Str
100703,AttackLevel703,352595700,496330,497740,100001,100704,Str
100704,AttackLevel704,356047600,497740,499150,100001,100705,Str
100705,AttackLevel705,359499500,499150,500560,100001,100706,Str
100706,AttackLevel706,362951400,500560,501980,100001,100707,Str
100707,AttackLevel707,366403300,501980,503400,100001,100708,Str
100708,AttackLevel708,369855200,503400,504820,100001,100709,Str
100709,AttackLevel709,373307100,504820,506240,100001,100710,Str
100710,AttackLevel710,376759000,506240,507660,100001,100711,Str
100711,AttackLevel711,380460900,507660,509090,100001,100712,Str
100712,AttackLevel712,384162800,509090,510520,100001,100713,Str
100713,AttackLevel713,387864700,510520,511950,100001,100714,Str
100714,AttackLevel714,391566600,511950,513380,100001,100715,Str
100715,AttackLevel715,395268500,513380,514810,100001,100716,Str
100716,AttackLevel716,398970400,514810,516250,100001,100717,Str
100717,AttackLevel717,402672300,516250,517690,100001,100718,Str
100718,AttackLevel718,406374200,517690,519130,100001,100719,Str
100719,AttackLevel719,410076100,519130,520570,100001,100720,Str
100720,AttackLevel720,413778000,520570,522010,100001,100721,Str
100721,AttackLevel721,417729900,522010,523460,100001,100722,Str
100722,AttackLevel722,421681800,523460,524910,100001,100723,Str
100723,AttackLevel723,425633700,524910,526360,100001,100724,Str
100724,AttackLevel724,429585600,526360,527810,100001,100725,Str
100725,AttackLevel725,433537500,527810,529260,100001,100726,Str
100726,AttackLevel726,437489400,529260,530720,100001,100727,Str
100727,AttackLevel727,441441300,530720,532180,100001,100728,Str
100728,AttackLevel728,445393200,532180,533640,100001,100729,Str
100729,AttackLevel729,449345100,533640,535100,100001,100730,Str
100730,AttackLevel730,453297000,535100,536560,100001,100731,Str
100731,AttackLevel731,457498900,536560,538030,100001,100732,Str
100732,AttackLevel732,461700800,538030,539500,100001,100733,Str
100733,AttackLevel733,465902700,539500,540970,100001,100734,Str
100734,AttackLevel734,470104600,540970,542440,100001,100735,Str
100735,AttackLevel735,474306500,542440,543910,100001,100736,Str
100736,AttackLevel736,478508400,543910,545390,100001,100737,Str
100737,AttackLevel737,482710300,545390,546870,100001,100738,Str
100738,AttackLevel738,486912200,546870,548350,100001,100739,Str
100739,AttackLevel739,491114100,548350,549830,100001,100740,Str
100740,AttackLevel740,495316000,549830,551310,100001,100741,Str
100741,AttackLevel741,499767900,551310,552800,100001,100742,Str
100742,AttackLevel742,504219800,552800,554290,100001,100743,Str
100743,AttackLevel743,508671700,554290,555780,100001,100744,Str
100744,AttackLevel744,513123600,555780,557270,100001,100745,Str
100745,AttackLevel745,517575500,557270,558760,100001,100746,Str
100746,AttackLevel746,522027400,558760,560260,100001,100747,Str
100747,AttackLevel747,526479300,560260,561760,100001,100748,Str
100748,AttackLevel748,530931200,561760,563260,100001,100749,Str
100749,AttackLevel749,535383100,563260,564760,100001,100750,Str
100750,AttackLevel750,539835000,564760,566260,100001,100751,Str
100751,AttackLevel751,544536900,566260,567770,100001,100752,Str
100752,AttackLevel752,549238800,567770,569280,100001,100753,Str
100753,AttackLevel753,553940700,569280,570790,100001,100754,Str
100754,AttackLevel754,558642600,570790,572300,100001,100755,Str
100755,AttackLevel755,563344500,572300,573810,100001,100756,Str
100756,AttackLevel756,568046400,573810,575330,100001,100757,Str
100757,AttackLevel757,572748300,575330,576850,100001,100758,Str
100758,AttackLevel758,577450200,576850,578370,100001,100759,Str
100759,AttackLevel759,582152100,578370,579890,100001,100760,Str
100760,AttackLevel760,586854000,579890,581410,100001,100761,Str
100761,AttackLevel761,591805900,581410,582940,100001,100762,Str
100762,AttackLevel762,596757800,582940,584470,100001,100763,Str
100763,AttackLevel763,601709700,584470,586000,100001,100764,Str
100764,AttackLevel764,606661600,586000,587530,100001,100765,Str
100765,AttackLevel765,611613500,587530,589060,100001,100766,Str
100766,AttackLevel766,616565400,589060,590600,100001,100767,Str
100767,AttackLevel767,621517300,590600,592140,100001,100768,Str
100768,AttackLevel768,626469200,592140,593680,100001,100769,Str
100769,AttackLevel769,631421100,593680,595220,100001,100770,Str
100770,AttackLevel770,636373000,595220,596760,100001,100771,Str
100771,AttackLevel771,641574900,596760,598310,100001,100772,Str
100772,AttackLevel772,646776800,598310,599860,100001,100773,Str
100773,AttackLevel773,651978700,599860,601410,100001,100774,Str
100774,AttackLevel774,657180600,601410,602960,100001,100775,Str
100775,AttackLevel775,662382500,602960,604510,100001,100776,Str
100776,AttackLevel776,667584400,604510,606070,100001,100777,Str
100777,AttackLevel777,672786300,606070,607630,100001,100778,Str
100778,AttackLevel778,677988200,607630,609190,100001,100779,Str
100779,AttackLevel779,683190100,609190,610750,100001,100780,Str
100780,AttackLevel780,688392000,610750,612310,100001,100781,Str
100781,AttackLevel781,693843900,612310,613880,100001,100782,Str
100782,AttackLevel782,699295800,613880,615450,100001,100783,Str
100783,AttackLevel783,704747700,615450,617020,100001,100784,Str
100784,AttackLevel784,710199600,617020,618590,100001,100785,Str
100785,AttackLevel785,715651500,618590,620160,100001,100786,Str
100786,AttackLevel786,721103400,620160,621740,100001,100787,Str
100787,AttackLevel787,726555300,621740,623320,100001,100788,Str
100788,AttackLevel788,732007200,623320,624900,100001,100789,Str
100789,AttackLevel789,737459100,624900,626480,100001,100790,Str
100790,AttackLevel790,742911000,626480,628060,100001,100791,Str
100791,AttackLevel791,748612900,628060,629650,100001,100792,Str
100792,AttackLevel792,754314800,629650,631240,100001,100793,Str
100793,AttackLevel793,760016700,631240,632830,100001,100794,Str
100794,AttackLevel794,765718600,632830,634420,100001,100795,Str
100795,AttackLevel795,771420500,634420,636010,100001,100796,Str
100796,AttackLevel796,777122400,636010,637610,100001,100797,Str
100797,AttackLevel797,782824300,637610,639210,100001,100798,Str
100798,AttackLevel798,788526200,639210,640810,100001,100799,Str
100799,AttackLevel799,794228100,640810,642410,100001,100800,Str
100800,AttackLevel800,799930000,642410,644010,100001,100801,Str
100801,AttackLevel801,805881900,644010,645620,100001,100802,Str
100802,AttackLevel802,811833800,645620,647230,100001,100803,Str
100803,AttackLevel803,817785700,647230,648840,100001,100804,Str
100804,AttackLevel804,823737600,648840,650450,100001,100805,Str
100805,AttackLevel805,829689500,650450,652060,100001,100806,Str
100806,AttackLevel806,835641400,652060,653680,100001,100807,Str
100807,AttackLevel807,841593300,653680,655300,100001,100808,Str
100808,AttackLevel808,847545200,655300,656920,100001,100809,Str
100809,AttackLevel809,853497100,656920,658540,100001,100810,Str
100810,AttackLevel810,859449000,658540,660160,100001,100811,Str
100811,AttackLevel811,865650900,660160,661790,100001,100812,Str
100812,AttackLevel812,871852800,661790,663420,100001,100813,Str
100813,AttackLevel813,878054700,663420,665050,100001,100814,Str
100814,AttackLevel814,884256600,665050,666680,100001,100815,Str
100815,AttackLevel815,890458500,666680,668310,100001,100816,Str
100816,AttackLevel816,896660400,668310,669950,100001,100817,Str
100817,AttackLevel817,902862300,669950,671590,100001,100818,Str
100818,AttackLevel818,909064200,671590,673230,100001,100819,Str
100819,AttackLevel819,915266100,673230,674870,100001,100820,Str
100820,AttackLevel820,921468000,674870,676510,100001,100821,Str
100821,AttackLevel821,927919900,676510,678160,100001,100822,Str
100822,AttackLevel822,934371800,678160,679810,100001,100823,Str
100823,AttackLevel823,940823700,679810,681460,100001,100824,Str
100824,AttackLevel824,947275600,681460,683110,100001,100825,Str
100825,AttackLevel825,953727500,683110,684760,100001,100826,Str
100826,AttackLevel826,960179400,684760,686420,100001,100827,Str
100827,AttackLevel827,966631300,686420,688080,100001,100828,Str
100828,AttackLevel828,973083200,688080,689740,100001,100829,Str
100829,AttackLevel829,979535100,689740,691400,100001,100830,Str
100830,AttackLevel830,985987000,691400,693060,100001,100831,Str
100831,AttackLevel831,992688900,693060,694730,100001,100832,Str
100832,AttackLevel832,999390800,694730,696400,100001,100833,Str
100833,AttackLevel833,1006092700,696400,698070,100001,100834,Str
100834,AttackLevel834,1012794600,698070,699740,100001,100835,Str
100835,AttackLevel835,1019496500,699740,701410,100001,100836,Str
100836,AttackLevel836,1026198400,701410,703090,100001,100837,Str
100837,AttackLevel837,1032900300,703090,704770,100001,100838,Str
100838,AttackLevel838,1039602200,704770,706450,100001,100839,Str
100839,AttackLevel839,1046304100,706450,708130,100001,100840,Str
100840,AttackLevel840,1053006000,708130,709810,100001,100841,Str
100841,AttackLevel841,1059957900,709810,711500,100001,100842,Str
100842,AttackLevel842,1066909800,711500,713190,100001,100843,Str
100843,AttackLevel843,1073861700,713190,714880,100001,100844,Str
100844,AttackLevel844,1080813600,714880,716570,100001,100845,Str
100845,AttackLevel845,1087765500,716570,718260,100001,100846,Str
100846,AttackLevel846,1094717400,718260,719960,100001,100847,Str
100847,AttackLevel847,1101669300,719960,721660,100001,100848,Str
100848,AttackLevel848,1108621200,721660,723360,100001,100849,Str
100849,AttackLevel849,1115573100,723360,725060,100001,100850,Str
100850,AttackLevel850,1122525000,725060,726760,100001,100851,Str
100851,AttackLevel851,1129726900,726760,728470,100001,100852,Str
100852,AttackLevel852,1136928800,728470,730180,100001,100853,Str
100853,AttackLevel853,1144130700,730180,731890,100001,100854,Str
100854,AttackLevel854,1151332600,731890,733600,100001,100855,Str
100855,AttackLevel855,1158534500,733600,735310,100001,100856,Str
100856,AttackLevel856,1165736400,735310,737030,100001,100857,Str
100857,AttackLevel857,1172938300,737030,738750,100001,100858,Str
100858,AttackLevel858,1180140200,738750,740470,100001,100859,Str
100859,AttackLevel859,1187342100,740470,742190,100001,100860,Str
100860,AttackLevel860,1194544000,742190,743910,100001,100861,Str
100861,AttackLevel861,1201995900,743910,745640,100001,100862,Str
100862,AttackLevel862,1209447800,745640,747370,100001,100863,Str
100863,AttackLevel863,1216899700,747370,749100,100001,100864,Str
100864,AttackLevel864,1224351600,749100,750830,100001,100865,Str
100865,AttackLevel865,1231803500,750830,752560,100001,100866,Str
100866,AttackLevel866,1239255400,752560,754300,100001,100867,Str
100867,AttackLevel867,1246707300,754300,756040,100001,100868,Str
100868,AttackLevel868,1254159200,756040,757780,100001,100869,Str
100869,AttackLevel869,1261611100,757780,759520,100001,100870,Str
100870,AttackLevel870,1269063000,759520,761260,100001,100871,Str
100871,AttackLevel871,1276764900,761260,763010,100001,100872,Str
100872,AttackLevel872,1284466800,763010,764760,100001,100873,Str
100873,AttackLevel873,1292168700,764760,766510,100001,100874,Str
100874,AttackLevel874,1299870600,766510,768260,100001,100875,Str
100875,AttackLevel875,1307572500,768260,770010,100001,100876,Str
100876,AttackLevel876,1315274400,770010,771770,100001,100877,Str
100877,AttackLevel877,1322976300,771770,773530,100001,100878,Str
100878,AttackLevel878,1330678200,773530,775290,100001,100879,Str
100879,AttackLevel879,1338380100,775290,777050,100001,100880,Str
100880,AttackLevel880,1346082000,777050,778810,100001,100881,Str
100881,AttackLevel881,1354033900,778810,780580,100001,100882,Str
100882,AttackLevel882,1361985800,780580,782350,100001,100883,Str
100883,AttackLevel883,1369937700,782350,784120,100001,100884,Str
100884,AttackLevel884,1377889600,784120,785890,100001,100885,Str
100885,AttackLevel885,1385841500,785890,787660,100001,100886,Str
100886,AttackLevel886,1393793400,787660,789440,100001,100887,Str
100887,AttackLevel887,1401745300,789440,791220,100001,100888,Str
100888,AttackLevel888,1409697200,791220,793000,100001,100889,Str
100889,AttackLevel889,1417649100,793000,794780,100001,100890,Str
100890,AttackLevel890,1425601000,794780,796560,100001,100891,Str
100891,AttackLevel891,1433802900,796560,798350,100001,100892,Str
100892,AttackLevel892,1442004800,798350,800140,100001,100893,Str
100893,AttackLevel893,1450206700,800140,801930,100001,100894,Str
100894,AttackLevel894,1458408600,801930,803720,100001,100895,Str
100895,AttackLevel895,1466610500,803720,805510,100001,100896,Str
100896,AttackLevel896,1474812400,805510,807310,100001,100897,Str
100897,AttackLevel897,1483014300,807310,809110,100001,100898,Str
100898,AttackLevel898,1491216200,809110,810910,100001,100899,Str
100899,AttackLevel899,1499418100,810910,812710,100001,100900,Str
100900,AttackLevel900,1507620000,812710,814510,100001,100901,Str
100901,AttackLevel901,1516071900,814510,816320,100001,100902,Str
100902,AttackLevel902,1524523800,816320,818130,100001,100903,Str
100903,AttackLevel903,1532975700,818130,819940,100001,100904,Str
100904,AttackLevel904,1541427600,819940,821750,100001,100905,Str
100905,AttackLevel905,1549879500,821750,823560,100001,100906,Str
100906,AttackLevel906,1558331400,823560,825380,100001,100907,Str
100907,AttackLevel907,1566783300,825380,827200,100001,100908,Str
100908,AttackLevel908,1575235200,827200,829020,100001,100909,Str
100909,AttackLevel909,1583687100,829020,830840,100001,100910,Str
100910,AttackLevel910,1592139000,830840,832660,100001,100911,Str
100911,AttackLevel911,1600840900,832660,834490,100001,100912,Str
100912,AttackLevel912,1609542800,834490,836320,100001,100913,Str
100913,AttackLevel913,1618244700,836320,838150,100001,100914,Str
100914,AttackLevel914,1626946600,838150,839980,100001,100915,Str
100915,AttackLevel915,1635648500,839980,841810,100001,100916,Str
100916,AttackLevel916,1644350400,841810,843650,100001,100917,Str
100917,AttackLevel917,1653052300,843650,845490,100001,100918,Str
100918,AttackLevel918,1661754200,845490,847330,100001,100919,Str
100919,AttackLevel919,1670456100,847330,849170,100001,100920,Str
100920,AttackLevel920,1679158000,849170,851010,100001,100921,Str
100921,AttackLevel921,1688109900,851010,852860,100001,100922,Str
100922,AttackLevel922,1697061800,852860,854710,100001,100923,Str
100923,AttackLevel923,1706013700,854710,856560,100001,100924,Str
100924,AttackLevel924,1714965600,856560,858410,100001,100925,Str
100925,AttackLevel925,1723917500,858410,860260,100001,100926,Str
100926,AttackLevel926,1732869400,860260,862120,100001,100927,Str
100927,AttackLevel927,1741821300,862120,863980,100001,100928,Str
100928,AttackLevel928,1750773200,863980,865840,100001,100929,Str
100929,AttackLevel929,1759725100,865840,867700,100001,100930,Str
100930,AttackLevel930,1768677000,867700,869560,100001,100931,Str
100931,AttackLevel931,1777878900,869560,871430,100001,100932,Str
100932,AttackLevel932,1787080800,871430,873300,100001,100933,Str
100933,AttackLevel933,1796282700,873300,875170,100001,100934,Str
100934,AttackLevel934,1805484600,875170,877040,100001,100935,Str
100935,AttackLevel935,1814686500,877040,878910,100001,100936,Str
100936,AttackLevel936,1823888400,878910,880790,100001,100937,Str
100937,AttackLevel937,1833090300,880790,882670,100001,100938,Str
100938,AttackLevel938,1842292200,882670,884550,100001,100939,Str
100939,AttackLevel939,1851494100,884550,886430,100001,100940,Str
100940,AttackLevel940,1860696000,886430,888310,100001,100941,Str
100941,AttackLevel941,1870147900,888310,890200,100001,100942,Str
100942,AttackLevel942,1879599800,890200,892090,100001,100943,Str
100943,AttackLevel943,1889051700,892090,893980,100001,100944,Str
100944,AttackLevel944,1898503600,893980,895870,100001,100945,Str
100945,AttackLevel945,1907955500,895870,897760,100001,100946,Str
100946,AttackLevel946,1917407400,897760,899660,100001,100947,Str
100947,AttackLevel947,1926859300,899660,901560,100001,100948,Str
100948,AttackLevel948,1936311200,901560,903460,100001,100949,Str
100949,AttackLevel949,1945763100,903460,905360,100001,100950,Str
100950,AttackLevel950,1955215000,905360,907260,100001,100951,Str
100951,AttackLevel951,1964916900,907260,909170,100001,100952,Str
100952,AttackLevel952,1974618800,909170,911080,100001,100953,Str
100953,AttackLevel953,1984320700,911080,912990,100001,100954,Str
100954,AttackLevel954,1994022600,912990,914900,100001,100955,Str
100955,AttackLevel955,2003724500,914900,916810,100001,100956,Str
100956,AttackLevel956,2013426400,916810,918730,100001,100957,Str
100957,AttackLevel957,2023128300,918730,920650,100001,100958,Str
100958,AttackLevel958,2032830200,920650,922570,100001,100959,Str
100959,AttackLevel959,2042532100,922570,924490,100001,100960,Str
100960,AttackLevel960,2052234000,924490,926410,100001,100961,Str
100961,AttackLevel961,2062185900,926410,928340,100001,100962,Str
100962,AttackLevel962,2072137800,928340,930270,100001,100963,Str
100963,AttackLevel963,2082089700,930270,932200,100001,100964,Str
100964,AttackLevel964,2092041600,932200,934130,100001,100965,Str
100965,AttackLevel965,2101993500,934130,936060,100001,100966,Str
100966,AttackLevel966,2111945400,936060,938000,100001,100967,Str
100967,AttackLevel967,2121897300,938000,939940,100001,100968,Str
100968,AttackLevel968,2131849200,939940,941880,100001,100969,Str
100969,AttackLevel969,2141801100,941880,943820,100001,100970,Str
100970,AttackLevel970,2151753000,943820,945760,100001,100971,Str
100971,AttackLevel971,2161954900,945760,947710,100001,100972,Str
100972,AttackLevel972,2172156800,947710,949660,100001,100973,Str
100973,AttackLevel973,2182358700,949660,951610,100001,100974,Str
100974,AttackLevel974,2192560600,951610,953560,100001,100975,Str
100975,AttackLevel975,2202762500,953560,955510,100001,100976,Str
100976,AttackLevel976,2212964400,955510,957470,100001,100977,Str
100977,AttackLevel977,2223166300,957470,959430,100001,100978,Str
100978,AttackLevel978,2233368200,959430,961390,100001,100979,Str
100979,AttackLevel979,2243570100,961390,963350,100001,100980,Str
100980,AttackLevel980,2253772000,963350,965310,100001,100981,Str
100981,AttackLevel981,2264223900,965310,967280,100001,100982,Str
100982,AttackLevel982,2274675800,967280,969250,100001,100983,Str
100983,AttackLevel983,2285127700,969250,971220,100001,100984,Str
100984,AttackLevel984,2295579600,971220,973190,100001,100985,Str
100985,AttackLevel985,2306031500,973190,975160,100001,100986,Str
100986,AttackLevel986,2316483400,975160,977140,100001,100987,Str
100987,AttackLevel987,2326935300,977140,979120,100001,100988,Str
100988,AttackLevel988,2337387200,979120,981100,100001,100989,Str
100989,AttackLevel989,2347839100,981100,983080,100001,100990,Str
100990,AttackLevel990,2358291000,983080,985060,100001,100991,Str
100991,AttackLevel991,2368992900,985060,987050,100001,100992,Str
100992,AttackLevel992,2379694800,987050,989040,100001,100993,Str
100993,AttackLevel993,2390396700,989040,991030,100001,100994,Str
100994,AttackLevel994,2401098600,991030,993020,100001,100995,Str
100995,AttackLevel995,2411800500,993020,995010,100001,100996,Str
100996,AttackLevel996,2422502400,995010,997010,100001,100997,Str
100997,AttackLevel997,2433204300,997010,999010,100001,100998,Str
100998,AttackLevel998,2443906200,999010,1001010,100001,100999,Str
100999,AttackLevel999,2454608100,1001010,1003010,100001,101000,Str
101000,AttackLevel1000,2465310000,1003010,1005010,100001,,Str
200001,SkillLevel1,100,0,1,200001,200002,Skill
300001,MasteryLevel1,200,0,1,300001,300002,Mastery
200002,SkillLevel2,200,1,2,200001,200003,Skill
300002,MasteryLevel2,300,1,2,300001,300003,Mastery
200003,SkillLevel3,300,2,3,200001,200004,Skill
300003,MasteryLevel3,400,2,3,300001,300004,Mastery
200004,SkillLevel4,400,3,4,200001,200005,Skill
300004,MasteryLevel4,500,3,4,300001,300005,Mastery
200005,SkillLevel5,500,4,5,200001,200006,Skill
300005,MasteryLevel5,600,4,5,300001,300006,Mastery
200006,SkillLevel6,600,5,6,200001,200007,Skill
300006,MasteryLevel6,700,5,6,300001,300007,Mastery
200007,SkillLevel7,700,6,7,200001,200008,Skill
300007,MasteryLevel7,800,6,7,300001,300008,Mastery
200008,SkillLevel8,800,7,8,200001,200009,Skill
300008,MasteryLevel8,900,7,8,300001,300009,Mastery
200009,SkillLevel9,900,8,9,200001,200010,Skill
300009,MasteryLevel9,1000,8,9,300001,300010,Mastery
200010,SkillLevel10,1000,9,10,200001,200011,Skill
300010,MasteryLevel10,1100,9,10,300001,300011,Mastery
200011,SkillLevel11,1300,10,11,200001,200012,Skill
300011,MasteryLevel11,1400,10,11,300001,300012,Mastery
200012,SkillLevel12,1600,11,12,200001,200013,Skill
300012,MasteryLevel12,1700,11,12,300001,300013,Mastery
200013,SkillLevel13,1900,12,13,200001,200014,Skill
300013,MasteryLevel13,2000,12,13,300001,300014,Mastery
200014,SkillLevel14,2200,13,14,200001,200015,Skill
300014,MasteryLevel14,2300,13,14,300001,300015,Mastery
200015,SkillLevel15,2500,14,15,200001,200016,Skill
300015,MasteryLevel15,2600,14,15,300001,300016,Mastery
200016,SkillLevel16,2800,15,16,200001,200017,Skill
300016,MasteryLevel16,2900,15,16,300001,300017,Mastery
200017,SkillLevel17,3100,16,17,200001,200018,Skill
300017,MasteryLevel17,3200,16,17,300001,300018,Mastery
200018,SkillLevel18,3400,17,18,200001,200019,Skill
300018,MasteryLevel18,3500,17,18,300001,300019,Mastery
200019,SkillLevel19,3700,18,19,200001,200020,Skill
300019,MasteryLevel19,3800,18,19,300001,300020,Mastery
200020,SkillLevel20,4000,19,20,200001,200021,Skill
300020,MasteryLevel20,4100,19,20,300001,300021,Mastery
200021,SkillLevel21,4500,20,21,200001,200022,Skill
300021,MasteryLevel21,4600,20,21,300001,300022,Mastery
200022,SkillLevel22,5000,21,22,200001,200023,Skill
300022,MasteryLevel22,5100,21,22,300001,300023,Mastery
200023,SkillLevel23,5500,22,23,200001,200024,Skill
300023,MasteryLevel23,5600,22,23,300001,300024,Mastery
200024,SkillLevel24,6000,23,24,200001,200025,Skill
300024,MasteryLevel24,6100,23,24,300001,300025,Mastery
200025,SkillLevel25,6500,24,25,200001,200026,Skill
300025,MasteryLevel25,6600,24,25,300001,300026,Mastery
200026,SkillLevel26,7000,25,26,200001,200027,Skill
300026,MasteryLevel26,7100,25,26,300001,300027,Mastery
200027,SkillLevel27,7500,26,27,200001,200028,Skill
300027,MasteryLevel27,7600,26,27,300001,300028,Mastery
200028,SkillLevel28,8000,27,28,200001,200029,Skill
300028,MasteryLevel28,8100,27,28,300001,300029,Mastery
200029,SkillLevel29,8500,28,29,200001,200030,Skill
300029,MasteryLevel29,8600,28,29,300001,300030,Mastery
200030,SkillLevel30,9000,29,30,200001,200031,Skill
300030,MasteryLevel30,9100,29,30,300001,300031,Mastery
200031,SkillLevel31,9700,30,31,200001,200032,Skill
300031,MasteryLevel31,9800,30,31,300001,300032,Mastery
200032,SkillLevel32,10400,31,32,200001,200033,Skill
300032,MasteryLevel32,10500,31,32,300001,300033,Mastery
200033,SkillLevel33,11100,32,33,200001,200034,Skill
300033,MasteryLevel33,11200,32,33,300001,300034,Mastery
200034,SkillLevel34,11800,33,34,200001,200035,Skill
300034,MasteryLevel34,11900,33,34,300001,300035,Mastery
200035,SkillLevel35,12500,34,35,200001,200036,Skill
300035,MasteryLevel35,12600,34,35,300001,300036,Mastery
200036,SkillLevel36,13200,35,36,200001,200037,Skill
300036,MasteryLevel36,13300,35,36,300001,300037,Mastery
200037,SkillLevel37,13900,36,37,200001,200038,Skill
300037,MasteryLevel37,14000,36,37,300001,300038,Mastery
200038,SkillLevel38,14600,37,38,200001,200039,Skill
300038,MasteryLevel38,14700,37,38,300001,300039,Mastery
200039,SkillLevel39,15300,38,39,200001,200040,Skill
300039,MasteryLevel39,15400,38,39,300001,300040,Mastery
200040,SkillLevel40,16000,39,40,200001,200041,Skill
300040,MasteryLevel40,16100,39,40,300001,300041,Mastery
200041,SkillLevel41,16900,40,41,200001,200042,Skill
300041,MasteryLevel41,17000,40,41,300001,300042,Mastery
200042,SkillLevel42,17800,41,42,200001,200043,Skill
300042,MasteryLevel42,17900,41,42,300001,300043,Mastery
200043,SkillLevel43,18700,42,43,200001,200044,Skill
300043,MasteryLevel43,18800,42,43,300001,300044,Mastery
200044,SkillLevel44,19600,43,44,200001,200045,Skill
300044,MasteryLevel44,19700,43,44,300001,300045,Mastery
200045,SkillLevel45,20500,44,45,200001,200046,Skill
300045,MasteryLevel45,20600,44,45,300001,300046,Mastery
200046,SkillLevel46,21400,45,46,200001,200047,Skill
300046,MasteryLevel46,21500,45,46,300001,300047,Mastery
200047,SkillLevel47,22300,46,47,200001,200048,Skill
300047,MasteryLevel47,22400,46,47,300001,300048,Mastery
200048,SkillLevel48,23200,47,48,200001,200049,Skill
300048,MasteryLevel48,23300,47,48,300001,300049,Mastery
200049,SkillLevel49,24100,48,49,200001,200050,Skill
300049,MasteryLevel49,24200,48,49,300001,300050,Mastery
200050,SkillLevel50,25000,49,50,200001,200051,Skill
300050,MasteryLevel50,25100,49,50,300001,300051,Mastery
200051,SkillLevel51,26100,50,51,200001,200052,Skill
300051,MasteryLevel51,26200,50,51,300001,300052,Mastery
200052,SkillLevel52,27200,51,52,200001,200053,Skill
300052,MasteryLevel52,27300,51,52,300001,300053,Mastery
200053,SkillLevel53,28300,52,53,200001,200054,Skill
300053,MasteryLevel53,28400,52,53,300001,300054,Mastery
200054,SkillLevel54,29400,53,54,200001,200055,Skill
300054,MasteryLevel54,29500,53,54,300001,300055,Mastery
200055,SkillLevel55,30500,54,55,200001,200056,Skill
300055,MasteryLevel55,30600,54,55,300001,300056,Mastery
200056,SkillLevel56,31600,55,56,200001,200057,Skill
300056,MasteryLevel56,31700,55,56,300001,300057,Mastery
200057,SkillLevel57,32700,56,57,200001,200058,Skill
300057,MasteryLevel57,32800,56,57,300001,300058,Mastery
200058,SkillLevel58,33800,57,58,200001,200059,Skill
300058,MasteryLevel58,33900,57,58,300001,300059,Mastery
200059,SkillLevel59,34900,58,59,200001,200060,Skill
300059,MasteryLevel59,35000,58,59,300001,300060,Mastery
200060,SkillLevel60,36000,59,60,200001,200061,Skill
300060,MasteryLevel60,36100,59,60,300001,300061,Mastery
200061,SkillLevel61,37300,60,61,200001,200062,Skill
300061,MasteryLevel61,37400,60,61,300001,300062,Mastery
200062,SkillLevel62,38600,61,62,200001,200063,Skill
300062,MasteryLevel62,38700,61,62,300001,300063,Mastery
200063,SkillLevel63,39900,62,63,200001,200064,Skill
300063,MasteryLevel63,40000,62,63,300001,300064,Mastery
200064,SkillLevel64,41200,63,64,200001,200065,Skill
300064,MasteryLevel64,41300,63,64,300001,300065,Mastery
200065,SkillLevel65,42500,64,65,200001,200066,Skill
300065,MasteryLevel65,42600,64,65,300001,300066,Mastery
200066,SkillLevel66,43800,65,66,200001,200067,Skill
300066,MasteryLevel66,43900,65,66,300001,300067,Mastery
200067,SkillLevel67,45100,66,67,200001,200068,Skill
300067,MasteryLevel67,45200,66,67,300001,300068,Mastery
200068,SkillLevel68,46400,67,68,200001,200069,Skill
300068,MasteryLevel68,46500,67,68,300001,300069,Mastery
200069,SkillLevel69,47700,68,69,200001,200070,Skill
300069,MasteryLevel69,47800,68,69,300001,300070,Mastery
200070,SkillLevel70,49000,69,70,200001,200071,Skill
300070,MasteryLevel70,49100,69,70,300001,300071,Mastery
200071,SkillLevel71,50500,70,71,200001,200072,Skill
300071,MasteryLevel71,50600,70,71,300001,300072,Mastery
200072,SkillLevel72,52000,71,72,200001,200073,Skill
300072,MasteryLevel72,52100,71,72,300001,300073,Mastery
200073,SkillLevel73,53500,72,73,200001,200074,Skill
300073,MasteryLevel73,53600,72,73,300001,300074,Mastery
200074,SkillLevel74,55000,73,74,200001,200075,Skill
300074,MasteryLevel74,55100,73,74,300001,300075,Mastery
200075,SkillLevel75,56500,74,75,200001,200076,Skill
300075,MasteryLevel75,56600,74,75,300001,300076,Mastery
200076,SkillLevel76,58000,75,76,200001,200077,Skill
300076,MasteryLevel76,58100,75,76,300001,300077,Mastery
200077,SkillLevel77,59500,76,77,200001,200078,Skill
300077,MasteryLevel77,59600,76,77,300001,300078,Mastery
200078,SkillLevel78,61000,77,78,200001,200079,Skill
300078,MasteryLevel78,61100,77,78,300001,300079,Mastery
200079,SkillLevel79,62500,78,79,200001,200080,Skill
300079,MasteryLevel79,62600,78,79,300001,300080,Mastery
200080,SkillLevel80,64000,79,80,200001,200081,Skill
300080,MasteryLevel80,64100,79,80,300001,300081,Mastery
200081,SkillLevel81,65700,80,81,200001,200082,Skill
300081,MasteryLevel81,65800,80,81,300001,300082,Mastery
200082,SkillLevel82,67400,81,82,200001,200083,Skill
300082,MasteryLevel82,67500,81,82,300001,300083,Mastery
200083,SkillLevel83,69100,82,83,200001,200084,Skill
300083,MasteryLevel83,69200,82,83,300001,300084,Mastery
200084,SkillLevel84,70800,83,84,200001,200085,Skill
300084,MasteryLevel84,70900,83,84,300001,300085,Mastery
200085,SkillLevel85,72500,84,85,200001,200086,Skill
300085,MasteryLevel85,72600,84,85,300001,300086,Mastery
200086,SkillLevel86,74200,85,86,200001,200087,Skill
300086,MasteryLevel86,74300,85,86,300001,300087,Mastery
200087,SkillLevel87,75900,86,87,200001,200088,Skill
300087,MasteryLevel87,76000,86,87,300001,300088,Mastery
200088,SkillLevel88,77600,87,88,200001,200089,Skill
300088,MasteryLevel88,77700,87,88,300001,300089,Mastery
200089,SkillLevel89,79300,88,89,200001,200090,Skill
300089,MasteryLevel89,79400,88,89,300001,300090,Mastery
200090,SkillLevel90,81000,89,90,200001,200091,Skill
300090,MasteryLevel90,81100,89,90,300001,300091,Mastery
200091,SkillLevel91,82900,90,91,200001,200092,Skill
300091,MasteryLevel91,83000,90,91,300001,300092,Mastery
200092,SkillLevel92,84800,91,92,200001,200093,Skill
300092,MasteryLevel92,84900,91,92,300001,300093,Mastery
200093,SkillLevel93,86700,92,93,200001,200094,Skill
300093,MasteryLevel93,86800,92,93,300001,300094,Mastery
200094,SkillLevel94,88600,93,94,200001,200095,Skill
300094,MasteryLevel94,88700,93,94,300001,300095,Mastery
200095,SkillLevel95,90500,94,95,200001,200096,Skill
300095,MasteryLevel95,90600,94,95,300001,300096,Mastery
200096,SkillLevel96,92400,95,96,200001,200097,Skill
300096,MasteryLevel96,92500,95,96,300001,300097,Mastery
200097,SkillLevel97,94300,96,97,200001,200098,Skill
300097,MasteryLevel97,94400,96,97,300001,300098,Mastery
200098,SkillLevel98,96200,97,98,200001,200099,Skill
300098,MasteryLevel98,96300,97,98,300001,300099,Mastery
200099,SkillLevel99,98100,98,99,200001,200100,Skill
300099,MasteryLevel99,98200,98,99,300001,300100,Mastery
200100,SkillLevel100,100000,99,100,200001,200101,Skill
300100,MasteryLevel100,100100,99,100,300001,300101,Mastery
200101,SkillLevel101,106900,100,101,200001,200102,Skill
300101,MasteryLevel101,107000,100,101,300001,300102,Mastery
200102,SkillLevel102,113800,101,102,200001,200103,Skill
300102,MasteryLevel102,113900,101,102,300001,300103,Mastery
200103,SkillLevel103,120700,102,103,200001,200104,Skill
300103,MasteryLevel103,120800,102,103,300001,300104,Mastery
200104,SkillLevel104,127600,103,104,200001,200105,Skill
300104,MasteryLevel104,127700,103,104,300001,300105,Mastery
200105,SkillLevel105,134500,104,105,200001,200106,Skill
300105,MasteryLevel105,134600,104,105,300001,300106,Mastery
200106,SkillLevel106,141400,105,106,200001,200107,Skill
300106,MasteryLevel106,141500,105,106,300001,300107,Mastery
200107,SkillLevel107,148300,106,107,200001,200108,Skill
300107,MasteryLevel107,148400,106,107,300001,300108,Mastery
200108,SkillLevel108,155200,107,108,200001,200109,Skill
300108,MasteryLevel108,155300,107,108,300001,300109,Mastery
200109,SkillLevel109,162100,108,109,200001,200110,Skill
300109,MasteryLevel109,162200,108,109,300001,300110,Mastery
200110,SkillLevel110,169000,109,110,200001,200111,Skill
300110,MasteryLevel110,169100,109,110,300001,300111,Mastery
200111,SkillLevel111,180900,110,111,200001,200112,Skill
300111,MasteryLevel111,181000,110,111,300001,300112,Mastery
200112,SkillLevel112,192800,111,112,200001,200113,Skill
300112,MasteryLevel112,192900,111,112,300001,300113,Mastery
200113,SkillLevel113,204700,112,113,200001,200114,Skill
300113,MasteryLevel113,204800,112,113,300001,300114,Mastery
200114,SkillLevel114,216600,113,114,200001,200115,Skill
300114,MasteryLevel114,216700,113,114,300001,300115,Mastery
200115,SkillLevel115,228500,114,115,200001,200116,Skill
300115,MasteryLevel115,228600,114,115,300001,300116,Mastery
200116,SkillLevel116,240400,115,116,200001,200117,Skill
300116,MasteryLevel116,240500,115,116,300001,300117,Mastery
200117,SkillLevel117,252300,116,117,200001,200118,Skill
300117,MasteryLevel117,252400,116,117,300001,300118,Mastery
200118,SkillLevel118,264200,117,118,200001,200119,Skill
300118,MasteryLevel118,264300,117,118,300001,300119,Mastery
200119,SkillLevel119,276100,118,119,200001,200120,Skill
300119,MasteryLevel119,276200,118,119,300001,300120,Mastery
200120,SkillLevel120,288000,119,120,200001,200121,Skill
300120,MasteryLevel120,288100,119,120,300001,300121,Mastery
200121,SkillLevel121,304900,120,121,200001,200122,Skill
300121,MasteryLevel121,305000,120,121,300001,300122,Mastery
200122,SkillLevel122,321800,121,122,200001,200123,Skill
300122,MasteryLevel122,321900,121,122,300001,300123,Mastery
200123,SkillLevel123,338700,122,123,200001,200124,Skill
300123,MasteryLevel123,338800,122,123,300001,300124,Mastery
200124,SkillLevel124,355600,123,124,200001,200125,Skill
300124,MasteryLevel124,355700,123,124,300001,300125,Mastery
200125,SkillLevel125,372500,124,125,200001,200126,Skill
300125,MasteryLevel125,372600,124,125,300001,300126,Mastery
200126,SkillLevel126,389400,125,126,200001,200127,Skill
300126,MasteryLevel126,389500,125,126,300001,300127,Mastery
200127,SkillLevel127,406300,126,127,200001,200128,Skill
300127,MasteryLevel127,406400,126,127,300001,300128,Mastery
200128,SkillLevel128,423200,127,128,200001,200129,Skill
300128,MasteryLevel128,423300,127,128,300001,300129,Mastery
200129,SkillLevel129,440100,128,129,200001,200130,Skill
300129,MasteryLevel129,440200,128,129,300001,300130,Mastery
200130,SkillLevel130,457000,129,130,200001,200131,Skill
300130,MasteryLevel130,457100,129,130,300001,300131,Mastery
200131,SkillLevel131,478900,130,131,200001,200132,Skill
300131,MasteryLevel131,479000,130,131,300001,300132,Mastery
200132,SkillLevel132,500800,131,132,200001,200133,Skill
300132,MasteryLevel132,500900,131,132,300001,300133,Mastery
200133,SkillLevel133,522700,132,133,200001,200134,Skill
300133,MasteryLevel133,522800,132,133,300001,300134,Mastery
200134,SkillLevel134,544600,133,134,200001,200135,Skill
300134,MasteryLevel134,544700,133,134,300001,300135,Mastery
200135,SkillLevel135,566500,134,135,200001,200136,Skill
300135,MasteryLevel135,566600,134,135,300001,300136,Mastery
200136,SkillLevel136,588400,135,136,200001,200137,Skill
300136,MasteryLevel136,588500,135,136,300001,300137,Mastery
200137,SkillLevel137,610300,136,137,200001,200138,Skill
300137,MasteryLevel137,610400,136,137,300001,300138,Mastery
200138,SkillLevel138,632200,137,138,200001,200139,Skill
300138,MasteryLevel138,632300,137,138,300001,300139,Mastery
200139,SkillLevel139,654100,138,139,200001,200140,Skill
300139,MasteryLevel139,654200,138,139,300001,300140,Mastery
200140,SkillLevel140,676000,139,140,200001,200141,Skill
300140,MasteryLevel140,676100,139,140,300001,300141,Mastery
200141,SkillLevel141,702900,140,141,200001,200142,Skill
300141,MasteryLevel141,703000,140,141,300001,300142,Mastery
200142,SkillLevel142,729800,141,142,200001,200143,Skill
300142,MasteryLevel142,729900,141,142,300001,300143,Mastery
200143,SkillLevel143,756700,142,143,200001,200144,Skill
300143,MasteryLevel143,756800,142,143,300001,300144,Mastery
200144,SkillLevel144,783600,143,144,200001,200145,Skill
300144,MasteryLevel144,783700,143,144,300001,300145,Mastery
200145,SkillLevel145,810500,144,145,200001,200146,Skill
300145,MasteryLevel145,810600,144,145,300001,300146,Mastery
200146,SkillLevel146,837400,145,146,200001,200147,Skill
300146,MasteryLevel146,837500,145,146,300001,300147,Mastery
200147,SkillLevel147,864300,146,147,200001,200148,Skill
300147,MasteryLevel147,864400,146,147,300001,300148,Mastery
200148,SkillLevel148,891200,147,148,200001,200149,Skill
300148,MasteryLevel148,891300,147,148,300001,300149,Mastery
200149,SkillLevel149,918100,148,149,200001,200150,Skill
300149,MasteryLevel149,918200,148,149,300001,300150,Mastery
200150,SkillLevel150,945000,149,150,200001,200151,Skill
300150,MasteryLevel150,945100,149,150,300001,300151,Mastery
200151,SkillLevel151,976900,150,151,200001,200152,Skill
300151,MasteryLevel151,977000,150,151,300001,300152,Mastery
200152,SkillLevel152,1008800,151,152,200001,200153,Skill
300152,MasteryLevel152,1008900,151,152,300001,300153,Mastery
200153,SkillLevel153,1040700,152,153,200001,200154,Skill
300153,MasteryLevel153,1040800,152,153,300001,300154,Mastery
200154,SkillLevel154,1072600,153,154,200001,200155,Skill
300154,MasteryLevel154,1072700,153,154,300001,300155,Mastery
200155,SkillLevel155,1104500,154,155,200001,200156,Skill
300155,MasteryLevel155,1104600,154,155,300001,300156,Mastery
200156,SkillLevel156,1136400,155,156,200001,200157,Skill
300156,MasteryLevel156,1136500,155,156,300001,300157,Mastery
200157,SkillLevel157,1168300,156,157,200001,200158,Skill
300157,MasteryLevel157,1168400,156,157,300001,300158,Mastery
200158,SkillLevel158,1200200,157,158,200001,200159,Skill
300158,MasteryLevel158,1200300,157,158,300001,300159,Mastery
200159,SkillLevel159,1232100,158,159,200001,200160,Skill
300159,MasteryLevel159,1232200,158,159,300001,300160,Mastery
200160,SkillLevel160,1264000,159,160,200001,200161,Skill
300160,MasteryLevel160,1264100,159,160,300001,300161,Mastery
200161,SkillLevel161,1300900,160,161,200001,200162,Skill
300161,MasteryLevel161,1301000,160,161,300001,300162,Mastery
200162,SkillLevel162,1337800,161,162,200001,200163,Skill
300162,MasteryLevel162,1337900,161,162,300001,300163,Mastery
200163,SkillLevel163,1374700,162,163,200001,200164,Skill
300163,MasteryLevel163,1374800,162,163,300001,300164,Mastery
200164,SkillLevel164,1411600,163,164,200001,200165,Skill
300164,MasteryLevel164,1411700,163,164,300001,300165,Mastery
200165,SkillLevel165,1448500,164,165,200001,200166,Skill
300165,MasteryLevel165,1448600,164,165,300001,300166,Mastery
200166,SkillLevel166,1485400,165,166,200001,200167,Skill
300166,MasteryLevel166,1485500,165,166,300001,300167,Mastery
200167,SkillLevel167,1522300,166,167,200001,200168,Skill
300167,MasteryLevel167,1522400,166,167,300001,300168,Mastery
200168,SkillLevel168,1559200,167,168,200001,200169,Skill
300168,MasteryLevel168,1559300,167,168,300001,300169,Mastery
200169,SkillLevel169,1596100,168,169,200001,200170,Skill
300169,MasteryLevel169,1596200,168,169,300001,300170,Mastery
200170,SkillLevel170,1633000,169,170,200001,200171,Skill
300170,MasteryLevel170,1633100,169,170,300001,300171,Mastery
200171,SkillLevel171,1674900,170,171,200001,200172,Skill
300171,MasteryLevel171,1675000,170,171,300001,300172,Mastery
200172,SkillLevel172,1716800,171,172,200001,200173,Skill
300172,MasteryLevel172,1716900,171,172,300001,300173,Mastery
200173,SkillLevel173,1758700,172,173,200001,200174,Skill
300173,MasteryLevel173,1758800,172,173,300001,300174,Mastery
200174,SkillLevel174,1800600,173,174,200001,200175,Skill
300174,MasteryLevel174,1800700,173,174,300001,300175,Mastery
200175,SkillLevel175,1842500,174,175,200001,200176,Skill
300175,MasteryLevel175,1842600,174,175,300001,300176,Mastery
200176,SkillLevel176,1884400,175,176,200001,200177,Skill
300176,MasteryLevel176,1884500,175,176,300001,300177,Mastery
200177,SkillLevel177,1926300,176,177,200001,200178,Skill
300177,MasteryLevel177,1926400,176,177,300001,300178,Mastery
200178,SkillLevel178,1968200,177,178,200001,200179,Skill
300178,MasteryLevel178,1968300,177,178,300001,300179,Mastery
200179,SkillLevel179,2010100,178,179,200001,200180,Skill
300179,MasteryLevel179,2010200,178,179,300001,300180,Mastery
200180,SkillLevel180,2052000,179,180,200001,200181,Skill
300180,MasteryLevel180,2052100,179,180,300001,300181,Mastery
200181,SkillLevel181,2098900,180,181,200001,200182,Skill
300181,MasteryLevel181,2099000,180,181,300001,300182,Mastery
200182,SkillLevel182,2145800,181,182,200001,200183,Skill
300182,MasteryLevel182,2145900,181,182,300001,300183,Mastery
200183,SkillLevel183,2192700,182,183,200001,200184,Skill
300183,MasteryLevel183,2192800,182,183,300001,300184,Mastery
200184,SkillLevel184,2239600,183,184,200001,200185,Skill
300184,MasteryLevel184,2239700,183,184,300001,300185,Mastery
200185,SkillLevel185,2286500,184,185,200001,200186,Skill
300185,MasteryLevel185,2286600,184,185,300001,300186,Mastery
200186,SkillLevel186,2333400,185,186,200001,200187,Skill
300186,MasteryLevel186,2333500,185,186,300001,300187,Mastery
200187,SkillLevel187,2380300,186,187,200001,200188,Skill
300187,MasteryLevel187,2380400,186,187,300001,300188,Mastery
200188,SkillLevel188,2427200,187,188,200001,200189,Skill
300188,MasteryLevel188,2427300,187,188,300001,300189,Mastery
200189,SkillLevel189,2474100,188,189,200001,200190,Skill
300189,MasteryLevel189,2474200,188,189,300001,300190,Mastery
200190,SkillLevel190,2521000,189,190,200001,200191,Skill
300190,MasteryLevel190,2521100,189,190,300001,300191,Mastery
200191,SkillLevel191,2572900,190,191,200001,200192,Skill
300191,MasteryLevel191,2573000,190,191,300001,300192,Mastery
200192,SkillLevel192,2624800,191,192,200001,200193,Skill
300192,MasteryLevel192,2624900,191,192,300001,300193,Mastery
200193,SkillLevel193,2676700,192,193,200001,200194,Skill
300193,MasteryLevel193,2676800,192,193,300001,300194,Mastery
200194,SkillLevel194,2728600,193,194,200001,200195,Skill
300194,MasteryLevel194,2728700,193,194,300001,300195,Mastery
200195,SkillLevel195,2780500,194,195,200001,200196,Skill
300195,MasteryLevel195,2780600,194,195,300001,300196,Mastery
200196,SkillLevel196,2832400,195,196,200001,200197,Skill
300196,MasteryLevel196,2832500,195,196,300001,300197,Mastery
200197,SkillLevel197,2884300,196,197,200001,200198,Skill
300197,MasteryLevel197,2884400,196,197,300001,300198,Mastery
200198,SkillLevel198,2936200,197,198,200001,200199,Skill
300198,MasteryLevel198,2936300,197,198,300001,300199,Mastery
200199,SkillLevel199,2988100,198,199,200001,200200,Skill
300199,MasteryLevel199,2988200,198,199,300001,300200,Mastery
200200,SkillLevel200,3040000,199,200,200001,200201,Skill
300200,MasteryLevel200,3040100,199,200,300001,300201,Mastery
200201,SkillLevel201,3096900,200,201,200001,200202,Skill
300201,MasteryLevel201,3097000,200,201,300001,300202,Mastery
200202,SkillLevel202,3153800,201,202,200001,200203,Skill
300202,MasteryLevel202,3153900,201,202,300001,300203,Mastery
200203,SkillLevel203,3210700,202,203,200001,200204,Skill
300203,MasteryLevel203,3210800,202,203,300001,300204,Mastery
200204,SkillLevel204,3267600,203,204,200001,200205,Skill
300204,MasteryLevel204,3267700,203,204,300001,300205,Mastery
200205,SkillLevel205,3324500,204,205,200001,200206,Skill
300205,MasteryLevel205,3324600,204,205,300001,300206,Mastery
200206,SkillLevel206,3381400,205,206,200001,200207,Skill
300206,MasteryLevel206,3381500,205,206,300001,300207,Mastery
200207,SkillLevel207,3438300,206,207,200001,200208,Skill
300207,MasteryLevel207,3438400,206,207,300001,300208,Mastery
200208,SkillLevel208,3495200,207,208,200001,200209,Skill
300208,MasteryLevel208,3495300,207,208,300001,300209,Mastery
200209,SkillLevel209,3552100,208,209,200001,200210,Skill
300209,MasteryLevel209,3552200,208,209,300001,300210,Mastery
200210,SkillLevel210,3609000,209,210,200001,200211,Skill
300210,MasteryLevel210,3609100,209,210,300001,300211,Mastery
200211,SkillLevel211,3670900,210,211,200001,200212,Skill
300211,MasteryLevel211,3671000,210,211,300001,300212,Mastery
200212,SkillLevel212,3732800,211,212,200001,200213,Skill
300212,MasteryLevel212,3732900,211,212,300001,300213,Mastery
200213,SkillLevel213,3794700,212,213,200001,200214,Skill
300213,MasteryLevel213,3794800,212,213,300001,300214,Mastery
200214,SkillLevel214,3856600,213,214,200001,200215,Skill
300214,MasteryLevel214,3856700,213,214,300001,300215,Mastery
200215,SkillLevel215,3918500,214,215,200001,200216,Skill
300215,MasteryLevel215,3918600,214,215,300001,300216,Mastery
200216,SkillLevel216,3980400,215,216,200001,200217,Skill
300216,MasteryLevel216,3980500,215,216,300001,300217,Mastery
200217,SkillLevel217,4042300,216,217,200001,200218,Skill
300217,MasteryLevel217,4042400,216,217,300001,300218,Mastery
200218,SkillLevel218,4104200,217,218,200001,200219,Skill
300218,MasteryLevel218,4104300,217,218,300001,300219,Mastery
200219,SkillLevel219,4166100,218,219,200001,200220,Skill
300219,MasteryLevel219,4166200,218,219,300001,300220,Mastery
200220,SkillLevel220,4228000,219,220,200001,200221,Skill
300220,MasteryLevel220,4228100,219,220,300001,300221,Mastery
200221,SkillLevel221,4294900,220,221,200001,200222,Skill
300221,MasteryLevel221,4295000,220,221,300001,300222,Mastery
200222,SkillLevel222,4361800,221,222,200001,200223,Skill
300222,MasteryLevel222,4361900,221,222,300001,300223,Mastery
200223,SkillLevel223,4428700,222,223,200001,200224,Skill
300223,MasteryLevel223,4428800,222,223,300001,300224,Mastery
200224,SkillLevel224,4495600,223,224,200001,200225,Skill
300224,MasteryLevel224,4495700,223,224,300001,300225,Mastery
200225,SkillLevel225,4562500,224,225,200001,200226,Skill
300225,MasteryLevel225,4562600,224,225,300001,300226,Mastery
200226,SkillLevel226,4629400,225,226,200001,200227,Skill
300226,MasteryLevel226,4629500,225,226,300001,300227,Mastery
200227,SkillLevel227,4696300,226,227,200001,200228,Skill
300227,MasteryLevel227,4696400,226,227,300001,300228,Mastery
200228,SkillLevel228,4763200,227,228,200001,200229,Skill
300228,MasteryLevel228,4763300,227,228,300001,300229,Mastery
200229,SkillLevel229,4830100,228,229,200001,200230,Skill
300229,MasteryLevel229,4830200,228,229,300001,300230,Mastery
200230,SkillLevel230,4897000,229,230,200001,200231,Skill
300230,MasteryLevel230,4897100,229,230,300001,300231,Mastery
200231,SkillLevel231,4968900,230,231,200001,200232,Skill
300231,MasteryLevel231,4969000,230,231,300001,300232,Mastery
200232,SkillLevel232,5040800,231,232,200001,200233,Skill
300232,MasteryLevel232,5040900,231,232,300001,300233,Mastery
200233,SkillLevel233,5112700,232,233,200001,200234,Skill
300233,MasteryLevel233,5112800,232,233,300001,300234,Mastery
200234,SkillLevel234,5184600,233,234,200001,200235,Skill
300234,MasteryLevel234,5184700,233,234,300001,300235,Mastery
200235,SkillLevel235,5256500,234,235,200001,200236,Skill
300235,MasteryLevel235,5256600,234,235,300001,300236,Mastery
200236,SkillLevel236,5328400,235,236,200001,200237,Skill
300236,MasteryLevel236,5328500,235,236,300001,300237,Mastery
200237,SkillLevel237,5400300,236,237,200001,200238,Skill
300237,MasteryLevel237,5400400,236,237,300001,300238,Mastery
200238,SkillLevel238,5472200,237,238,200001,200239,Skill
300238,MasteryLevel238,5472300,237,238,300001,300239,Mastery
200239,SkillLevel239,5544100,238,239,200001,200240,Skill
300239,MasteryLevel239,5544200,238,239,300001,300240,Mastery
200240,SkillLevel240,5616000,239,240,200001,200241,Skill
300240,MasteryLevel240,5616100,239,240,300001,300241,Mastery
200241,SkillLevel241,5692900,240,241,200001,200242,Skill
300241,MasteryLevel241,5693000,240,241,300001,300242,Mastery
200242,SkillLevel242,5769800,241,242,200001,200243,Skill
300242,MasteryLevel242,5769900,241,242,300001,300243,Mastery
200243,SkillLevel243,5846700,242,243,200001,200244,Skill
300243,MasteryLevel243,5846800,242,243,300001,300244,Mastery
200244,SkillLevel244,5923600,243,244,200001,200245,Skill
300244,MasteryLevel244,5923700,243,244,300001,300245,Mastery
200245,SkillLevel245,6000500,244,245,200001,200246,Skill
300245,MasteryLevel245,6000600,244,245,300001,300246,Mastery
200246,SkillLevel246,6077400,245,246,200001,200247,Skill
300246,MasteryLevel246,6077500,245,246,300001,300247,Mastery
200247,SkillLevel247,6154300,246,247,200001,200248,Skill
300247,MasteryLevel247,6154400,246,247,300001,300248,Mastery
200248,SkillLevel248,6231200,247,248,200001,200249,Skill
300248,MasteryLevel248,6231300,247,248,300001,300249,Mastery
200249,SkillLevel249,6308100,248,249,200001,200250,Skill
300249,MasteryLevel249,6308200,248,249,300001,300250,Mastery
200250,SkillLevel250,6385000,249,250,200001,200251,Skill
300250,MasteryLevel250,6385100,249,250,300001,300251,Mastery
200251,SkillLevel251,6466900,250,251,200001,200252,Skill
300251,MasteryLevel251,6467000,250,251,300001,300252,Mastery
200252,SkillLevel252,6548800,251,252,200001,200253,Skill
300252,MasteryLevel252,6548900,251,252,300001,300253,Mastery
200253,SkillLevel253,6630700,252,253,200001,200254,Skill
300253,MasteryLevel253,6630800,252,253,300001,300254,Mastery
200254,SkillLevel254,6712600,253,254,200001,200255,Skill
300254,MasteryLevel254,6712700,253,254,300001,300255,Mastery
200255,SkillLevel255,6794500,254,255,200001,200256,Skill
300255,MasteryLevel255,6794600,254,255,300001,300256,Mastery
200256,SkillLevel256,6876400,255,256,200001,200257,Skill
300256,MasteryLevel256,6876500,255,256,300001,300257,Mastery
200257,SkillLevel257,6958300,256,257,200001,200258,Skill
300257,MasteryLevel257,6958400,256,257,300001,300258,Mastery
200258,SkillLevel258,7040200,257,258,200001,200259,Skill
300258,MasteryLevel258,7040300,257,258,300001,300259,Mastery
200259,SkillLevel259,7122100,258,259,200001,200260,Skill
300259,MasteryLevel259,7122200,258,259,300001,300260,Mastery
200260,SkillLevel260,7204000,259,260,200001,200261,Skill
300260,MasteryLevel260,7204100,259,260,300001,300261,Mastery
200261,SkillLevel261,7290900,260,261,200001,200262,Skill
300261,MasteryLevel261,7291000,260,261,300001,300262,Mastery
200262,SkillLevel262,7377800,261,262,200001,200263,Skill
300262,MasteryLevel262,7377900,261,262,300001,300263,Mastery
200263,SkillLevel263,7464700,262,263,200001,200264,Skill
300263,MasteryLevel263,7464800,262,263,300001,300264,Mastery
200264,SkillLevel264,7551600,263,264,200001,200265,Skill
300264,MasteryLevel264,7551700,263,264,300001,300265,Mastery
200265,SkillLevel265,7638500,264,265,200001,200266,Skill
300265,MasteryLevel265,7638600,264,265,300001,300266,Mastery
200266,SkillLevel266,7725400,265,266,200001,200267,Skill
300266,MasteryLevel266,7725500,265,266,300001,300267,Mastery
200267,SkillLevel267,7812300,266,267,200001,200268,Skill
300267,MasteryLevel267,7812400,266,267,300001,300268,Mastery
200268,SkillLevel268,7899200,267,268,200001,200269,Skill
300268,MasteryLevel268,7899300,267,268,300001,300269,Mastery
200269,SkillLevel269,7986100,268,269,200001,200270,Skill
300269,MasteryLevel269,7986200,268,269,300001,300270,Mastery
200270,SkillLevel270,8073000,269,270,200001,200271,Skill
300270,MasteryLevel270,8073100,269,270,300001,300271,Mastery
200271,SkillLevel271,8164900,270,271,200001,200272,Skill
300271,MasteryLevel271,8165000,270,271,300001,300272,Mastery
200272,SkillLevel272,8256800,271,272,200001,200273,Skill
300272,MasteryLevel272,8256900,271,272,300001,300273,Mastery
200273,SkillLevel273,8348700,272,273,200001,200274,Skill
300273,MasteryLevel273,8348800,272,273,300001,300274,Mastery
200274,SkillLevel274,8440600,273,274,200001,200275,Skill
300274,MasteryLevel274,8440700,273,274,300001,300275,Mastery
200275,SkillLevel275,8532500,274,275,200001,200276,Skill
300275,MasteryLevel275,8532600,274,275,300001,300276,Mastery
200276,SkillLevel276,8624400,275,276,200001,200277,Skill
300276,MasteryLevel276,8624500,275,276,300001,300277,Mastery
200277,SkillLevel277,8716300,276,277,200001,200278,Skill
300277,MasteryLevel277,8716400,276,277,300001,300278,Mastery
200278,SkillLevel278,8808200,277,278,200001,200279,Skill
300278,MasteryLevel278,8808300,277,278,300001,300279,Mastery
200279,SkillLevel279,8900100,278,279,200001,200280,Skill
300279,MasteryLevel279,8900200,278,279,300001,300280,Mastery
200280,SkillLevel280,8992000,279,280,200001,200281,Skill
300280,MasteryLevel280,8992100,279,280,300001,300281,Mastery
200281,SkillLevel281,9088900,280,281,200001,200282,Skill
300281,MasteryLevel281,9089000,280,281,300001,300282,Mastery
200282,SkillLevel282,9185800,281,282,200001,200283,Skill
300282,MasteryLevel282,9185900,281,282,300001,300283,Mastery
200283,SkillLevel283,9282700,282,283,200001,200284,Skill
300283,MasteryLevel283,9282800,282,283,300001,300284,Mastery
200284,SkillLevel284,9379600,283,284,200001,200285,Skill
300284,MasteryLevel284,9379700,283,284,300001,300285,Mastery
200285,SkillLevel285,9476500,284,285,200001,200286,Skill
300285,MasteryLevel285,9476600,284,285,300001,300286,Mastery
200286,SkillLevel286,9573400,285,286,200001,200287,Skill
300286,MasteryLevel286,9573500,285,286,300001,300287,Mastery
200287,SkillLevel287,9670300,286,287,200001,200288,Skill
300287,MasteryLevel287,9670400,286,287,300001,300288,Mastery
200288,SkillLevel288,9767200,287,288,200001,200289,Skill
300288,MasteryLevel288,9767300,287,288,300001,300289,Mastery
200289,SkillLevel289,9864100,288,289,200001,200290,Skill
300289,MasteryLevel289,9864200,288,289,300001,300290,Mastery
200290,SkillLevel290,9961000,289,290,200001,200291,Skill
300290,MasteryLevel290,9961100,289,290,300001,300291,Mastery
200291,SkillLevel291,10062900,290,291,200001,200292,Skill
300291,MasteryLevel291,10063000,290,291,300001,300292,Mastery
200292,SkillLevel292,10164800,291,292,200001,200293,Skill
300292,MasteryLevel292,10164900,291,292,300001,300293,Mastery
200293,SkillLevel293,10266700,292,293,200001,200294,Skill
300293,MasteryLevel293,10266800,292,293,300001,300294,Mastery
200294,SkillLevel294,10368600,293,294,200001,200295,Skill
300294,MasteryLevel294,10368700,293,294,300001,300295,Mastery
200295,SkillLevel295,10470500,294,295,200001,200296,Skill
300295,MasteryLevel295,10470600,294,295,300001,300296,Mastery
200296,SkillLevel296,10572400,295,296,200001,200297,Skill
300296,MasteryLevel296,10572500,295,296,300001,300297,Mastery
200297,SkillLevel297,10674300,296,297,200001,200298,Skill
300297,MasteryLevel297,10674400,296,297,300001,300298,Mastery
200298,SkillLevel298,10776200,297,298,200001,200299,Skill
300298,MasteryLevel298,10776300,297,298,300001,300299,Mastery
200299,SkillLevel299,10878100,298,299,200001,200300,Skill
300299,MasteryLevel299,10878200,298,299,300001,300300,Mastery
200300,SkillLevel300,10980000,299,300,200001,200301,Skill
300300,MasteryLevel300,10980100,299,300,300001,300301,Mastery
200301,SkillLevel301,11101900,300,301,200001,200302,Skill
300301,MasteryLevel301,11102000,300,301,300001,300302,Mastery
200302,SkillLevel302,11223800,301,302,200001,200303,Skill
300302,MasteryLevel302,11223900,301,302,300001,300303,Mastery
200303,SkillLevel303,11345700,302,303,200001,200304,Skill
300303,MasteryLevel303,11345800,302,303,300001,300304,Mastery
200304,SkillLevel304,11467600,303,304,200001,200305,Skill
300304,MasteryLevel304,11467700,303,304,300001,300305,Mastery
200305,SkillLevel305,11589500,304,305,200001,200306,Skill
300305,MasteryLevel305,11589600,304,305,300001,300306,Mastery
200306,SkillLevel306,11711400,305,306,200001,200307,Skill
300306,MasteryLevel306,11711500,305,306,300001,300307,Mastery
200307,SkillLevel307,11833300,306,307,200001,200308,Skill
300307,MasteryLevel307,11833400,306,307,300001,300308,Mastery
200308,SkillLevel308,11955200,307,308,200001,200309,Skill
300308,MasteryLevel308,11955300,307,308,300001,300309,Mastery
200309,SkillLevel309,12077100,308,309,200001,200310,Skill
300309,MasteryLevel309,12077200,308,309,300001,300310,Mastery
200310,SkillLevel310,12199000,309,310,200001,200311,Skill
300310,MasteryLevel310,12199100,309,310,300001,300311,Mastery
200311,SkillLevel311,12340900,310,311,200001,200312,Skill
300311,MasteryLevel311,12341000,310,311,300001,300312,Mastery
200312,SkillLevel312,12482800,311,312,200001,200313,Skill
300312,MasteryLevel312,12482900,311,312,300001,300313,Mastery
200313,SkillLevel313,12624700,312,313,200001,200314,Skill
300313,MasteryLevel313,12624800,312,313,300001,300314,Mastery
200314,SkillLevel314,12766600,313,314,200001,200315,Skill
300314,MasteryLevel314,12766700,313,314,300001,300315,Mastery
200315,SkillLevel315,12908500,314,315,200001,200316,Skill
300315,MasteryLevel315,12908600,314,315,300001,300316,Mastery
200316,SkillLevel316,13050400,315,316,200001,200317,Skill
300316,MasteryLevel316,13050500,315,316,300001,300317,Mastery
200317,SkillLevel317,13192300,316,317,200001,200318,Skill
300317,MasteryLevel317,13192400,316,317,300001,300318,Mastery
200318,SkillLevel318,13334200,317,318,200001,200319,Skill
300318,MasteryLevel318,13334300,317,318,300001,300319,Mastery
200319,SkillLevel319,13476100,318,319,200001,200320,Skill
300319,MasteryLevel319,13476200,318,319,300001,300320,Mastery
200320,SkillLevel320,13618000,319,320,200001,200321,Skill
300320,MasteryLevel320,13618100,319,320,300001,300321,Mastery
200321,SkillLevel321,13779900,320,321,200001,200322,Skill
300321,MasteryLevel321,13780000,320,321,300001,300322,Mastery
200322,SkillLevel322,13941800,321,322,200001,200323,Skill
300322,MasteryLevel322,13941900,321,322,300001,300323,Mastery
200323,SkillLevel323,14103700,322,323,200001,200324,Skill
300323,MasteryLevel323,14103800,322,323,300001,300324,Mastery
200324,SkillLevel324,14265600,323,324,200001,200325,Skill
300324,MasteryLevel324,14265700,323,324,300001,300325,Mastery
200325,SkillLevel325,14427500,324,325,200001,200326,Skill
300325,MasteryLevel325,14427600,324,325,300001,300326,Mastery
200326,SkillLevel326,14589400,325,326,200001,200327,Skill
300326,MasteryLevel326,14589500,325,326,300001,300327,Mastery
200327,SkillLevel327,14751300,326,327,200001,200328,Skill
300327,MasteryLevel327,14751400,326,327,300001,300328,Mastery
200328,SkillLevel328,14913200,327,328,200001,200329,Skill
300328,MasteryLevel328,14913300,327,328,300001,300329,Mastery
200329,SkillLevel329,15075100,328,329,200001,200330,Skill
300329,MasteryLevel329,15075200,328,329,300001,300330,Mastery
200330,SkillLevel330,15237000,329,330,200001,200331,Skill
300330,MasteryLevel330,15237100,329,330,300001,300331,Mastery
200331,SkillLevel331,15418900,330,331,200001,200332,Skill
300331,MasteryLevel331,15419000,330,331,300001,300332,Mastery
200332,SkillLevel332,15600800,331,332,200001,200333,Skill
300332,MasteryLevel332,15600900,331,332,300001,300333,Mastery
200333,SkillLevel333,15782700,332,333,200001,200334,Skill
300333,MasteryLevel333,15782800,332,333,300001,300334,Mastery
200334,SkillLevel334,15964600,333,334,200001,200335,Skill
300334,MasteryLevel334,15964700,333,334,300001,300335,Mastery
200335,SkillLevel335,16146500,334,335,200001,200336,Skill
300335,MasteryLevel335,16146600,334,335,300001,300336,Mastery
200336,SkillLevel336,16328400,335,336,200001,200337,Skill
300336,MasteryLevel336,16328500,335,336,300001,300337,Mastery
200337,SkillLevel337,16510300,336,337,200001,200338,Skill
300337,MasteryLevel337,16510400,336,337,300001,300338,Mastery
200338,SkillLevel338,16692200,337,338,200001,200339,Skill
300338,MasteryLevel338,16692300,337,338,300001,300339,Mastery
200339,SkillLevel339,16874100,338,339,200001,200340,Skill
300339,MasteryLevel339,16874200,338,339,300001,300340,Mastery
200340,SkillLevel340,17056000,339,340,200001,200341,Skill
300340,MasteryLevel340,17056100,339,340,300001,300341,Mastery
200341,SkillLevel341,17257900,340,341,200001,200342,Skill
300341,MasteryLevel341,17258000,340,341,300001,300342,Mastery
200342,SkillLevel342,17459800,341,342,200001,200343,Skill
300342,MasteryLevel342,17459900,341,342,300001,300343,Mastery
200343,SkillLevel343,17661700,342,343,200001,200344,Skill
300343,MasteryLevel343,17661800,342,343,300001,300344,Mastery
200344,SkillLevel344,17863600,343,344,200001,200345,Skill
300344,MasteryLevel344,17863700,343,344,300001,300345,Mastery
200345,SkillLevel345,18065500,344,345,200001,200346,Skill
300345,MasteryLevel345,18065600,344,345,300001,300346,Mastery
200346,SkillLevel346,18267400,345,346,200001,200347,Skill
300346,MasteryLevel346,18267500,345,346,300001,300347,Mastery
200347,SkillLevel347,18469300,346,347,200001,200348,Skill
300347,MasteryLevel347,18469400,346,347,300001,300348,Mastery
200348,SkillLevel348,18671200,347,348,200001,200349,Skill
300348,MasteryLevel348,18671300,347,348,300001,300349,Mastery
200349,SkillLevel349,18873100,348,349,200001,200350,Skill
300349,MasteryLevel349,18873200,348,349,300001,300350,Mastery
200350,SkillLevel350,19075000,349,350,200001,200351,Skill
300350,MasteryLevel350,19075100,349,350,300001,300351,Mastery
200351,SkillLevel351,19296900,350,351,200001,200352,Skill
300351,MasteryLevel351,19297000,350,351,300001,300352,Mastery
200352,SkillLevel352,19518800,351,352,200001,200353,Skill
300352,MasteryLevel352,19518900,351,352,300001,300353,Mastery
200353,SkillLevel353,19740700,352,353,200001,200354,Skill
300353,MasteryLevel353,19740800,352,353,300001,300354,Mastery
200354,SkillLevel354,19962600,353,354,200001,200355,Skill
300354,MasteryLevel354,19962700,353,354,300001,300355,Mastery
200355,SkillLevel355,20184500,354,355,200001,200356,Skill
300355,MasteryLevel355,20184600,354,355,300001,300356,Mastery
200356,SkillLevel356,20406400,355,356,200001,200357,Skill
300356,MasteryLevel356,20406500,355,356,300001,300357,Mastery
200357,SkillLevel357,20628300,356,357,200001,200358,Skill
300357,MasteryLevel357,20628400,356,357,300001,300358,Mastery
200358,SkillLevel358,20850200,357,358,200001,200359,Skill
300358,MasteryLevel358,20850300,357,358,300001,300359,Mastery
200359,SkillLevel359,21072100,358,359,200001,200360,Skill
300359,MasteryLevel359,21072200,358,359,300001,300360,Mastery
200360,SkillLevel360,21294000,359,360,200001,200361,Skill
300360,MasteryLevel360,21294100,359,360,300001,300361,Mastery
200361,SkillLevel361,21535900,360,361,200001,200362,Skill
300361,MasteryLevel361,21536000,360,361,300001,300362,Mastery
200362,SkillLevel362,21777800,361,362,200001,200363,Skill
300362,MasteryLevel362,21777900,361,362,300001,300363,Mastery
200363,SkillLevel363,22019700,362,363,200001,200364,Skill
300363,MasteryLevel363,22019800,362,363,300001,300364,Mastery
200364,SkillLevel364,22261600,363,364,200001,200365,Skill
300364,MasteryLevel364,22261700,363,364,300001,300365,Mastery
200365,SkillLevel365,22503500,364,365,200001,200366,Skill
300365,MasteryLevel365,22503600,364,365,300001,300366,Mastery
200366,SkillLevel366,22745400,365,366,200001,200367,Skill
300366,MasteryLevel366,22745500,365,366,300001,300367,Mastery
200367,SkillLevel367,22987300,366,367,200001,200368,Skill
300367,MasteryLevel367,22987400,366,367,300001,300368,Mastery
200368,SkillLevel368,23229200,367,368,200001,200369,Skill
300368,MasteryLevel368,23229300,367,368,300001,300369,Mastery
200369,SkillLevel369,23471100,368,369,200001,200370,Skill
300369,MasteryLevel369,23471200,368,369,300001,300370,Mastery
200370,SkillLevel370,23713000,369,370,200001,200371,Skill
300370,MasteryLevel370,23713100,369,370,300001,300371,Mastery
200371,SkillLevel371,23974900,370,371,200001,200372,Skill
300371,MasteryLevel371,23975000,370,371,300001,300372,Mastery
200372,SkillLevel372,24236800,371,372,200001,200373,Skill
300372,MasteryLevel372,24236900,371,372,300001,300373,Mastery
200373,SkillLevel373,24498700,372,373,200001,200374,Skill
300373,MasteryLevel373,24498800,372,373,300001,300374,Mastery
200374,SkillLevel374,24760600,373,374,200001,200375,Skill
300374,MasteryLevel374,24760700,373,374,300001,300375,Mastery
200375,SkillLevel375,25022500,374,375,200001,200376,Skill
300375,MasteryLevel375,25022600,374,375,300001,300376,Mastery
200376,SkillLevel376,25284400,375,376,200001,200377,Skill
300376,MasteryLevel376,25284500,375,376,300001,300377,Mastery
200377,SkillLevel377,25546300,376,377,200001,200378,Skill
300377,MasteryLevel377,25546400,376,377,300001,300378,Mastery
200378,SkillLevel378,25808200,377,378,200001,200379,Skill
300378,MasteryLevel378,25808300,377,378,300001,300379,Mastery
200379,SkillLevel379,26070100,378,379,200001,200380,Skill
300379,MasteryLevel379,26070200,378,379,300001,300380,Mastery
200380,SkillLevel380,26332000,379,380,200001,200381,Skill
300380,MasteryLevel380,26332100,379,380,300001,300381,Mastery
200381,SkillLevel381,26613900,380,381,200001,200382,Skill
300381,MasteryLevel381,26614000,380,381,300001,300382,Mastery
200382,SkillLevel382,26895800,381,382,200001,200383,Skill
300382,MasteryLevel382,26895900,381,382,300001,300383,Mastery
200383,SkillLevel383,27177700,382,383,200001,200384,Skill
300383,MasteryLevel383,27177800,382,383,300001,300384,Mastery
200384,SkillLevel384,27459600,383,384,200001,200385,Skill
300384,MasteryLevel384,27459700,383,384,300001,300385,Mastery
200385,SkillLevel385,27741500,384,385,200001,200386,Skill
300385,MasteryLevel385,27741600,384,385,300001,300386,Mastery
200386,SkillLevel386,28023400,385,386,200001,200387,Skill
300386,MasteryLevel386,28023500,385,386,300001,300387,Mastery
200387,SkillLevel387,28305300,386,387,200001,200388,Skill
300387,MasteryLevel387,28305400,386,387,300001,300388,Mastery
200388,SkillLevel388,28587200,387,388,200001,200389,Skill
300388,MasteryLevel388,28587300,387,388,300001,300389,Mastery
200389,SkillLevel389,28869100,388,389,200001,200390,Skill
300389,MasteryLevel389,28869200,388,389,300001,300390,Mastery
200390,SkillLevel390,29151000,389,390,200001,200391,Skill
300390,MasteryLevel390,29151100,389,390,300001,300391,Mastery
200391,SkillLevel391,29452900,390,391,200001,200392,Skill
300391,MasteryLevel391,29453000,390,391,300001,300392,Mastery
200392,SkillLevel392,29754800,391,392,200001,200393,Skill
300392,MasteryLevel392,29754900,391,392,300001,300393,Mastery
200393,SkillLevel393,30056700,392,393,200001,200394,Skill
300393,MasteryLevel393,30056800,392,393,300001,300394,Mastery
200394,SkillLevel394,30358600,393,394,200001,200395,Skill
300394,MasteryLevel394,30358700,393,394,300001,300395,Mastery
200395,SkillLevel395,30660500,394,395,200001,200396,Skill
300395,MasteryLevel395,30660600,394,395,300001,300396,Mastery
200396,SkillLevel396,30962400,395,396,200001,200397,Skill
300396,MasteryLevel396,30962500,395,396,300001,300397,Mastery
200397,SkillLevel397,31264300,396,397,200001,200398,Skill
300397,MasteryLevel397,31264400,396,397,300001,300398,Mastery
200398,SkillLevel398,31566200,397,398,200001,200399,Skill
300398,MasteryLevel398,31566300,397,398,300001,300399,Mastery
200399,SkillLevel399,31868100,398,399,200001,200400,Skill
300399,MasteryLevel399,31868200,398,399,300001,300400,Mastery
200400,SkillLevel400,32170000,399,400,200001,200401,Skill
300400,MasteryLevel400,32170100,399,400,300001,300401,Mastery
200401,SkillLevel401,32491900,400,401,200001,200402,Skill
300401,MasteryLevel401,32492000,400,401,300001,300402,Mastery
200402,SkillLevel402,32813800,401,402,200001,200403,Skill
300402,MasteryLevel402,32813900,401,402,300001,300403,Mastery
200403,SkillLevel403,33135700,402,403,200001,200404,Skill
300403,MasteryLevel403,33135800,402,403,300001,300404,Mastery
200404,SkillLevel404,33457600,403,404,200001,200405,Skill
300404,MasteryLevel404,33457700,403,404,300001,300405,Mastery
200405,SkillLevel405,33779500,404,405,200001,200406,Skill
300405,MasteryLevel405,33779600,404,405,300001,300406,Mastery
200406,SkillLevel406,34101400,405,406,200001,200407,Skill
300406,MasteryLevel406,34101500,405,406,300001,300407,Mastery
200407,SkillLevel407,34423300,406,407,200001,200408,Skill
300407,MasteryLevel407,34423400,406,407,300001,300408,Mastery
200408,SkillLevel408,34745200,407,408,200001,200409,Skill
300408,MasteryLevel408,34745300,407,408,300001,300409,Mastery
200409,SkillLevel409,35067100,408,409,200001,200410,Skill
300409,MasteryLevel409,35067200,408,409,300001,300410,Mastery
200410,SkillLevel410,35389000,409,410,200001,200411,Skill
300410,MasteryLevel410,35389100,409,410,300001,300411,Mastery
200411,SkillLevel411,35730900,410,411,200001,200412,Skill
300411,MasteryLevel411,35731000,410,411,300001,300412,Mastery
200412,SkillLevel412,36072800,411,412,200001,200413,Skill
300412,MasteryLevel412,36072900,411,412,300001,300413,Mastery
200413,SkillLevel413,36414700,412,413,200001,200414,Skill
300413,MasteryLevel413,36414800,412,413,300001,300414,Mastery
200414,SkillLevel414,36756600,413,414,200001,200415,Skill
300414,MasteryLevel414,36756700,413,414,300001,300415,Mastery
200415,SkillLevel415,37098500,414,415,200001,200416,Skill
300415,MasteryLevel415,37098600,414,415,300001,300416,Mastery
200416,SkillLevel416,37440400,415,416,200001,200417,Skill
300416,MasteryLevel416,37440500,415,416,300001,300417,Mastery
200417,SkillLevel417,37782300,416,417,200001,200418,Skill
300417,MasteryLevel417,37782400,416,417,300001,300418,Mastery
200418,SkillLevel418,38124200,417,418,200001,200419,Skill
300418,MasteryLevel418,38124300,417,418,300001,300419,Mastery
200419,SkillLevel419,38466100,418,419,200001,200420,Skill
300419,MasteryLevel419,38466200,418,419,300001,300420,Mastery
200420,SkillLevel420,38808000,419,420,200001,200421,Skill
300420,MasteryLevel420,38808100,419,420,300001,300421,Mastery
200421,SkillLevel421,39169900,420,421,200001,200422,Skill
300421,MasteryLevel421,39170000,420,421,300001,300422,Mastery
200422,SkillLevel422,39531800,421,422,200001,200423,Skill
300422,MasteryLevel422,39531900,421,422,300001,300423,Mastery
200423,SkillLevel423,39893700,422,423,200001,200424,Skill
300423,MasteryLevel423,39893800,422,423,300001,300424,Mastery
200424,SkillLevel424,40255600,423,424,200001,200425,Skill
300424,MasteryLevel424,40255700,423,424,300001,300425,Mastery
200425,SkillLevel425,40617500,424,425,200001,200426,Skill
300425,MasteryLevel425,40617600,424,425,300001,300426,Mastery
200426,SkillLevel426,40979400,425,426,200001,200427,Skill
300426,MasteryLevel426,40979500,425,426,300001,300427,Mastery
200427,SkillLevel427,41341300,426,427,200001,200428,Skill
300427,MasteryLevel427,41341400,426,427,300001,300428,Mastery
200428,SkillLevel428,41703200,427,428,200001,200429,Skill
300428,MasteryLevel428,41703300,427,428,300001,300429,Mastery
200429,SkillLevel429,42065100,428,429,200001,200430,Skill
300429,MasteryLevel429,42065200,428,429,300001,300430,Mastery
200430,SkillLevel430,42427000,429,430,200001,200431,Skill
300430,MasteryLevel430,42427100,429,430,300001,300431,Mastery
200431,SkillLevel431,42808900,430,431,200001,200432,Skill
300431,MasteryLevel431,42809000,430,431,300001,300432,Mastery
200432,SkillLevel432,43190800,431,432,200001,200433,Skill
300432,MasteryLevel432,43190900,431,432,300001,300433,Mastery
200433,SkillLevel433,43572700,432,433,200001,200434,Skill
300433,MasteryLevel433,43572800,432,433,300001,300434,Mastery
200434,SkillLevel434,43954600,433,434,200001,200435,Skill
300434,MasteryLevel434,43954700,433,434,300001,300435,Mastery
200435,SkillLevel435,44336500,434,435,200001,200436,Skill
300435,MasteryLevel435,44336600,434,435,300001,300436,Mastery
200436,SkillLevel436,44718400,435,436,200001,200437,Skill
300436,MasteryLevel436,44718500,435,436,300001,300437,Mastery
200437,SkillLevel437,45100300,436,437,200001,200438,Skill
300437,MasteryLevel437,45100400,436,437,300001,300438,Mastery
200438,SkillLevel438,45482200,437,438,200001,200439,Skill
300438,MasteryLevel438,45482300,437,438,300001,300439,Mastery
200439,SkillLevel439,45864100,438,439,200001,200440,Skill
300439,MasteryLevel439,45864200,438,439,300001,300440,Mastery
200440,SkillLevel440,46246000,439,440,200001,200441,Skill
300440,MasteryLevel440,46246100,439,440,300001,300441,Mastery
200441,SkillLevel441,46647900,440,441,200001,200442,Skill
300441,MasteryLevel441,46648000,440,441,300001,300442,Mastery
200442,SkillLevel442,47049800,441,442,200001,200443,Skill
300442,MasteryLevel442,47049900,441,442,300001,300443,Mastery
200443,SkillLevel443,47451700,442,443,200001,200444,Skill
300443,MasteryLevel443,47451800,442,443,300001,300444,Mastery
200444,SkillLevel444,47853600,443,444,200001,200445,Skill
300444,MasteryLevel444,47853700,443,444,300001,300445,Mastery
200445,SkillLevel445,48255500,444,445,200001,200446,Skill
300445,MasteryLevel445,48255600,444,445,300001,300446,Mastery
200446,SkillLevel446,48657400,445,446,200001,200447,Skill
300446,MasteryLevel446,48657500,445,446,300001,300447,Mastery
200447,SkillLevel447,49059300,446,447,200001,200448,Skill
300447,MasteryLevel447,49059400,446,447,300001,300448,Mastery
200448,SkillLevel448,49461200,447,448,200001,200449,Skill
300448,MasteryLevel448,49461300,447,448,300001,300449,Mastery
200449,SkillLevel449,49863100,448,449,200001,200450,Skill
300449,MasteryLevel449,49863200,448,449,300001,300450,Mastery
200450,SkillLevel450,50265000,449,450,200001,200451,Skill
300450,MasteryLevel450,50265100,449,450,300001,300451,Mastery
200451,SkillLevel451,50686900,450,451,200001,200452,Skill
300451,MasteryLevel451,50687000,450,451,300001,300452,Mastery
200452,SkillLevel452,51108800,451,452,200001,200453,Skill
300452,MasteryLevel452,51108900,451,452,300001,300453,Mastery
200453,SkillLevel453,51530700,452,453,200001,200454,Skill
300453,MasteryLevel453,51530800,452,453,300001,300454,Mastery
200454,SkillLevel454,51952600,453,454,200001,200455,Skill
300454,MasteryLevel454,51952700,453,454,300001,300455,Mastery
200455,SkillLevel455,52374500,454,455,200001,200456,Skill
300455,MasteryLevel455,52374600,454,455,300001,300456,Mastery
200456,SkillLevel456,52796400,455,456,200001,200457,Skill
300456,MasteryLevel456,52796500,455,456,300001,300457,Mastery
200457,SkillLevel457,53218300,456,457,200001,200458,Skill
300457,MasteryLevel457,53218400,456,457,300001,300458,Mastery
200458,SkillLevel458,53640200,457,458,200001,200459,Skill
300458,MasteryLevel458,53640300,457,458,300001,300459,Mastery
200459,SkillLevel459,54062100,458,459,200001,200460,Skill
300459,MasteryLevel459,54062200,458,459,300001,300460,Mastery
200460,SkillLevel460,54484000,459,460,200001,200461,Skill
300460,MasteryLevel460,54484100,459,460,300001,300461,Mastery
200461,SkillLevel461,54925900,460,461,200001,200462,Skill
300461,MasteryLevel461,54926000,460,461,300001,300462,Mastery
200462,SkillLevel462,55367800,461,462,200001,200463,Skill
300462,MasteryLevel462,55367900,461,462,300001,300463,Mastery
200463,SkillLevel463,55809700,462,463,200001,200464,Skill
300463,MasteryLevel463,55809800,462,463,300001,300464,Mastery
200464,SkillLevel464,56251600,463,464,200001,200465,Skill
300464,MasteryLevel464,56251700,463,464,300001,300465,Mastery
200465,SkillLevel465,56693500,464,465,200001,200466,Skill
300465,MasteryLevel465,56693600,464,465,300001,300466,Mastery
200466,SkillLevel466,57135400,465,466,200001,200467,Skill
300466,MasteryLevel466,57135500,465,466,300001,300467,Mastery
200467,SkillLevel467,57577300,466,467,200001,200468,Skill
300467,MasteryLevel467,57577400,466,467,300001,300468,Mastery
200468,SkillLevel468,58019200,467,468,200001,200469,Skill
300468,MasteryLevel468,58019300,467,468,300001,300469,Mastery
200469,SkillLevel469,58461100,468,469,200001,200470,Skill
300469,MasteryLevel469,58461200,468,469,300001,300470,Mastery
200470,SkillLevel470,58903000,469,470,200001,200471,Skill
300470,MasteryLevel470,58903100,469,470,300001,300471,Mastery
200471,SkillLevel471,59364900,470,471,200001,200472,Skill
300471,MasteryLevel471,59365000,470,471,300001,300472,Mastery
200472,SkillLevel472,59826800,471,472,200001,200473,Skill
300472,MasteryLevel472,59826900,471,472,300001,300473,Mastery
200473,SkillLevel473,60288700,472,473,200001,200474,Skill
300473,MasteryLevel473,60288800,472,473,300001,300474,Mastery
200474,SkillLevel474,60750600,473,474,200001,200475,Skill
300474,MasteryLevel474,60750700,473,474,300001,300475,Mastery
200475,SkillLevel475,61212500,474,475,200001,200476,Skill
300475,MasteryLevel475,61212600,474,475,300001,300476,Mastery
200476,SkillLevel476,61674400,475,476,200001,200477,Skill
300476,MasteryLevel476,61674500,475,476,300001,300477,Mastery
200477,SkillLevel477,62136300,476,477,200001,200478,Skill
300477,MasteryLevel477,62136400,476,477,300001,300478,Mastery
200478,SkillLevel478,62598200,477,478,200001,200479,Skill
300478,MasteryLevel478,62598300,477,478,300001,300479,Mastery
200479,SkillLevel479,63060100,478,479,200001,200480,Skill
300479,MasteryLevel479,63060200,478,479,300001,300480,Mastery
200480,SkillLevel480,63522000,479,480,200001,200481,Skill
300480,MasteryLevel480,63522100,479,480,300001,300481,Mastery
200481,SkillLevel481,64003900,480,481,200001,200482,Skill
300481,MasteryLevel481,64004000,480,481,300001,300482,Mastery
200482,SkillLevel482,64485800,481,482,200001,200483,Skill
300482,MasteryLevel482,64485900,481,482,300001,300483,Mastery
200483,SkillLevel483,64967700,482,483,200001,200484,Skill
300483,MasteryLevel483,64967800,482,483,300001,300484,Mastery
200484,SkillLevel484,65449600,483,484,200001,200485,Skill
300484,MasteryLevel484,65449700,483,484,300001,300485,Mastery
200485,SkillLevel485,65931500,484,485,200001,200486,Skill
300485,MasteryLevel485,65931600,484,485,300001,300486,Mastery
200486,SkillLevel486,66413400,485,486,200001,200487,Skill
300486,MasteryLevel486,66413500,485,486,300001,300487,Mastery
200487,SkillLevel487,66895300,486,487,200001,200488,Skill
300487,MasteryLevel487,66895400,486,487,300001,300488,Mastery
200488,SkillLevel488,67377200,487,488,200001,200489,Skill
300488,MasteryLevel488,67377300,487,488,300001,300489,Mastery
200489,SkillLevel489,67859100,488,489,200001,200490,Skill
300489,MasteryLevel489,67859200,488,489,300001,300490,Mastery
200490,SkillLevel490,68341000,489,490,200001,200491,Skill
300490,MasteryLevel490,68341100,489,490,300001,300491,Mastery
200491,SkillLevel491,68842900,490,491,200001,200492,Skill
300491,MasteryLevel491,68843000,490,491,300001,300492,Mastery
200492,SkillLevel492,69344800,491,492,200001,200493,Skill
300492,MasteryLevel492,69344900,491,492,300001,300493,Mastery
200493,SkillLevel493,69846700,492,493,200001,200494,Skill
300493,MasteryLevel493,69846800,492,493,300001,300494,Mastery
200494,SkillLevel494,70348600,493,494,200001,200495,Skill
300494,MasteryLevel494,70348700,493,494,300001,300495,Mastery
200495,SkillLevel495,70850500,494,495,200001,200496,Skill
300495,MasteryLevel495,70850600,494,495,300001,300496,Mastery
200496,SkillLevel496,71352400,495,496,200001,200497,Skill
300496,MasteryLevel496,71352500,495,496,300001,300497,Mastery
200497,SkillLevel497,71854300,496,497,200001,200498,Skill
300497,MasteryLevel497,71854400,496,497,300001,300498,Mastery
200498,SkillLevel498,72356200,497,498,200001,200499,Skill
300498,MasteryLevel498,72356300,497,498,300001,300499,Mastery
200499,SkillLevel499,72858100,498,499,200001,200500,Skill
300499,MasteryLevel499,72858200,498,499,300001,300500,Mastery
200500,SkillLevel500,73360000,499,500,200001,200501,Skill
300500,MasteryLevel500,73360100,499,500,300001,300501,Mastery
200501,SkillLevel501,73881900,500,501,200001,200502,Skill
300501,MasteryLevel501,73882000,500,501,300001,300502,Mastery
200502,SkillLevel502,74403800,501,502,200001,200503,Skill
300502,MasteryLevel502,74403900,501,502,300001,300503,Mastery
200503,SkillLevel503,74925700,502,503,200001,200504,Skill
300503,MasteryLevel503,74925800,502,503,300001,300504,Mastery
200504,SkillLevel504,75447600,503,504,200001,200505,Skill
300504,MasteryLevel504,75447700,503,504,300001,300505,Mastery
200505,SkillLevel505,75969500,504,505,200001,200506,Skill
300505,MasteryLevel505,75969600,504,505,300001,300506,Mastery
200506,SkillLevel506,76491400,505,506,200001,200507,Skill
300506,MasteryLevel506,76491500,505,506,300001,300507,Mastery
200507,SkillLevel507,77013300,506,507,200001,200508,Skill
300507,MasteryLevel507,77013400,506,507,300001,300508,Mastery
200508,SkillLevel508,77535200,507,508,200001,200509,Skill
300508,MasteryLevel508,77535300,507,508,300001,300509,Mastery
200509,SkillLevel509,78057100,508,509,200001,200510,Skill
300509,MasteryLevel509,78057200,508,509,300001,300510,Mastery
200510,SkillLevel510,78579000,509,510,200001,200511,Skill
300510,MasteryLevel510,78579100,509,510,300001,300511,Mastery
200511,SkillLevel511,79120900,510,511,200001,200512,Skill
300511,MasteryLevel511,79121000,510,511,300001,300512,Mastery
200512,SkillLevel512,79662800,511,512,200001,200513,Skill
300512,MasteryLevel512,79662900,511,512,300001,300513,Mastery
200513,SkillLevel513,80204700,512,513,200001,200514,Skill
300513,MasteryLevel513,80204800,512,513,300001,300514,Mastery
200514,SkillLevel514,80746600,513,514,200001,200515,Skill
300514,MasteryLevel514,80746700,513,514,300001,300515,Mastery
200515,SkillLevel515,81288500,514,515,200001,200516,Skill
300515,MasteryLevel515,81288600,514,515,300001,300516,Mastery
200516,SkillLevel516,81830400,515,516,200001,200517,Skill
300516,MasteryLevel516,81830500,515,516,300001,300517,Mastery
200517,SkillLevel517,82372300,516,517,200001,200518,Skill
300517,MasteryLevel517,82372400,516,517,300001,300518,Mastery
200518,SkillLevel518,82914200,517,518,200001,200519,Skill
300518,MasteryLevel518,82914300,517,518,300001,300519,Mastery
200519,SkillLevel519,83456100,518,519,200001,200520,Skill
300519,MasteryLevel519,83456200,518,519,300001,300520,Mastery
200520,SkillLevel520,83998000,519,520,200001,200521,Skill
300520,MasteryLevel520,83998100,519,520,300001,300521,Mastery
200521,SkillLevel521,84559900,520,521,200001,200522,Skill
300521,MasteryLevel521,84560000,520,521,300001,300522,Mastery
200522,SkillLevel522,85121800,521,522,200001,200523,Skill
300522,MasteryLevel522,85121900,521,522,300001,300523,Mastery
200523,SkillLevel523,85683700,522,523,200001,200524,Skill
300523,MasteryLevel523,85683800,522,523,300001,300524,Mastery
200524,SkillLevel524,86245600,523,524,200001,200525,Skill
300524,MasteryLevel524,86245700,523,524,300001,300525,Mastery
200525,SkillLevel525,86807500,524,525,200001,200526,Skill
300525,MasteryLevel525,86807600,524,525,300001,300526,Mastery
200526,SkillLevel526,87369400,525,526,200001,200527,Skill
300526,MasteryLevel526,87369500,525,526,300001,300527,Mastery
200527,SkillLevel527,87931300,526,527,200001,200528,Skill
300527,MasteryLevel527,87931400,526,527,300001,300528,Mastery
200528,SkillLevel528,88493200,527,528,200001,200529,Skill
300528,MasteryLevel528,88493300,527,528,300001,300529,Mastery
200529,SkillLevel529,89055100,528,529,200001,200530,Skill
300529,MasteryLevel529,89055200,528,529,300001,300530,Mastery
200530,SkillLevel530,89617000,529,530,200001,200531,Skill
300530,MasteryLevel530,89617100,529,530,300001,300531,Mastery
200531,SkillLevel531,90198900,530,531,200001,200532,Skill
300531,MasteryLevel531,90199000,530,531,300001,300532,Mastery
200532,SkillLevel532,90780800,531,532,200001,200533,Skill
300532,MasteryLevel532,90780900,531,532,300001,300533,Mastery
200533,SkillLevel533,91362700,532,533,200001,200534,Skill
300533,MasteryLevel533,91362800,532,533,300001,300534,Mastery
200534,SkillLevel534,91944600,533,534,200001,200535,Skill
300534,MasteryLevel534,91944700,533,534,300001,300535,Mastery
200535,SkillLevel535,92526500,534,535,200001,200536,Skill
300535,MasteryLevel535,92526600,534,535,300001,300536,Mastery
200536,SkillLevel536,93108400,535,536,200001,200537,Skill
300536,MasteryLevel536,93108500,535,536,300001,300537,Mastery
200537,SkillLevel537,93690300,536,537,200001,200538,Skill
300537,MasteryLevel537,93690400,536,537,300001,300538,Mastery
200538,SkillLevel538,94272200,537,538,200001,200539,Skill
300538,MasteryLevel538,94272300,537,538,300001,300539,Mastery
200539,SkillLevel539,94854100,538,539,200001,200540,Skill
300539,MasteryLevel539,94854200,538,539,300001,300540,Mastery
200540,SkillLevel540,95436000,539,540,200001,200541,Skill
300540,MasteryLevel540,95436100,539,540,300001,300541,Mastery
200541,SkillLevel541,96037900,540,541,200001,200542,Skill
300541,MasteryLevel541,96038000,540,541,300001,300542,Mastery
200542,SkillLevel542,96639800,541,542,200001,200543,Skill
300542,MasteryLevel542,96639900,541,542,300001,300543,Mastery
200543,SkillLevel543,97241700,542,543,200001,200544,Skill
300543,MasteryLevel543,97241800,542,543,300001,300544,Mastery
200544,SkillLevel544,97843600,543,544,200001,200545,Skill
300544,MasteryLevel544,97843700,543,544,300001,300545,Mastery
200545,SkillLevel545,98445500,544,545,200001,200546,Skill
300545,MasteryLevel545,98445600,544,545,300001,300546,Mastery
200546,SkillLevel546,99047400,545,546,200001,200547,Skill
300546,MasteryLevel546,99047500,545,546,300001,300547,Mastery
200547,SkillLevel547,99649300,546,547,200001,200548,Skill
300547,MasteryLevel547,99649400,546,547,300001,300548,Mastery
200548,SkillLevel548,100251200,547,548,200001,200549,Skill
300548,MasteryLevel548,100251300,547,548,300001,300549,Mastery
200549,SkillLevel549,100853100,548,549,200001,200550,Skill
300549,MasteryLevel549,100853200,548,549,300001,300550,Mastery
200550,SkillLevel550,101455000,549,550,200001,200551,Skill
300550,MasteryLevel550,101455100,549,550,300001,300551,Mastery
200551,SkillLevel551,102076900,550,551,200001,200552,Skill
300551,MasteryLevel551,102077000,550,551,300001,300552,Mastery
200552,SkillLevel552,102698800,551,552,200001,200553,Skill
300552,MasteryLevel552,102698900,551,552,300001,300553,Mastery
200553,SkillLevel553,103320700,552,553,200001,200554,Skill
300553,MasteryLevel553,103320800,552,553,300001,300554,Mastery
200554,SkillLevel554,103942600,553,554,200001,200555,Skill
300554,MasteryLevel554,103942700,553,554,300001,300555,Mastery
200555,SkillLevel555,104564500,554,555,200001,200556,Skill
300555,MasteryLevel555,104564600,554,555,300001,300556,Mastery
200556,SkillLevel556,105186400,555,556,200001,200557,Skill
300556,MasteryLevel556,105186500,555,556,300001,300557,Mastery
200557,SkillLevel557,105808300,556,557,200001,200558,Skill
300557,MasteryLevel557,105808400,556,557,300001,300558,Mastery
200558,SkillLevel558,106430200,557,558,200001,200559,Skill
300558,MasteryLevel558,106430300,557,558,300001,300559,Mastery
200559,SkillLevel559,107052100,558,559,200001,200560,Skill
300559,MasteryLevel559,107052200,558,559,300001,300560,Mastery
200560,SkillLevel560,107674000,559,560,200001,200561,Skill
300560,MasteryLevel560,107674100,559,560,300001,300561,Mastery
200561,SkillLevel561,108315900,560,561,200001,200562,Skill
300561,MasteryLevel561,108316000,560,561,300001,300562,Mastery
200562,SkillLevel562,108957800,561,562,200001,200563,Skill
300562,MasteryLevel562,108957900,561,562,300001,300563,Mastery
200563,SkillLevel563,109599700,562,563,200001,200564,Skill
300563,MasteryLevel563,109599800,562,563,300001,300564,Mastery
200564,SkillLevel564,110241600,563,564,200001,200565,Skill
300564,MasteryLevel564,110241700,563,564,300001,300565,Mastery
200565,SkillLevel565,110883500,564,565,200001,200566,Skill
300565,MasteryLevel565,110883600,564,565,300001,300566,Mastery
200566,SkillLevel566,111525400,565,566,200001,200567,Skill
300566,MasteryLevel566,111525500,565,566,300001,300567,Mastery
200567,SkillLevel567,112167300,566,567,200001,200568,Skill
300567,MasteryLevel567,112167400,566,567,300001,300568,Mastery
200568,SkillLevel568,112809200,567,568,200001,200569,Skill
300568,MasteryLevel568,112809300,567,568,300001,300569,Mastery
200569,SkillLevel569,113451100,568,569,200001,200570,Skill
300569,MasteryLevel569,113451200,568,569,300001,300570,Mastery
200570,SkillLevel570,114093000,569,570,200001,200571,Skill
300570,MasteryLevel570,114093100,569,570,300001,300571,Mastery
200571,SkillLevel571,114754900,570,571,200001,200572,Skill
300571,MasteryLevel571,114755000,570,571,300001,300572,Mastery
200572,SkillLevel572,115416800,571,572,200001,200573,Skill
300572,MasteryLevel572,115416900,571,572,300001,300573,Mastery
200573,SkillLevel573,116078700,572,573,200001,200574,Skill
300573,MasteryLevel573,116078800,572,573,300001,300574,Mastery
200574,SkillLevel574,116740600,573,574,200001,200575,Skill
300574,MasteryLevel574,116740700,573,574,300001,300575,Mastery
200575,SkillLevel575,117402500,574,575,200001,200576,Skill
300575,MasteryLevel575,117402600,574,575,300001,300576,Mastery
200576,SkillLevel576,118064400,575,576,200001,200577,Skill
300576,MasteryLevel576,118064500,575,576,300001,300577,Mastery
200577,SkillLevel577,118726300,576,577,200001,200578,Skill
300577,MasteryLevel577,118726400,576,577,300001,300578,Mastery
200578,SkillLevel578,119388200,577,578,200001,200579,Skill
300578,MasteryLevel578,119388300,577,578,300001,300579,Mastery
200579,SkillLevel579,120050100,578,579,200001,200580,Skill
300579,MasteryLevel579,120050200,578,579,300001,300580,Mastery
200580,SkillLevel580,120712000,579,580,200001,200581,Skill
300580,MasteryLevel580,120712100,579,580,300001,300581,Mastery
200581,SkillLevel581,121393900,580,581,200001,200582,Skill
300581,MasteryLevel581,121394000,580,581,300001,300582,Mastery
200582,SkillLevel582,122075800,581,582,200001,200583,Skill
300582,MasteryLevel582,122075900,581,582,300001,300583,Mastery
200583,SkillLevel583,122757700,582,583,200001,200584,Skill
300583,MasteryLevel583,122757800,582,583,300001,300584,Mastery
200584,SkillLevel584,123439600,583,584,200001,200585,Skill
300584,MasteryLevel584,123439700,583,584,300001,300585,Mastery
200585,SkillLevel585,124121500,584,585,200001,200586,Skill
300585,MasteryLevel585,124121600,584,585,300001,300586,Mastery
200586,SkillLevel586,124803400,585,586,200001,200587,Skill
300586,MasteryLevel586,124803500,585,586,300001,300587,Mastery
200587,SkillLevel587,125485300,586,587,200001,200588,Skill
300587,MasteryLevel587,125485400,586,587,300001,300588,Mastery
200588,SkillLevel588,126167200,587,588,200001,200589,Skill
300588,MasteryLevel588,126167300,587,588,300001,300589,Mastery
200589,SkillLevel589,126849100,588,589,200001,200590,Skill
300589,MasteryLevel589,126849200,588,589,300001,300590,Mastery
200590,SkillLevel590,127531000,589,590,200001,200591,Skill
300590,MasteryLevel590,127531100,589,590,300001,300591,Mastery
200591,SkillLevel591,128232900,590,591,200001,200592,Skill
300591,MasteryLevel591,128233000,590,591,300001,300592,Mastery
200592,SkillLevel592,128934800,591,592,200001,200593,Skill
300592,MasteryLevel592,128934900,591,592,300001,300593,Mastery
200593,SkillLevel593,129636700,592,593,200001,200594,Skill
300593,MasteryLevel593,129636800,592,593,300001,300594,Mastery
200594,SkillLevel594,130338600,593,594,200001,200595,Skill
300594,MasteryLevel594,130338700,593,594,300001,300595,Mastery
200595,SkillLevel595,131040500,594,595,200001,200596,Skill
300595,MasteryLevel595,131040600,594,595,300001,300596,Mastery
200596,SkillLevel596,131742400,595,596,200001,200597,Skill
300596,MasteryLevel596,131742500,595,596,300001,300597,Mastery
200597,SkillLevel597,132444300,596,597,200001,200598,Skill
300597,MasteryLevel597,132444400,596,597,300001,300598,Mastery
200598,SkillLevel598,133146200,597,598,200001,200599,Skill
300598,MasteryLevel598,133146300,597,598,300001,300599,Mastery
200599,SkillLevel599,133848100,598,599,200001,200600,Skill
300599,MasteryLevel599,133848200,598,599,300001,300600,Mastery
200600,SkillLevel600,134550000,599,600,200001,200601,Skill
300600,MasteryLevel600,134550100,599,600,300001,300601,Mastery
200601,SkillLevel601,135501900,600,601,200001,200602,Skill
300601,MasteryLevel601,135502000,600,601,300001,300602,Mastery
200602,SkillLevel602,136453800,601,602,200001,200603,Skill
300602,MasteryLevel602,136453900,601,602,300001,300603,Mastery
200603,SkillLevel603,137405700,602,603,200001,200604,Skill
300603,MasteryLevel603,137405800,602,603,300001,300604,Mastery
200604,SkillLevel604,138357600,603,604,200001,200605,Skill
300604,MasteryLevel604,138357700,603,604,300001,300605,Mastery
200605,SkillLevel605,139309500,604,605,200001,200606,Skill
300605,MasteryLevel605,139309600,604,605,300001,300606,Mastery
200606,SkillLevel606,140261400,605,606,200001,200607,Skill
300606,MasteryLevel606,140261500,605,606,300001,300607,Mastery
200607,SkillLevel607,141213300,606,607,200001,200608,Skill
300607,MasteryLevel607,141213400,606,607,300001,300608,Mastery
200608,SkillLevel608,142165200,607,608,200001,200609,Skill
300608,MasteryLevel608,142165300,607,608,300001,300609,Mastery
200609,SkillLevel609,143117100,608,609,200001,200610,Skill
300609,MasteryLevel609,143117200,608,609,300001,300610,Mastery
200610,SkillLevel610,144069000,609,610,200001,200611,Skill
300610,MasteryLevel610,144069100,609,610,300001,300611,Mastery
200611,SkillLevel611,145270900,610,611,200001,200612,Skill
300611,MasteryLevel611,145271000,610,611,300001,300612,Mastery
200612,SkillLevel612,146472800,611,612,200001,200613,Skill
300612,MasteryLevel612,146472900,611,612,300001,300613,Mastery
200613,SkillLevel613,147674700,612,613,200001,200614,Skill
300613,MasteryLevel613,147674800,612,613,300001,300614,Mastery
200614,SkillLevel614,148876600,613,614,200001,200615,Skill
300614,MasteryLevel614,148876700,613,614,300001,300615,Mastery
200615,SkillLevel615,150078500,614,615,200001,200616,Skill
300615,MasteryLevel615,150078600,614,615,300001,300616,Mastery
200616,SkillLevel616,151280400,615,616,200001,200617,Skill
300616,MasteryLevel616,151280500,615,616,300001,300617,Mastery
200617,SkillLevel617,152482300,616,617,200001,200618,Skill
300617,MasteryLevel617,152482400,616,617,300001,300618,Mastery
200618,SkillLevel618,153684200,617,618,200001,200619,Skill
300618,MasteryLevel618,153684300,617,618,300001,300619,Mastery
200619,SkillLevel619,154886100,618,619,200001,200620,Skill
300619,MasteryLevel619,154886200,618,619,300001,300620,Mastery
200620,SkillLevel620,156088000,619,620,200001,200621,Skill
300620,MasteryLevel620,156088100,619,620,300001,300621,Mastery
200621,SkillLevel621,157539900,620,621,200001,200622,Skill
300621,MasteryLevel621,157540000,620,621,300001,300622,Mastery
200622,SkillLevel622,158991800,621,622,200001,200623,Skill
300622,MasteryLevel622,158991900,621,622,300001,300623,Mastery
200623,SkillLevel623,160443700,622,623,200001,200624,Skill
300623,MasteryLevel623,160443800,622,623,300001,300624,Mastery
200624,SkillLevel624,161895600,623,624,200001,200625,Skill
300624,MasteryLevel624,161895700,623,624,300001,300625,Mastery
200625,SkillLevel625,163347500,624,625,200001,200626,Skill
300625,MasteryLevel625,163347600,624,625,300001,300626,Mastery
200626,SkillLevel626,164799400,625,626,200001,200627,Skill
300626,MasteryLevel626,164799500,625,626,300001,300627,Mastery
200627,SkillLevel627,166251300,626,627,200001,200628,Skill
300627,MasteryLevel627,166251400,626,627,300001,300628,Mastery
200628,SkillLevel628,167703200,627,628,200001,200629,Skill
300628,MasteryLevel628,167703300,627,628,300001,300629,Mastery
200629,SkillLevel629,169155100,628,629,200001,200630,Skill
300629,MasteryLevel629,169155200,628,629,300001,300630,Mastery
200630,SkillLevel630,170607000,629,630,200001,200631,Skill
300630,MasteryLevel630,170607100,629,630,300001,300631,Mastery
200631,SkillLevel631,172308900,630,631,200001,200632,Skill
300631,MasteryLevel631,172309000,630,631,300001,300632,Mastery
200632,SkillLevel632,174010800,631,632,200001,200633,Skill
300632,MasteryLevel632,174010900,631,632,300001,300633,Mastery
200633,SkillLevel633,175712700,632,633,200001,200634,Skill
300633,MasteryLevel633,175712800,632,633,300001,300634,Mastery
200634,SkillLevel634,177414600,633,634,200001,200635,Skill
300634,MasteryLevel634,177414700,633,634,300001,300635,Mastery
200635,SkillLevel635,179116500,634,635,200001,200636,Skill
300635,MasteryLevel635,179116600,634,635,300001,300636,Mastery
200636,SkillLevel636,180818400,635,636,200001,200637,Skill
300636,MasteryLevel636,180818500,635,636,300001,300637,Mastery
200637,SkillLevel637,182520300,636,637,200001,200638,Skill
300637,MasteryLevel637,182520400,636,637,300001,300638,Mastery
200638,SkillLevel638,184222200,637,638,200001,200639,Skill
300638,MasteryLevel638,184222300,637,638,300001,300639,Mastery
200639,SkillLevel639,185924100,638,639,200001,200640,Skill
300639,MasteryLevel639,185924200,638,639,300001,300640,Mastery
200640,SkillLevel640,187626000,639,640,200001,200641,Skill
300640,MasteryLevel640,187626100,639,640,300001,300641,Mastery
200641,SkillLevel641,189577900,640,641,200001,200642,Skill
300641,MasteryLevel641,189578000,640,641,300001,300642,Mastery
200642,SkillLevel642,191529800,641,642,200001,200643,Skill
300642,MasteryLevel642,191529900,641,642,300001,300643,Mastery
200643,SkillLevel643,193481700,642,643,200001,200644,Skill
300643,MasteryLevel643,193481800,642,643,300001,300644,Mastery
200644,SkillLevel644,195433600,643,644,200001,200645,Skill
300644,MasteryLevel644,195433700,643,644,300001,300645,Mastery
200645,SkillLevel645,197385500,644,645,200001,200646,Skill
300645,MasteryLevel645,197385600,644,645,300001,300646,Mastery
200646,SkillLevel646,199337400,645,646,200001,200647,Skill
300646,MasteryLevel646,199337500,645,646,300001,300647,Mastery
200647,SkillLevel647,201289300,646,647,200001,200648,Skill
300647,MasteryLevel647,201289400,646,647,300001,300648,Mastery
200648,SkillLevel648,203241200,647,648,200001,200649,Skill
300648,MasteryLevel648,203241300,647,648,300001,300649,Mastery
200649,SkillLevel649,205193100,648,649,200001,200650,Skill
300649,MasteryLevel649,205193200,648,649,300001,300650,Mastery
200650,SkillLevel650,207145000,649,650,200001,200651,Skill
300650,MasteryLevel650,207145100,649,650,300001,300651,Mastery
200651,SkillLevel651,209346900,650,651,200001,200652,Skill
300651,MasteryLevel651,209347000,650,651,300001,300652,Mastery
200652,SkillLevel652,211548800,651,652,200001,200653,Skill
300652,MasteryLevel652,211548900,651,652,300001,300653,Mastery
200653,SkillLevel653,213750700,652,653,200001,200654,Skill
300653,MasteryLevel653,213750800,652,653,300001,300654,Mastery
200654,SkillLevel654,215952600,653,654,200001,200655,Skill
300654,MasteryLevel654,215952700,653,654,300001,300655,Mastery
200655,SkillLevel655,218154500,654,655,200001,200656,Skill
300655,MasteryLevel655,218154600,654,655,300001,300656,Mastery
200656,SkillLevel656,220356400,655,656,200001,200657,Skill
300656,MasteryLevel656,220356500,655,656,300001,300657,Mastery
200657,SkillLevel657,222558300,656,657,200001,200658,Skill
300657,MasteryLevel657,222558400,656,657,300001,300658,Mastery
200658,SkillLevel658,224760200,657,658,200001,200659,Skill
300658,MasteryLevel658,224760300,657,658,300001,300659,Mastery
200659,SkillLevel659,226962100,658,659,200001,200660,Skill
300659,MasteryLevel659,226962200,658,659,300001,300660,Mastery
200660,SkillLevel660,229164000,659,660,200001,200661,Skill
300660,MasteryLevel660,229164100,659,660,300001,300661,Mastery
200661,SkillLevel661,231615900,660,661,200001,200662,Skill
300661,MasteryLevel661,231616000,660,661,300001,300662,Mastery
200662,SkillLevel662,234067800,661,662,200001,200663,Skill
300662,MasteryLevel662,234067900,661,662,300001,300663,Mastery
200663,SkillLevel663,236519700,662,663,200001,200664,Skill
300663,MasteryLevel663,236519800,662,663,300001,300664,Mastery
200664,SkillLevel664,238971600,663,664,200001,200665,Skill
300664,MasteryLevel664,238971700,663,664,300001,300665,Mastery
200665,SkillLevel665,241423500,664,665,200001,200666,Skill
300665,MasteryLevel665,241423600,664,665,300001,300666,Mastery
200666,SkillLevel666,243875400,665,666,200001,200667,Skill
300666,MasteryLevel666,243875500,665,666,300001,300667,Mastery
200667,SkillLevel667,246327300,666,667,200001,200668,Skill
300667,MasteryLevel667,246327400,666,667,300001,300668,Mastery
200668,SkillLevel668,248779200,667,668,200001,200669,Skill
300668,MasteryLevel668,248779300,667,668,300001,300669,Mastery
200669,SkillLevel669,251231100,668,669,200001,200670,Skill
300669,MasteryLevel669,251231200,668,669,300001,300670,Mastery
200670,SkillLevel670,253683000,669,670,200001,200671,Skill
300670,MasteryLevel670,253683100,669,670,300001,300671,Mastery
200671,SkillLevel671,256384900,670,671,200001,200672,Skill
300671,MasteryLevel671,256385000,670,671,300001,300672,Mastery
200672,SkillLevel672,259086800,671,672,200001,200673,Skill
300672,MasteryLevel672,259086900,671,672,300001,300673,Mastery
200673,SkillLevel673,261788700,672,673,200001,200674,Skill
300673,MasteryLevel673,261788800,672,673,300001,300674,Mastery
200674,SkillLevel674,264490600,673,674,200001,200675,Skill
300674,MasteryLevel674,264490700,673,674,300001,300675,Mastery
200675,SkillLevel675,267192500,674,675,200001,200676,Skill
300675,MasteryLevel675,267192600,674,675,300001,300676,Mastery
200676,SkillLevel676,269894400,675,676,200001,200677,Skill
300676,MasteryLevel676,269894500,675,676,300001,300677,Mastery
200677,SkillLevel677,272596300,676,677,200001,200678,Skill
300677,MasteryLevel677,272596400,676,677,300001,300678,Mastery
200678,SkillLevel678,275298200,677,678,200001,200679,Skill
300678,MasteryLevel678,275298300,677,678,300001,300679,Mastery
200679,SkillLevel679,278000100,678,679,200001,200680,Skill
300679,MasteryLevel679,278000200,678,679,300001,300680,Mastery
200680,SkillLevel680,280702000,679,680,200001,200681,Skill
300680,MasteryLevel680,280702100,679,680,300001,300681,Mastery
200681,SkillLevel681,283653900,680,681,200001,200682,Skill
300681,MasteryLevel681,283654000,680,681,300001,300682,Mastery
200682,SkillLevel682,286605800,681,682,200001,200683,Skill
300682,MasteryLevel682,286605900,681,682,300001,300683,Mastery
200683,SkillLevel683,289557700,682,683,200001,200684,Skill
300683,MasteryLevel683,289557800,682,683,300001,300684,Mastery
200684,SkillLevel684,292509600,683,684,200001,200685,Skill
300684,MasteryLevel684,292509700,683,684,300001,300685,Mastery
200685,SkillLevel685,295461500,684,685,200001,200686,Skill
300685,MasteryLevel685,295461600,684,685,300001,300686,Mastery
200686,SkillLevel686,298413400,685,686,200001,200687,Skill
300686,MasteryLevel686,298413500,685,686,300001,300687,Mastery
200687,SkillLevel687,301365300,686,687,200001,200688,Skill
300687,MasteryLevel687,301365400,686,687,300001,300688,Mastery
200688,SkillLevel688,304317200,687,688,200001,200689,Skill
300688,MasteryLevel688,304317300,687,688,300001,300689,Mastery
200689,SkillLevel689,307269100,688,689,200001,200690,Skill
300689,MasteryLevel689,307269200,688,689,300001,300690,Mastery
200690,SkillLevel690,310221000,689,690,200001,200691,Skill
300690,MasteryLevel690,310221100,689,690,300001,300691,Mastery
200691,SkillLevel691,313422900,690,691,200001,200692,Skill
300691,MasteryLevel691,313423000,690,691,300001,300692,Mastery
200692,SkillLevel692,316624800,691,692,200001,200693,Skill
300692,MasteryLevel692,316624900,691,692,300001,300693,Mastery
200693,SkillLevel693,319826700,692,693,200001,200694,Skill
300693,MasteryLevel693,319826800,692,693,300001,300694,Mastery
200694,SkillLevel694,323028600,693,694,200001,200695,Skill
300694,MasteryLevel694,323028700,693,694,300001,300695,Mastery
200695,SkillLevel695,326230500,694,695,200001,200696,Skill
300695,MasteryLevel695,326230600,694,695,300001,300696,Mastery
200696,SkillLevel696,329432400,695,696,200001,200697,Skill
300696,MasteryLevel696,329432500,695,696,300001,300697,Mastery
200697,SkillLevel697,332634300,696,697,200001,200698,Skill
300697,MasteryLevel697,332634400,696,697,300001,300698,Mastery
200698,SkillLevel698,335836200,697,698,200001,200699,Skill
300698,MasteryLevel698,335836300,697,698,300001,300699,Mastery
200699,SkillLevel699,339038100,698,699,200001,200700,Skill
300699,MasteryLevel699,339038200,698,699,300001,300700,Mastery
200700,SkillLevel700,342240000,699,700,200001,200701,Skill
300700,MasteryLevel700,342240100,699,700,300001,300701,Mastery
200701,SkillLevel701,345691900,700,701,200001,200702,Skill
300701,MasteryLevel701,345692000,700,701,300001,300702,Mastery
200702,SkillLevel702,349143800,701,702,200001,200703,Skill
300702,MasteryLevel702,349143900,701,702,300001,300703,Mastery
200703,SkillLevel703,352595700,702,703,200001,200704,Skill
300703,MasteryLevel703,352595800,702,703,300001,300704,Mastery
200704,SkillLevel704,356047600,703,704,200001,200705,Skill
300704,MasteryLevel704,356047700,703,704,300001,300705,Mastery
200705,SkillLevel705,359499500,704,705,200001,200706,Skill
300705,MasteryLevel705,359499600,704,705,300001,300706,Mastery
200706,SkillLevel706,362951400,705,706,200001,200707,Skill
300706,MasteryLevel706,362951500,705,706,300001,300707,Mastery
200707,SkillLevel707,366403300,706,707,200001,200708,Skill
300707,MasteryLevel707,366403400,706,707,300001,300708,Mastery
200708,SkillLevel708,369855200,707,708,200001,200709,Skill
300708,MasteryLevel708,369855300,707,708,300001,300709,Mastery
200709,SkillLevel709,373307100,708,709,200001,200710,Skill
300709,MasteryLevel709,373307200,708,709,300001,300710,Mastery
200710,SkillLevel710,376759000,709,710,200001,200711,Skill
300710,MasteryLevel710,376759100,709,710,300001,300711,Mastery
200711,SkillLevel711,380460900,710,711,200001,200712,Skill
300711,MasteryLevel711,380461000,710,711,300001,300712,Mastery
200712,SkillLevel712,384162800,711,712,200001,200713,Skill
300712,MasteryLevel712,384162900,711,712,300001,300713,Mastery
200713,SkillLevel713,387864700,712,713,200001,200714,Skill
300713,MasteryLevel713,387864800,712,713,300001,300714,Mastery
200714,SkillLevel714,391566600,713,714,200001,200715,Skill
300714,MasteryLevel714,391566700,713,714,300001,300715,Mastery
200715,SkillLevel715,395268500,714,715,200001,200716,Skill
300715,MasteryLevel715,395268600,714,715,300001,300716,Mastery
200716,SkillLevel716,398970400,715,716,200001,200717,Skill
300716,MasteryLevel716,398970500,715,716,300001,300717,Mastery
200717,SkillLevel717,402672300,716,717,200001,200718,Skill
300717,MasteryLevel717,402672400,716,717,300001,300718,Mastery
200718,SkillLevel718,406374200,717,718,200001,200719,Skill
300718,MasteryLevel718,406374300,717,718,300001,300719,Mastery
200719,SkillLevel719,410076100,718,719,200001,200720,Skill
300719,MasteryLevel719,410076200,718,719,300001,300720,Mastery
200720,SkillLevel720,413778000,719,720,200001,200721,Skill
300720,MasteryLevel720,413778100,719,720,300001,300721,Mastery
200721,SkillLevel721,417729900,720,721,200001,200722,Skill
300721,MasteryLevel721,417730000,720,721,300001,300722,Mastery
200722,SkillLevel722,421681800,721,722,200001,200723,Skill
300722,MasteryLevel722,421681900,721,722,300001,300723,Mastery
200723,SkillLevel723,425633700,722,723,200001,200724,Skill
300723,MasteryLevel723,425633800,722,723,300001,300724,Mastery
200724,SkillLevel724,429585600,723,724,200001,200725,Skill
300724,MasteryLevel724,429585700,723,724,300001,300725,Mastery
200725,SkillLevel725,433537500,724,725,200001,200726,Skill
300725,MasteryLevel725,433537600,724,725,300001,300726,Mastery
200726,SkillLevel726,437489400,725,726,200001,200727,Skill
300726,MasteryLevel726,437489500,725,726,300001,300727,Mastery
200727,SkillLevel727,441441300,726,727,200001,200728,Skill
300727,MasteryLevel727,441441400,726,727,300001,300728,Mastery
200728,SkillLevel728,445393200,727,728,200001,200729,Skill
300728,MasteryLevel728,445393300,727,728,300001,300729,Mastery
200729,SkillLevel729,449345100,728,729,200001,200730,Skill
300729,MasteryLevel729,449345200,728,729,300001,300730,Mastery
200730,SkillLevel730,453297000,729,730,200001,200731,Skill
300730,MasteryLevel730,453297100,729,730,300001,300731,Mastery
200731,SkillLevel731,457498900,730,731,200001,200732,Skill
300731,MasteryLevel731,457499000,730,731,300001,300732,Mastery
200732,SkillLevel732,461700800,731,732,200001,200733,Skill
300732,MasteryLevel732,461700900,731,732,300001,300733,Mastery
200733,SkillLevel733,465902700,732,733,200001,200734,Skill
300733,MasteryLevel733,465902800,732,733,300001,300734,Mastery
200734,SkillLevel734,470104600,733,734,200001,200735,Skill
300734,MasteryLevel734,470104700,733,734,300001,300735,Mastery
200735,SkillLevel735,474306500,734,735,200001,200736,Skill
300735,MasteryLevel735,474306600,734,735,300001,300736,Mastery
200736,SkillLevel736,478508400,735,736,200001,200737,Skill
300736,MasteryLevel736,478508500,735,736,300001,300737,Mastery
200737,SkillLevel737,482710300,736,737,200001,200738,Skill
300737,MasteryLevel737,482710400,736,737,300001,300738,Mastery
200738,SkillLevel738,486912200,737,738,200001,200739,Skill
300738,MasteryLevel738,486912300,737,738,300001,300739,Mastery
200739,SkillLevel739,491114100,738,739,200001,200740,Skill
300739,MasteryLevel739,491114200,738,739,300001,300740,Mastery
200740,SkillLevel740,495316000,739,740,200001,200741,Skill
300740,MasteryLevel740,495316100,739,740,300001,300741,Mastery
200741,SkillLevel741,499767900,740,741,200001,200742,Skill
300741,MasteryLevel741,499768000,740,741,300001,300742,Mastery
200742,SkillLevel742,504219800,741,742,200001,200743,Skill
300742,MasteryLevel742,504219900,741,742,300001,300743,Mastery
200743,SkillLevel743,508671700,742,743,200001,200744,Skill
300743,MasteryLevel743,508671800,742,743,300001,300744,Mastery
200744,SkillLevel744,513123600,743,744,200001,200745,Skill
300744,MasteryLevel744,513123700,743,744,300001,300745,Mastery
200745,SkillLevel745,517575500,744,745,200001,200746,Skill
300745,MasteryLevel745,517575600,744,745,300001,300746,Mastery
200746,SkillLevel746,522027400,745,746,200001,200747,Skill
300746,MasteryLevel746,522027500,745,746,300001,300747,Mastery
200747,SkillLevel747,526479300,746,747,200001,200748,Skill
300747,MasteryLevel747,526479400,746,747,300001,300748,Mastery
200748,SkillLevel748,530931200,747,748,200001,200749,Skill
300748,MasteryLevel748,530931300,747,748,300001,300749,Mastery
200749,SkillLevel749,535383100,748,749,200001,200750,Skill
300749,MasteryLevel749,535383200,748,749,300001,300750,Mastery
200750,SkillLevel750,539835000,749,750,200001,200751,Skill
300750,MasteryLevel750,539835100,749,750,300001,300751,Mastery
200751,SkillLevel751,544536900,750,751,200001,200752,Skill
300751,MasteryLevel751,544537000,750,751,300001,300752,Mastery
200752,SkillLevel752,549238800,751,752,200001,200753,Skill
300752,MasteryLevel752,549238900,751,752,300001,300753,Mastery
200753,SkillLevel753,553940700,752,753,200001,200754,Skill
300753,MasteryLevel753,553940800,752,753,300001,300754,Mastery
200754,SkillLevel754,558642600,753,754,200001,200755,Skill
300754,MasteryLevel754,558642700,753,754,300001,300755,Mastery
200755,SkillLevel755,563344500,754,755,200001,200756,Skill
300755,MasteryLevel755,563344600,754,755,300001,300756,Mastery
200756,SkillLevel756,568046400,755,756,200001,200757,Skill
300756,MasteryLevel756,568046500,755,756,300001,300757,Mastery
200757,SkillLevel757,572748300,756,757,200001,200758,Skill
300757,MasteryLevel757,572748400,756,757,300001,300758,Mastery
200758,SkillLevel758,577450200,757,758,200001,200759,Skill
300758,MasteryLevel758,577450300,757,758,300001,300759,Mastery
200759,SkillLevel759,582152100,758,759,200001,200760,Skill
300759,MasteryLevel759,582152200,758,759,300001,300760,Mastery
200760,SkillLevel760,586854000,759,760,200001,200761,Skill
300760,MasteryLevel760,586854100,759,760,300001,300761,Mastery
200761,SkillLevel761,591805900,760,761,200001,200762,Skill
300761,MasteryLevel761,591806000,760,761,300001,300762,Mastery
200762,SkillLevel762,596757800,761,762,200001,200763,Skill
300762,MasteryLevel762,596757900,761,762,300001,300763,Mastery
200763,SkillLevel763,601709700,762,763,200001,200764,Skill
300763,MasteryLevel763,601709800,762,763,300001,300764,Mastery
200764,SkillLevel764,606661600,763,764,200001,200765,Skill
300764,MasteryLevel764,606661700,763,764,300001,300765,Mastery
200765,SkillLevel765,611613500,764,765,200001,200766,Skill
300765,MasteryLevel765,611613600,764,765,300001,300766,Mastery
200766,SkillLevel766,616565400,765,766,200001,200767,Skill
300766,MasteryLevel766,616565500,765,766,300001,300767,Mastery
200767,SkillLevel767,621517300,766,767,200001,200768,Skill
300767,MasteryLevel767,621517400,766,767,300001,300768,Mastery
200768,SkillLevel768,626469200,767,768,200001,200769,Skill
300768,MasteryLevel768,626469300,767,768,300001,300769,Mastery
200769,SkillLevel769,631421100,768,769,200001,200770,Skill
300769,MasteryLevel769,631421200,768,769,300001,300770,Mastery
200770,SkillLevel770,636373000,769,770,200001,200771,Skill
300770,MasteryLevel770,636373100,769,770,300001,300771,Mastery
200771,SkillLevel771,641574900,770,771,200001,200772,Skill
300771,MasteryLevel771,641575000,770,771,300001,300772,Mastery
200772,SkillLevel772,646776800,771,772,200001,200773,Skill
300772,MasteryLevel772,646776900,771,772,300001,300773,Mastery
200773,SkillLevel773,651978700,772,773,200001,200774,Skill
300773,MasteryLevel773,651978800,772,773,300001,300774,Mastery
200774,SkillLevel774,657180600,773,774,200001,200775,Skill
300774,MasteryLevel774,657180700,773,774,300001,300775,Mastery
200775,SkillLevel775,662382500,774,775,200001,200776,Skill
300775,MasteryLevel775,662382600,774,775,300001,300776,Mastery
200776,SkillLevel776,667584400,775,776,200001,200777,Skill
300776,MasteryLevel776,667584500,775,776,300001,300777,Mastery
200777,SkillLevel777,672786300,776,777,200001,200778,Skill
300777,MasteryLevel777,672786400,776,777,300001,300778,Mastery
200778,SkillLevel778,677988200,777,778,200001,200779,Skill
300778,MasteryLevel778,677988300,777,778,300001,300779,Mastery
200779,SkillLevel779,683190100,778,779,200001,200780,Skill
300779,MasteryLevel779,683190200,778,779,300001,300780,Mastery
200780,SkillLevel780,688392000,779,780,200001,200781,Skill
300780,MasteryLevel780,688392100,779,780,300001,300781,Mastery
200781,SkillLevel781,693843900,780,781,200001,200782,Skill
300781,MasteryLevel781,693844000,780,781,300001,300782,Mastery
200782,SkillLevel782,699295800,781,782,200001,200783,Skill
300782,MasteryLevel782,699295900,781,782,300001,300783,Mastery
200783,SkillLevel783,704747700,782,783,200001,200784,Skill
300783,MasteryLevel783,704747800,782,783,300001,300784,Mastery
200784,SkillLevel784,710199600,783,784,200001,200785,Skill
300784,MasteryLevel784,710199700,783,784,300001,300785,Mastery
200785,SkillLevel785,715651500,784,785,200001,200786,Skill
300785,MasteryLevel785,715651600,784,785,300001,300786,Mastery
200786,SkillLevel786,721103400,785,786,200001,200787,Skill
300786,MasteryLevel786,721103500,785,786,300001,300787,Mastery
200787,SkillLevel787,726555300,786,787,200001,200788,Skill
300787,MasteryLevel787,726555400,786,787,300001,300788,Mastery
200788,SkillLevel788,732007200,787,788,200001,200789,Skill
300788,MasteryLevel788,732007300,787,788,300001,300789,Mastery
200789,SkillLevel789,737459100,788,789,200001,200790,Skill
300789,MasteryLevel789,737459200,788,789,300001,300790,Mastery
200790,SkillLevel790,742911000,789,790,200001,200791,Skill
300790,MasteryLevel790,742911100,789,790,300001,300791,Mastery
200791,SkillLevel791,748612900,790,791,200001,200792,Skill
300791,MasteryLevel791,748613000,790,791,300001,300792,Mastery
200792,SkillLevel792,754314800,791,792,200001,200793,Skill
300792,MasteryLevel792,754314900,791,792,300001,300793,Mastery
200793,SkillLevel793,760016700,792,793,200001,200794,Skill
300793,MasteryLevel793,760016800,792,793,300001,300794,Mastery
200794,SkillLevel794,765718600,793,794,200001,200795,Skill
300794,MasteryLevel794,765718700,793,794,300001,300795,Mastery
200795,SkillLevel795,771420500,794,795,200001,200796,Skill
300795,MasteryLevel795,771420600,794,795,300001,300796,Mastery
200796,SkillLevel796,777122400,795,796,200001,200797,Skill
300796,MasteryLevel796,777122500,795,796,300001,300797,Mastery
200797,SkillLevel797,782824300,796,797,200001,200798,Skill
300797,MasteryLevel797,782824400,796,797,300001,300798,Mastery
200798,SkillLevel798,788526200,797,798,200001,200799,Skill
300798,MasteryLevel798,788526300,797,798,300001,300799,Mastery
200799,SkillLevel799,794228100,798,799,200001,200800,Skill
300799,MasteryLevel799,794228200,798,799,300001,300800,Mastery
200800,SkillLevel800,799930000,799,800,200001,200801,Skill
300800,MasteryLevel800,799930100,799,800,300001,300801,Mastery
200801,SkillLevel801,805881900,800,801,200001,200802,Skill
300801,MasteryLevel801,805882000,800,801,300001,300802,Mastery
200802,SkillLevel802,811833800,801,802,200001,200803,Skill
300802,MasteryLevel802,811833900,801,802,300001,300803,Mastery
200803,SkillLevel803,817785700,802,803,200001,200804,Skill
300803,MasteryLevel803,817785800,802,803,300001,300804,Mastery
200804,SkillLevel804,823737600,803,804,200001,200805,Skill
300804,MasteryLevel804,823737700,803,804,300001,300805,Mastery
200805,SkillLevel805,829689500,804,805,200001,200806,Skill
300805,MasteryLevel805,829689600,804,805,300001,300806,Mastery
200806,SkillLevel806,835641400,805,806,200001,200807,Skill
300806,MasteryLevel806,835641500,805,806,300001,300807,Mastery
200807,SkillLevel807,841593300,806,807,200001,200808,Skill
300807,MasteryLevel807,841593400,806,807,300001,300808,Mastery
200808,SkillLevel808,847545200,807,808,200001,200809,Skill
300808,MasteryLevel808,847545300,807,808,300001,300809,Mastery
200809,SkillLevel809,853497100,808,809,200001,200810,Skill
300809,MasteryLevel809,853497200,808,809,300001,300810,Mastery
200810,SkillLevel810,859449000,809,810,200001,200811,Skill
300810,MasteryLevel810,859449100,809,810,300001,300811,Mastery
200811,SkillLevel811,865650900,810,811,200001,200812,Skill
300811,MasteryLevel811,865651000,810,811,300001,300812,Mastery
200812,SkillLevel812,871852800,811,812,200001,200813,Skill
300812,MasteryLevel812,871852900,811,812,300001,300813,Mastery
200813,SkillLevel813,878054700,812,813,200001,200814,Skill
300813,MasteryLevel813,878054800,812,813,300001,300814,Mastery
200814,SkillLevel814,884256600,813,814,200001,200815,Skill
300814,MasteryLevel814,884256700,813,814,300001,300815,Mastery
200815,SkillLevel815,890458500,814,815,200001,200816,Skill
300815,MasteryLevel815,890458600,814,815,300001,300816,Mastery
200816,SkillLevel816,896660400,815,816,200001,200817,Skill
300816,MasteryLevel816,896660500,815,816,300001,300817,Mastery
200817,SkillLevel817,902862300,816,817,200001,200818,Skill
300817,MasteryLevel817,902862400,816,817,300001,300818,Mastery
200818,SkillLevel818,909064200,817,818,200001,200819,Skill
300818,MasteryLevel818,909064300,817,818,300001,300819,Mastery
200819,SkillLevel819,915266100,818,819,200001,200820,Skill
300819,MasteryLevel819,915266200,818,819,300001,300820,Mastery
200820,SkillLevel820,921468000,819,820,200001,200821,Skill
300820,MasteryLevel820,921468100,819,820,300001,300821,Mastery
200821,SkillLevel821,927919900,820,821,200001,200822,Skill
300821,MasteryLevel821,927920000,820,821,300001,300822,Mastery
200822,SkillLevel822,934371800,821,822,200001,200823,Skill
300822,MasteryLevel822,934371900,821,822,300001,300823,Mastery
200823,SkillLevel823,940823700,822,823,200001,200824,Skill
300823,MasteryLevel823,940823800,822,823,300001,300824,Mastery
200824,SkillLevel824,947275600,823,824,200001,200825,Skill
300824,MasteryLevel824,947275700,823,824,300001,300825,Mastery
200825,SkillLevel825,953727500,824,825,200001,200826,Skill
300825,MasteryLevel825,953727600,824,825,300001,300826,Mastery
200826,SkillLevel826,960179400,825,826,200001,200827,Skill
300826,MasteryLevel826,960179500,825,826,300001,300827,Mastery
200827,SkillLevel827,966631300,826,827,200001,200828,Skill
300827,MasteryLevel827,966631400,826,827,300001,300828,Mastery
200828,SkillLevel828,973083200,827,828,200001,200829,Skill
300828,MasteryLevel828,973083300,827,828,300001,300829,Mastery
200829,SkillLevel829,979535100,828,829,200001,200830,Skill
300829,MasteryLevel829,979535200,828,829,300001,300830,Mastery
200830,SkillLevel830,985987000,829,830,200001,200831,Skill
300830,MasteryLevel830,985987100,829,830,300001,300831,Mastery
200831,SkillLevel831,992688900,830,831,200001,200832,Skill
300831,MasteryLevel831,992689000,830,831,300001,300832,Mastery
200832,SkillLevel832,999390800,831,832,200001,200833,Skill
300832,MasteryLevel832,999390900,831,832,300001,300833,Mastery
200833,SkillLevel833,1006092700,832,833,200001,200834,Skill
300833,MasteryLevel833,1006092800,832,833,300001,300834,Mastery
200834,SkillLevel834,1012794600,833,834,200001,200835,Skill
300834,MasteryLevel834,1012794700,833,834,300001,300835,Mastery
200835,SkillLevel835,1019496500,834,835,200001,200836,Skill
300835,MasteryLevel835,1019496600,834,835,300001,300836,Mastery
200836,SkillLevel836,1026198400,835,836,200001,200837,Skill
300836,MasteryLevel836,1026198500,835,836,300001,300837,Mastery
200837,SkillLevel837,1032900300,836,837,200001,200838,Skill
300837,MasteryLevel837,1032900400,836,837,300001,300838,Mastery
200838,SkillLevel838,1039602200,837,838,200001,200839,Skill
300838,MasteryLevel838,1039602300,837,838,300001,300839,Mastery
200839,SkillLevel839,1046304100,838,839,200001,200840,Skill
300839,MasteryLevel839,1046304200,838,839,300001,300840,Mastery
200840,SkillLevel840,1053006000,839,840,200001,200841,Skill
300840,MasteryLevel840,1053006100,839,840,300001,300841,Mastery
200841,SkillLevel841,1059957900,840,841,200001,200842,Skill
300841,MasteryLevel841,1059958000,840,841,300001,300842,Mastery
200842,SkillLevel842,1066909800,841,842,200001,200843,Skill
300842,MasteryLevel842,1066909900,841,842,300001,300843,Mastery
200843,SkillLevel843,1073861700,842,843,200001,200844,Skill
300843,MasteryLevel843,1073861800,842,843,300001,300844,Mastery
200844,SkillLevel844,1080813600,843,844,200001,200845,Skill
300844,MasteryLevel844,1080813700,843,844,300001,300845,Mastery
200845,SkillLevel845,1087765500,844,845,200001,200846,Skill
300845,MasteryLevel845,1087765600,844,845,300001,300846,Mastery
200846,SkillLevel846,1094717400,845,846,200001,200847,Skill
300846,MasteryLevel846,1094717500,845,846,300001,300847,Mastery
200847,SkillLevel847,1101669300,846,847,200001,200848,Skill
300847,MasteryLevel847,1101669400,846,847,300001,300848,Mastery
200848,SkillLevel848,1108621200,847,848,200001,200849,Skill
300848,MasteryLevel848,1108621300,847,848,300001,300849,Mastery
200849,SkillLevel849,1115573100,848,849,200001,200850,Skill
300849,MasteryLevel849,1115573200,848,849,300001,300850,Mastery
200850,SkillLevel850,1122525000,849,850,200001,200851,Skill
300850,MasteryLevel850,1122525100,849,850,300001,300851,Mastery
200851,SkillLevel851,1129726900,850,851,200001,200852,Skill
300851,MasteryLevel851,1129727000,850,851,300001,300852,Mastery
200852,SkillLevel852,1136928800,851,852,200001,200853,Skill
300852,MasteryLevel852,1136928900,851,852,300001,300853,Mastery
200853,SkillLevel853,1144130700,852,853,200001,200854,Skill
300853,MasteryLevel853,1144130800,852,853,300001,300854,Mastery
200854,SkillLevel854,1151332600,853,854,200001,200855,Skill
300854,MasteryLevel854,1151332700,853,854,300001,300855,Mastery
200855,SkillLevel855,1158534500,854,855,200001,200856,Skill
300855,MasteryLevel855,1158534600,854,855,300001,300856,Mastery
200856,SkillLevel856,1165736400,855,856,200001,200857,Skill
300856,MasteryLevel856,1165736500,855,856,300001,300857,Mastery
200857,SkillLevel857,1172938300,856,857,200001,200858,Skill
300857,MasteryLevel857,1172938400,856,857,300001,300858,Mastery
200858,SkillLevel858,1180140200,857,858,200001,200859,Skill
300858,MasteryLevel858,1180140300,857,858,300001,300859,Mastery
200859,SkillLevel859,1187342100,858,859,200001,200860,Skill
300859,MasteryLevel859,1187342200,858,859,300001,300860,Mastery
200860,SkillLevel860,1194544000,859,860,200001,200861,Skill
300860,MasteryLevel860,1194544100,859,860,300001,300861,Mastery
200861,SkillLevel861,1201995900,860,861,200001,200862,Skill
300861,MasteryLevel861,1201996000,860,861,300001,300862,Mastery
200862,SkillLevel862,1209447800,861,862,200001,200863,Skill
300862,MasteryLevel862,1209447900,861,862,300001,300863,Mastery
200863,SkillLevel863,1216899700,862,863,200001,200864,Skill
300863,MasteryLevel863,1216899800,862,863,300001,300864,Mastery
200864,SkillLevel864,1224351600,863,864,200001,200865,Skill
300864,MasteryLevel864,1224351700,863,864,300001,300865,Mastery
200865,SkillLevel865,1231803500,864,865,200001,200866,Skill
300865,MasteryLevel865,1231803600,864,865,300001,300866,Mastery
200866,SkillLevel866,1239255400,865,866,200001,200867,Skill
300866,MasteryLevel866,1239255500,865,866,300001,300867,Mastery
200867,SkillLevel867,1246707300,866,867,200001,200868,Skill
300867,MasteryLevel867,1246707400,866,867,300001,300868,Mastery
200868,SkillLevel868,1254159200,867,868,200001,200869,Skill
300868,MasteryLevel868,1254159300,867,868,300001,300869,Mastery
200869,SkillLevel869,1261611100,868,869,200001,200870,Skill
300869,MasteryLevel869,1261611200,868,869,300001,300870,Mastery
200870,SkillLevel870,1269063000,869,870,200001,200871,Skill
300870,MasteryLevel870,1269063100,869,870,300001,300871,Mastery
200871,SkillLevel871,1276764900,870,871,200001,200872,Skill
300871,MasteryLevel871,1276765000,870,871,300001,300872,Mastery
200872,SkillLevel872,1284466800,871,872,200001,200873,Skill
300872,MasteryLevel872,1284466900,871,872,300001,300873,Mastery
200873,SkillLevel873,1292168700,872,873,200001,200874,Skill
300873,MasteryLevel873,1292168800,872,873,300001,300874,Mastery
200874,SkillLevel874,1299870600,873,874,200001,200875,Skill
300874,MasteryLevel874,1299870700,873,874,300001,300875,Mastery
200875,SkillLevel875,1307572500,874,875,200001,200876,Skill
300875,MasteryLevel875,1307572600,874,875,300001,300876,Mastery
200876,SkillLevel876,1315274400,875,876,200001,200877,Skill
300876,MasteryLevel876,1315274500,875,876,300001,300877,Mastery
200877,SkillLevel877,1322976300,876,877,200001,200878,Skill
300877,MasteryLevel877,1322976400,876,877,300001,300878,Mastery
200878,SkillLevel878,1330678200,877,878,200001,200879,Skill
300878,MasteryLevel878,1330678300,877,878,300001,300879,Mastery
200879,SkillLevel879,1338380100,878,879,200001,200880,Skill
300879,MasteryLevel879,1338380200,878,879,300001,300880,Mastery
200880,SkillLevel880,1346082000,879,880,200001,200881,Skill
300880,MasteryLevel880,1346082100,879,880,300001,300881,Mastery
200881,SkillLevel881,1354033900,880,881,200001,200882,Skill
300881,MasteryLevel881,1354034000,880,881,300001,300882,Mastery
200882,SkillLevel882,1361985800,881,882,200001,200883,Skill
300882,MasteryLevel882,1361985900,881,882,300001,300883,Mastery
200883,SkillLevel883,1369937700,882,883,200001,200884,Skill
300883,MasteryLevel883,1369937800,882,883,300001,300884,Mastery
200884,SkillLevel884,1377889600,883,884,200001,200885,Skill
300884,MasteryLevel884,1377889700,883,884,300001,300885,Mastery
200885,SkillLevel885,1385841500,884,885,200001,200886,Skill
300885,MasteryLevel885,1385841600,884,885,300001,300886,Mastery
200886,SkillLevel886,1393793400,885,886,200001,200887,Skill
300886,MasteryLevel886,1393793500,885,886,300001,300887,Mastery
200887,SkillLevel887,1401745300,886,887,200001,200888,Skill
300887,MasteryLevel887,1401745400,886,887,300001,300888,Mastery
200888,SkillLevel888,1409697200,887,888,200001,200889,Skill
300888,MasteryLevel888,1409697300,887,888,300001,300889,Mastery
200889,SkillLevel889,1417649100,888,889,200001,200890,Skill
300889,MasteryLevel889,1417649200,888,889,300001,300890,Mastery
200890,SkillLevel890,1425601000,889,890,200001,200891,Skill
300890,MasteryLevel890,1425601100,889,890,300001,300891,Mastery
200891,SkillLevel891,1433802900,890,891,200001,200892,Skill
300891,MasteryLevel891,1433803000,890,891,300001,300892,Mastery
200892,SkillLevel892,1442004800,891,892,200001,200893,Skill
300892,MasteryLevel892,1442004900,891,892,300001,300893,Mastery
200893,SkillLevel893,1450206700,892,893,200001,200894,Skill
300893,MasteryLevel893,1450206800,892,893,300001,300894,Mastery
200894,SkillLevel894,1458408600,893,894,200001,200895,Skill
300894,MasteryLevel894,1458408700,893,894,300001,300895,Mastery
200895,SkillLevel895,1466610500,894,895,200001,200896,Skill
300895,MasteryLevel895,1466610600,894,895,300001,300896,Mastery
200896,SkillLevel896,1474812400,895,896,200001,200897,Skill
300896,MasteryLevel896,1474812500,895,896,300001,300897,Mastery
200897,SkillLevel897,1483014300,896,897,200001,200898,Skill
300897,MasteryLevel897,1483014400,896,897,300001,300898,Mastery
200898,SkillLevel898,1491216200,897,898,200001,200899,Skill
300898,MasteryLevel898,1491216300,897,898,300001,300899,Mastery
200899,SkillLevel899,1499418100,898,899,200001,200900,Skill
300899,MasteryLevel899,1499418200,898,899,300001,300900,Mastery
200900,SkillLevel900,1507620000,899,900,200001,200901,Skill
300900,MasteryLevel900,1507620100,899,900,300001,300901,Mastery
200901,SkillLevel901,1516071900,900,901,200001,200902,Skill
300901,MasteryLevel901,1516072000,900,901,300001,300902,Mastery
200902,SkillLevel902,1524523800,901,902,200001,200903,Skill
300902,MasteryLevel902,1524523900,901,902,300001,300903,Mastery
200903,SkillLevel903,1532975700,902,903,200001,200904,Skill
300903,MasteryLevel903,1532975800,902,903,300001,300904,Mastery
200904,SkillLevel904,1541427600,903,904,200001,200905,Skill
300904,MasteryLevel904,1541427700,903,904,300001,300905,Mastery
200905,SkillLevel905,1549879500,904,905,200001,200906,Skill
300905,MasteryLevel905,1549879600,904,905,300001,300906,Mastery
200906,SkillLevel906,1558331400,905,906,200001,200907,Skill
300906,MasteryLevel906,1558331500,905,906,300001,300907,Mastery
200907,SkillLevel907,1566783300,906,907,200001,200908,Skill
300907,MasteryLevel907,1566783400,906,907,300001,300908,Mastery
200908,SkillLevel908,1575235200,907,908,200001,200909,Skill
300908,MasteryLevel908,1575235300,907,908,300001,300909,Mastery
200909,SkillLevel909,1583687100,908,909,200001,200910,Skill
300909,MasteryLevel909,1583687200,908,909,300001,300910,Mastery
200910,SkillLevel910,1592139000,909,910,200001,200911,Skill
300910,MasteryLevel910,1592139100,909,910,300001,300911,Mastery
200911,SkillLevel911,1600840900,910,911,200001,200912,Skill
300911,MasteryLevel911,1600841000,910,911,300001,300912,Mastery
200912,SkillLevel912,1609542800,911,912,200001,200913,Skill
300912,MasteryLevel912,1609542900,911,912,300001,300913,Mastery
200913,SkillLevel913,1618244700,912,913,200001,200914,Skill
300913,MasteryLevel913,1618244800,912,913,300001,300914,Mastery
200914,SkillLevel914,1626946600,913,914,200001,200915,Skill
300914,MasteryLevel914,1626946700,913,914,300001,300915,Mastery
200915,SkillLevel915,1635648500,914,915,200001,200916,Skill
300915,MasteryLevel915,1635648600,914,915,300001,300916,Mastery
200916,SkillLevel916,1644350400,915,916,200001,200917,Skill
300916,MasteryLevel916,1644350500,915,916,300001,300917,Mastery
200917,SkillLevel917,1653052300,916,917,200001,200918,Skill
300917,MasteryLevel917,1653052400,916,917,300001,300918,Mastery
200918,SkillLevel918,1661754200,917,918,200001,200919,Skill
300918,MasteryLevel918,1661754300,917,918,300001,300919,Mastery
200919,SkillLevel919,1670456100,918,919,200001,200920,Skill
300919,MasteryLevel919,1670456200,918,919,300001,300920,Mastery
200920,SkillLevel920,1679158000,919,920,200001,200921,Skill
300920,MasteryLevel920,1679158100,919,920,300001,300921,Mastery
200921,SkillLevel921,1688109900,920,921,200001,200922,Skill
300921,MasteryLevel921,1688110000,920,921,300001,300922,Mastery
200922,SkillLevel922,1697061800,921,922,200001,200923,Skill
300922,MasteryLevel922,1697061900,921,922,300001,300923,Mastery
200923,SkillLevel923,1706013700,922,923,200001,200924,Skill
300923,MasteryLevel923,1706013800,922,923,300001,300924,Mastery
200924,SkillLevel924,1714965600,923,924,200001,200925,Skill
300924,MasteryLevel924,1714965700,923,924,300001,300925,Mastery
200925,SkillLevel925,1723917500,924,925,200001,200926,Skill
300925,MasteryLevel925,1723917600,924,925,300001,300926,Mastery
200926,SkillLevel926,1732869400,925,926,200001,200927,Skill
300926,MasteryLevel926,1732869500,925,926,300001,300927,Mastery
200927,SkillLevel927,1741821300,926,927,200001,200928,Skill
300927,MasteryLevel927,1741821400,926,927,300001,300928,Mastery
200928,SkillLevel928,1750773200,927,928,200001,200929,Skill
300928,MasteryLevel928,1750773300,927,928,300001,300929,Mastery
200929,SkillLevel929,1759725100,928,929,200001,200930,Skill
300929,MasteryLevel929,1759725200,928,929,300001,300930,Mastery
200930,SkillLevel930,1768677000,929,930,200001,200931,Skill
300930,MasteryLevel930,1768677100,929,930,300001,300931,Mastery
200931,SkillLevel931,1777878900,930,931,200001,200932,Skill
300931,MasteryLevel931,1777879000,930,931,300001,300932,Mastery
200932,SkillLevel932,1787080800,931,932,200001,200933,Skill
300932,MasteryLevel932,1787080900,931,932,300001,300933,Mastery
200933,SkillLevel933,1796282700,932,933,200001,200934,Skill
300933,MasteryLevel933,1796282800,932,933,300001,300934,Mastery
200934,SkillLevel934,1805484600,933,934,200001,200935,Skill
300934,MasteryLevel934,1805484700,933,934,300001,300935,Mastery
200935,SkillLevel935,1814686500,934,935,200001,200936,Skill
300935,MasteryLevel935,1814686600,934,935,300001,300936,Mastery
200936,SkillLevel936,1823888400,935,936,200001,200937,Skill
300936,MasteryLevel936,1823888500,935,936,300001,300937,Mastery
200937,SkillLevel937,1833090300,936,937,200001,200938,Skill
300937,MasteryLevel937,1833090400,936,937,300001,300938,Mastery
200938,SkillLevel938,1842292200,937,938,200001,200939,Skill
300938,MasteryLevel938,1842292300,937,938,300001,300939,Mastery
200939,SkillLevel939,1851494100,938,939,200001,200940,Skill
300939,MasteryLevel939,1851494200,938,939,300001,300940,Mastery
200940,SkillLevel940,1860696000,939,940,200001,200941,Skill
300940,MasteryLevel940,1860696100,939,940,300001,300941,Mastery
200941,SkillLevel941,1870147900,940,941,200001,200942,Skill
300941,MasteryLevel941,1870148000,940,941,300001,300942,Mastery
200942,SkillLevel942,1879599800,941,942,200001,200943,Skill
300942,MasteryLevel942,1879599900,941,942,300001,300943,Mastery
200943,SkillLevel943,1889051700,942,943,200001,200944,Skill
300943,MasteryLevel943,1889051800,942,943,300001,300944,Mastery
200944,SkillLevel944,1898503600,943,944,200001,200945,Skill
300944,MasteryLevel944,1898503700,943,944,300001,300945,Mastery
200945,SkillLevel945,1907955500,944,945,200001,200946,Skill
300945,MasteryLevel945,1907955600,944,945,300001,300946,Mastery
200946,SkillLevel946,1917407400,945,946,200001,200947,Skill
300946,MasteryLevel946,1917407500,945,946,300001,300947,Mastery
200947,SkillLevel947,1926859300,946,947,200001,200948,Skill
300947,MasteryLevel947,1926859400,946,947,300001,300948,Mastery
200948,SkillLevel948,1936311200,947,948,200001,200949,Skill
300948,MasteryLevel948,1936311300,947,948,300001,300949,Mastery
200949,SkillLevel949,1945763100,948,949,200001,200950,Skill
300949,MasteryLevel949,1945763200,948,949,300001,300950,Mastery
200950,SkillLevel950,1955215000,949,950,200001,200951,Skill
300950,MasteryLevel950,1955215100,949,950,300001,300951,Mastery
200951,SkillLevel951,1964916900,950,951,200001,200952,Skill
300951,MasteryLevel951,1964917000,950,951,300001,300952,Mastery
200952,SkillLevel952,1974618800,951,952,200001,200953,Skill
300952,MasteryLevel952,1974618900,951,952,300001,300953,Mastery
200953,SkillLevel953,1984320700,952,953,200001,200954,Skill
300953,MasteryLevel953,1984320800,952,953,300001,300954,Mastery
200954,SkillLevel954,1994022600,953,954,200001,200955,Skill
300954,MasteryLevel954,1994022700,953,954,300001,300955,Mastery
200955,SkillLevel955,2003724500,954,955,200001,200956,Skill
300955,MasteryLevel955,2003724600,954,955,300001,300956,Mastery
200956,SkillLevel956,2013426400,955,956,200001,200957,Skill
300956,MasteryLevel956,2013426500,955,956,300001,300957,Mastery
200957,SkillLevel957,2023128300,956,957,200001,200958,Skill
300957,MasteryLevel957,2023128400,956,957,300001,300958,Mastery
200958,SkillLevel958,2032830200,957,958,200001,200959,Skill
300958,MasteryLevel958,2032830300,957,958,300001,300959,Mastery
200959,SkillLevel959,2042532100,958,959,200001,200960,Skill
300959,MasteryLevel959,2042532200,958,959,300001,300960,Mastery
200960,SkillLevel960,2052234000,959,960,200001,200961,Skill
300960,MasteryLevel960,2052234100,959,960,300001,300961,Mastery
200961,SkillLevel961,2062185900,960,961,200001,200962,Skill
300961,MasteryLevel961,2062186000,960,961,300001,300962,Mastery
200962,SkillLevel962,2072137800,961,962,200001,200963,Skill
300962,MasteryLevel962,2072137900,961,962,300001,300963,Mastery
200963,SkillLevel963,2082089700,962,963,200001,200964,Skill
300963,MasteryLevel963,2082089800,962,963,300001,300964,Mastery
200964,SkillLevel964,2092041600,963,964,200001,200965,Skill
300964,MasteryLevel964,2092041700,963,964,300001,300965,Mastery
200965,SkillLevel965,2101993500,964,965,200001,200966,Skill
300965,MasteryLevel965,2101993600,964,965,300001,300966,Mastery
200966,SkillLevel966,2111945400,965,966,200001,200967,Skill
300966,MasteryLevel966,2111945500,965,966,300001,300967,Mastery
200967,SkillLevel967,2121897300,966,967,200001,200968,Skill
300967,MasteryLevel967,2121897400,966,967,300001,300968,Mastery
200968,SkillLevel968,2131849200,967,968,200001,200969,Skill
300968,MasteryLevel968,2131849300,967,968,300001,300969,Mastery
200969,SkillLevel969,2141801100,968,969,200001,200970,Skill
300969,MasteryLevel969,2141801200,968,969,300001,300970,Mastery
200970,SkillLevel970,2151753000,969,970,200001,200971,Skill
300970,MasteryLevel970,2151753100,969,970,300001,300971,Mastery
200971,SkillLevel971,2161954900,970,971,200001,200972,Skill
300971,MasteryLevel971,2161955000,970,971,300001,300972,Mastery
200972,SkillLevel972,2172156800,971,972,200001,200973,Skill
300972,MasteryLevel972,2172156900,971,972,300001,300973,Mastery
200973,SkillLevel973,2182358700,972,973,200001,200974,Skill
300973,MasteryLevel973,2182358800,972,973,300001,300974,Mastery
200974,SkillLevel974,2192560600,973,974,200001,200975,Skill
300974,MasteryLevel974,2192560700,973,974,300001,300975,Mastery
200975,SkillLevel975,2202762500,974,975,200001,200976,Skill
300975,MasteryLevel975,2202762600,974,975,300001,300976,Mastery
200976,SkillLevel976,2212964400,975,976,200001,200977,Skill
300976,MasteryLevel976,2212964500,975,976,300001,300977,Mastery
200977,SkillLevel977,2223166300,976,977,200001,200978,Skill
300977,MasteryLevel977,2223166400,976,977,300001,300978,Mastery
200978,SkillLevel978,2233368200,977,978,200001,200979,Skill
300978,MasteryLevel978,2233368300,977,978,300001,300979,Mastery
200979,SkillLevel979,2243570100,978,979,200001,200980,Skill
300979,MasteryLevel979,2243570200,978,979,300001,300980,Mastery
200980,SkillLevel980,2253772000,979,980,200001,200981,Skill
300980,MasteryLevel980,2253772100,979,980,300001,300981,Mastery
200981,SkillLevel981,2264223900,980,981,200001,200982,Skill
300981,MasteryLevel981,2264224000,980,981,300001,300982,Mastery
200982,SkillLevel982,2274675800,981,982,200001,200983,Skill
300982,MasteryLevel982,2274675900,981,982,300001,300983,Mastery
200983,SkillLevel983,2285127700,982,983,200001,200984,Skill
300983,MasteryLevel983,2285127800,982,983,300001,300984,Mastery
200984,SkillLevel984,2295579600,983,984,200001,200985,Skill
300984,MasteryLevel984,2295579700,983,984,300001,300985,Mastery
200985,SkillLevel985,2306031500,984,985,200001,200986,Skill
300985,MasteryLevel985,2306031600,984,985,300001,300986,Mastery
200986,SkillLevel986,2316483400,985,986,200001,200987,Skill
300986,MasteryLevel986,2316483500,985,986,300001,300987,Mastery
200987,SkillLevel987,2326935300,986,987,200001,200988,Skill
300987,MasteryLevel987,2326935400,986,987,300001,300988,Mastery
200988,SkillLevel988,2337387200,987,988,200001,200989,Skill
300988,MasteryLevel988,2337387300,987,988,300001,300989,Mastery
200989,SkillLevel989,2347839100,988,989,200001,200990,Skill
300989,MasteryLevel989,2347839200,988,989,300001,300990,Mastery
200990,SkillLevel990,2358291000,989,990,200001,200991,Skill
300990,MasteryLevel990,2358291100,989,990,300001,300991,Mastery
200991,SkillLevel991,2368992900,990,991,200001,200992,Skill
300991,MasteryLevel991,2368993000,990,991,300001,300992,Mastery
200992,SkillLevel992,2379694800,991,992,200001,200993,Skill
300992,MasteryLevel992,2379694900,991,992,300001,300993,Mastery
200993,SkillLevel993,2390396700,992,993,200001,200994,Skill
300993,MasteryLevel993,2390396800,992,993,300001,300994,Mastery
200994,SkillLevel994,2401098600,993,994,200001,200995,Skill
300994,MasteryLevel994,2401098700,993,994,300001,300995,Mastery
200995,SkillLevel995,2411800500,994,995,200001,200996,Skill
300995,MasteryLevel995,2411800600,994,995,300001,300996,Mastery
200996,SkillLevel996,2422502400,995,996,200001,200997,Skill
300996,MasteryLevel996,2422502500,995,996,300001,300997,Mastery
200997,SkillLevel997,2433204300,996,997,200001,200998,Skill
300997,MasteryLevel997,2433204400,996,997,300001,300998,Mastery
200998,SkillLevel998,2443906200,997,998,200001,200999,Skill
300998,MasteryLevel998,2443906300,997,998,300001,300999,Mastery
200999,SkillLevel999,2454608100,998,999,200001,201000,Skill
300999,MasteryLevel999,2454608200,998,999,300001,301000,Mastery
201000,SkillLevel1000,2465310000,999,1000,200001,,Skill
301000,MasteryLevel1000,2465310100,999,1000,300001,,Mastery
